// Generated by scripts/bake-w98-icons.mjs. Do not edit by hand.
//
// The D4 menu icons: Windows 98 shell icons at their native size, with the
// integer factor that takes each up to the 144 px tile box. icons.c scales
// by nearest neighbour, so the original pixels survive - these are pixel
// art, and an interpolating resampler destroys the thing worth keeping.
//
// Source: https://github.com/trapd00r/win95-winxp_icons
// Commit: 728a866ad59a54fd4082dbe000e1e62e50bd90e9
//
// The artwork is Microsoft's and is not covered by this repository's MIT
// grant. See THIRD_PARTY_NOTICES.md.
//
// SPDX-FileCopyrightText: Microsoft Corporation
// SPDX-License-Identifier: LicenseRef-Microsoft-Proprietary
#ifndef P4_ICONS_W98_H
#define P4_ICONS_W98_H

#include <stdint.h>

#define W98_BOX 144
#define W98_COUNT 7
#define W98_MENU_COUNT 6   /* the last entry is the battery */

typedef struct {
  const char *name;      /* source file in the archive */
  uint8_t n;             /* native edge, 32 or 48 */
  uint8_t scale;         /* integer factor up to the tile box */
  const uint16_t *rgb;   /* n*n RGB565 */
  const uint8_t *alpha;  /* n*n, 0 or 255 - the ICO mask is 1 bit */
} w98_icon_t;

/* MODE - w98_multimedia.ico, 48x48 at best bpp, drawn at 3x.
 * Film reels and a slide. Says "several frames", and does not collide with ROLL the way a second camera body would. */
static const uint16_t W98_MODE_RGB[48 * 48] = {
    0x0000, 0x0000, 0x0000, 0x0000, 0x0000, 0x0000, 0x0000, 0x0000, 0x0000, 0x0000, 0x0000, 0x0000, 0x0000, 0x0000, 0x0000, 0x0000, 0x0000, 0x0000, 0x0000, 0x0000, 0x0000, 0x0000, 0x0000, 0x0000, 0x0000, 0x0000, 0x0000, 0x0000, 0x0000, 0x0000, 0x0000, 0x0000, 0x0000, 0x0000, 0x0000, 0x0000, 0x0000, 0x0000, 0x0000, 0x0000, 0x0000, 0x0000, 0x0000, 0x0000, 0x0000, 0x0000, 0x0000, 0x0000,
    0x0000, 0x0000, 0x0000, 0x0000, 0x0000, 0x0000, 0x0000, 0x0000, 0x0020, 0x0020, 0x0020, 0x0020, 0x0020, 0x0020, 0x0000, 0x0000, 0x0000, 0x0000, 0x0000, 0x0000, 0x0000, 0x0000, 0x0000, 0x0000, 0x0000, 0x0000, 0x0020, 0x0020, 0x0020, 0x0020, 0x0020, 0x0020, 0x0020, 0x0020, 0x0020, 0x0000, 0x0000, 0x0000, 0x0000, 0x0000, 0x0000, 0x0000, 0x0000, 0x0000, 0x0000, 0x0000, 0x0000, 0x0000,
    0x0000, 0x0000, 0x0000, 0x0000, 0x0000, 0x0000, 0x0020, 0x0020, 0x8430, 0xc618, 0x0020, 0xffff, 0xc618, 0x0020, 0x0000, 0x0000, 0x0000, 0x0000, 0x0000, 0x0000, 0x0000, 0x0000, 0x0000, 0x0000, 0x0020, 0x0020, 0x0020, 0xffff, 0xc618, 0x0020, 0xffff, 0xc618, 0x0020, 0xffff, 0xc618, 0x0020, 0x0000, 0x0000, 0x0000, 0x0000, 0x0000, 0x0000, 0x0000, 0x0000, 0x0000, 0x0000, 0x0000, 0x0000,
    0x0000, 0x0000, 0x0000, 0x0000, 0x0000, 0x0020, 0x8430, 0x0020, 0xb596, 0x8430, 0x0020, 0xc618, 0x8430, 0x0020, 0x0000, 0x0000, 0x0000, 0x0000, 0x0000, 0x0000, 0x0000, 0x0000, 0x0000, 0x0020, 0x0020, 0xc618, 0x0020, 0xc618, 0x8430, 0x0020, 0xc618, 0x8430, 0x0020, 0xc618, 0x8430, 0x0020, 0x0020, 0x0000, 0x0000, 0x0000, 0x0000, 0x0000, 0x0000, 0x0000, 0x0000, 0x0000, 0x0000, 0x0000,
    0x0000, 0x0000, 0x0000, 0x0000, 0x0020, 0x8430, 0xffff, 0x0020, 0x0020, 0x0020, 0x0020, 0x0020, 0x0020, 0x0020, 0x0000, 0x0000, 0x0000, 0x0000, 0x0000, 0x0000, 0x0000, 0x0000, 0x0020, 0x0020, 0xffff, 0xc618, 0x0020, 0x0020, 0x0020, 0x0020, 0x0020, 0x0020, 0x0020, 0x0020, 0x0020, 0xffff, 0x0020, 0x0000, 0x0000, 0x0000, 0x0000, 0x0000, 0x0000, 0x0000, 0x0000, 0x0000, 0x0000, 0x0000,
    0x0000, 0x0000, 0x0000, 0x0020, 0x0020, 0x0020, 0x0020, 0x0020, 0x632c, 0x8430, 0x632c, 0x8430, 0x73ae, 0x0020, 0x0000, 0x0000, 0x0000, 0x0000, 0x0000, 0x0000, 0x0000, 0x0020, 0x0020, 0x0020, 0x0020, 0x0020, 0x8430, 0x632c, 0x8430, 0x73ae, 0x9cd3, 0xc618, 0xc618, 0x8430, 0x0020, 0x0020, 0x0020, 0x0020, 0x0000, 0x0000, 0x0000, 0x0000, 0x0000, 0x0000, 0x0000, 0x0000, 0x0000, 0x0000,
    0x0000, 0x0000, 0x0000, 0x0020, 0xffff, 0xc618, 0x0020, 0x4a69, 0x632c, 0x632c, 0x73ae, 0x8430, 0x8430, 0x0020, 0x0000, 0x0000, 0x0000, 0x0000, 0x0000, 0x0000, 0x0020, 0x0020, 0xffff, 0x0020, 0x0020, 0x8430, 0x0020, 0x632c, 0x8430, 0x9cd3, 0x9cd3, 0xc618, 0xdefb, 0xb596, 0x8430, 0x0020, 0xc618, 0x0020, 0x0000, 0x0000, 0x0000, 0x0000, 0x0000, 0x0000, 0x0000, 0x0000, 0x0000, 0x0000,
    0x0000, 0x0000, 0x0000, 0x0020, 0xc618, 0x0020, 0x0020, 0x632c, 0x632c, 0x8430, 0x632c, 0x73ae, 0x8430, 0x0020, 0x0000, 0x0000, 0x0000, 0x0000, 0x0000, 0x0020, 0x0020, 0xffff, 0xc618, 0x0020, 0x8430, 0x0020, 0x0020, 0x632c, 0x73ae, 0x8430, 0x9cd3, 0xb596, 0xdefb, 0xc618, 0xc618, 0x0020, 0x0020, 0x0020, 0x0000, 0x0000, 0x0000, 0x0000, 0x0000, 0x0000, 0x0000, 0x0000, 0x0000, 0x0000,
    0x0000, 0x0000, 0x0020, 0x0020, 0x0020, 0x0020, 0x4a69, 0x4a69, 0x632c, 0x632c, 0x73ae, 0x8430, 0x8430, 0x0020, 0x0000, 0x0000, 0x0000, 0x0000, 0x0020, 0x0020, 0x0020, 0x8430, 0x0020, 0x4a69, 0x0020, 0x0020, 0x0020, 0x632c, 0x8430, 0x9cd3, 0x9cd3, 0xc618, 0xdefb, 0xc618, 0xc618, 0x0020, 0x0020, 0x0020, 0x0000, 0x0000, 0x0000, 0x0000, 0x0000, 0x0000, 0x0000, 0x0000, 0x0000, 0x0000,
    0x0000, 0x0000, 0x0020, 0xffff, 0xc618, 0x0020, 0x4a69, 0x632c, 0x632c, 0x8430, 0x632c, 0x8430, 0x73ae, 0x0020, 0x0000, 0x0000, 0x0000, 0x0020, 0x0020, 0xffff, 0x0020, 0x0020, 0x8430, 0x4a69, 0x0020, 0x0020, 0x0020, 0x632c, 0x73ae, 0x8430, 0x9cd3, 0xc618, 0xdefb, 0xb596, 0xc618, 0x0020, 0x0020, 0x0020, 0x0000, 0x0000, 0x0000, 0x0000, 0x0000, 0x0000, 0x0000, 0x0000, 0x0000, 0x0000,
    0x0000, 0x0000, 0x0020, 0xc618, 0x8430, 0x0020, 0x4a69, 0x4a69, 0x632c, 0x632c, 0x73ae, 0x8430, 0x8430, 0x0020, 0x0000, 0x0000, 0x0020, 0x0020, 0xffff, 0xc618, 0x0020, 0x9cd3, 0x73ae, 0x52aa, 0x0020, 0xc618, 0x0020, 0x632c, 0x8430, 0x94b2, 0x9cd3, 0xc618, 0xdefb, 0xc618, 0x0020, 0xc618, 0x0020, 0x0020, 0x0000, 0x0000, 0x0000, 0x0000, 0x0000, 0x0000, 0x0000, 0x0000, 0x0000, 0x0000,
    0x0000, 0x0000, 0x0020, 0x0020, 0x0020, 0x0020, 0x4a69, 0x632c, 0x632c, 0x8430, 0x632c, 0x73ae, 0x8430, 0x0020, 0x0000, 0x0020, 0x0020, 0x0020, 0x8430, 0x0020, 0xc618, 0x9cd3, 0x8430, 0x4a69, 0x0020, 0xc618, 0x0020, 0x0020, 0x0020, 0x8430, 0x9cd3, 0xb596, 0xdefb, 0x0020, 0x0020, 0x0020, 0x0020, 0x0020, 0x0000, 0x0000, 0x0000, 0x0000, 0x0000, 0x0000, 0x0000, 0x0000, 0x0000, 0x0000,
    0x0000, 0x0000, 0x0020, 0x0020, 0x0020, 0x0020, 0x4a69, 0x4a69, 0x632c, 0x632c, 0x73ae, 0x8430, 0x8430, 0x0020, 0x0020, 0x0020, 0xffff, 0x0020, 0x0020, 0xdefb, 0xc618, 0x9cd3, 0x73ae, 0x4a69, 0x0020, 0x0020, 0x0020, 0xffff, 0xc618, 0x0020, 0x0020, 0x0020, 0x0020, 0xffff, 0xc618, 0x0020, 0x0020, 0x0020, 0x0000, 0x0000, 0x0000, 0x0000, 0x0000, 0x0000, 0x0000, 0x0000, 0x0000, 0x0000,
    0x0000, 0x0000, 0x0020, 0xffff, 0xc618, 0x0020, 0x4a69, 0x632c, 0x632c, 0x8430, 0x632c, 0x8430, 0x0020, 0x0020, 0x0020, 0x0020, 0xc618, 0x0020, 0xc618, 0xdefb, 0xb596, 0x9cd3, 0x8430, 0x4a69, 0x0020, 0x0020, 0x0020, 0xc618, 0x8430, 0x0020, 0xffff, 0xc618, 0x0020, 0xc618, 0x8430, 0x0020, 0x0020, 0x0020, 0x0000, 0x0000, 0x0000, 0x0000, 0x0000, 0x0000, 0x0000, 0x0000, 0x0000, 0x0000,
    0x0000, 0x0000, 0x0020, 0xc618, 0xc618, 0x0020, 0x0020, 0x4a69, 0x632c, 0x632c, 0x73ae, 0x0020, 0xffff, 0xc618, 0x0020, 0x0020, 0x0020, 0x9cd3, 0xb596, 0xdefb, 0xc618, 0x9cd3, 0x8430, 0x4a69, 0x0020, 0xffff, 0xc618, 0x0020, 0x0020, 0x0020, 0xc618, 0x8430, 0x0020, 0x0020, 0x0020, 0x8430, 0x73ae, 0x0020, 0x0000, 0x0000, 0x0000, 0x0000, 0x0000, 0x0000, 0x0000, 0x0000, 0x0000, 0x0000,
    0x0000, 0x0000, 0x9cc0, 0x0020, 0xc618, 0x0020, 0x0020, 0x0020, 0x0020, 0x0020, 0x0020, 0x0020, 0xc618, 0xc618, 0x0020, 0x0020, 0x8430, 0x9cd3, 0xc618, 0xdefb, 0xc618, 0x9cd3, 0x73ae, 0x4a69, 0x0020, 0xffff, 0xfff3, 0xffff, 0xc618, 0x0020, 0x0020, 0x0020, 0x0020, 0x73ae, 0x8430, 0x73ae, 0x73ae, 0x0020, 0x0000, 0x0000, 0x0000, 0x0000, 0x0000, 0x0000, 0x0000, 0x0000, 0x0000, 0x0000,
    0x0000, 0x0000, 0x9cc0, 0x0020, 0x8430, 0x0020, 0xffff, 0xc618, 0x0020, 0xffff, 0xc618, 0x0020, 0x0020, 0x0020, 0x0020, 0x52aa, 0x73ae, 0x9cd3, 0xc618, 0xdefb, 0xc618, 0x9cd3, 0x8430, 0x4a69, 0x0020, 0xffff, 0xffff, 0xfff3, 0xfff3, 0xdefb, 0xfff3, 0xdefb, 0xc618, 0xc618, 0x9cd3, 0x73ae, 0x73ae, 0x0020, 0x0000, 0x0000, 0x0000, 0x0000, 0x0000, 0x0000, 0x0000, 0x0000, 0x0000, 0x0000,
    0x0000, 0x0000, 0x9cc0, 0xffec, 0x0020, 0x0020, 0xc618, 0xc618, 0x0020, 0xc618, 0xc618, 0x0020, 0x0020, 0x4a69, 0x0020, 0x4a69, 0x8430, 0x9cd3, 0xc618, 0xdefb, 0xb596, 0x9cd3, 0x8430, 0x4a69, 0x0020, 0xffff, 0xfff3, 0xffff, 0xfff3, 0xfff3, 0xdefb, 0xd6ba, 0xdefb, 0xc618, 0x9cd3, 0x8430, 0x73ae, 0x0020, 0x0000, 0x0000, 0x0000, 0x0000, 0x0000, 0x0000, 0x0000, 0x0000, 0x0000, 0x0000,
    0x0000, 0x0000, 0x9cc0, 0xffec, 0xfe6c, 0x0020, 0x0020, 0x0020, 0x0020, 0x0020, 0x0020, 0x0020, 0x8430, 0x4a69, 0x0020, 0x4a69, 0x73ae, 0x9cd3, 0xc618, 0xdefb, 0xc618, 0x9cd3, 0x73ae, 0x52aa, 0x0020, 0xffff, 0xffff, 0xfff3, 0xfff3, 0xdefb, 0xfff3, 0xdefb, 0xb596, 0xc618, 0x9cd3, 0x73ae, 0x73ae, 0x0020, 0x0000, 0x0000, 0x0000, 0x0000, 0x0000, 0x0000, 0x0000, 0x0000, 0x0000, 0x0000,
    0x0000, 0x0000, 0x9cc0, 0xfe6c, 0xffec, 0xfff3, 0xfff3, 0xffff, 0xffff, 0xdefb, 0xc618, 0x9cd3, 0x73ae, 0x4a69, 0x0020, 0x4a69, 0x8430, 0x9cd3, 0xb596, 0xdefb, 0xc618, 0x9cd3, 0x8430, 0x4a69, 0x0020, 0xffff, 0xfff3, 0xffff, 0xfff3, 0xfff3, 0xdefb, 0xdefb, 0xdefb, 0xc618, 0x9cd3, 0x8430, 0x73ae, 0x0020, 0x0000, 0x0000, 0x0000, 0x0000, 0x0000, 0x0000, 0x0000, 0x0000, 0x0000, 0x0000,
    0x0000, 0x0000, 0x9cc0, 0xffec, 0xfff3, 0xfff3, 0xffff, 0xfff3, 0xffff, 0xdefb, 0xc618, 0x9cd3, 0x8430, 0x4a69, 0x0020, 0x4a69, 0x8430, 0x9cd3, 0xc618, 0xdefb, 0xc618, 0x9cd3, 0x73ae, 0x0020, 0x0020, 0xffff, 0xffff, 0xfff3, 0xfff3, 0xd6ba, 0xfff3, 0xdefb, 0xc618, 0xc618, 0x9cd3, 0x73ae, 0x73ae, 0x0020, 0x0000, 0x0000, 0x0000, 0x0000, 0x0000, 0x0000, 0x0000, 0x0000, 0x0000, 0x0000,
    0x0000, 0x0000, 0x9cc0, 0xffec, 0xfe6c, 0xfff3, 0xfe73, 0xffff, 0xffff, 0xdefb, 0xb596, 0x9cd3, 0x8430, 0x4a69, 0x0020, 0x4a69, 0x73ae, 0x9cd3, 0xc618, 0xdefb, 0xb596, 0x9cd3, 0x0020, 0x0020, 0x0020, 0xffff, 0xfff3, 0xffff, 0xfff3, 0xfff3, 0xd6ba, 0xd6ba, 0xdefb, 0xb596, 0x9cd3, 0x8430, 0x73ae, 0x0020, 0x0000, 0x0000, 0x0000, 0x0000, 0x0000, 0x0000, 0x0000, 0x0000, 0x0000, 0x0000,
    0x0000, 0x0000, 0x9cc0, 0xffec, 0xfff3, 0xfff3, 0xffff, 0xfff3, 0xffff, 0xdefb, 0xc618, 0x9cd3, 0x73ae, 0x4a69, 0x0020, 0x4a69, 0x8430, 0x9cd3, 0xc618, 0xdefb, 0xc618, 0x0020, 0xffff, 0x0020, 0x0020, 0xffff, 0xffff, 0xfff3, 0xfff3, 0xdefb, 0xfff3, 0xd6ba, 0xc618, 0xc618, 0x9cd3, 0x73ae, 0x73ae, 0x0020, 0x0000, 0x0000, 0x0000, 0x0000, 0x0000, 0x0000, 0x0000, 0x0000, 0x0000, 0x0000,
    0x0000, 0x0000, 0x9cc0, 0xfe6c, 0xffec, 0xfe73, 0xfff3, 0xffff, 0xffff, 0xdefb, 0xc618, 0x9cd3, 0x8430, 0x4a69, 0x0020, 0x4a69, 0x8430, 0x9cd3, 0xb596, 0xdefb, 0x0020, 0xffff, 0xc618, 0x0020, 0x0020, 0xffff, 0xfff3, 0xffff, 0xfff3, 0xfff3, 0xd6ba, 0xdefb, 0xdefb, 0xc618, 0x9cd3, 0x8430, 0x73ae, 0x0020, 0x0000, 0x0000, 0x0000, 0x0000, 0x0000, 0x0000, 0x0000, 0x0000, 0x0000, 0x0000,
    0x0000, 0x0000, 0x9cc0, 0xffec, 0xfff3, 0xfff3, 0xffff, 0xfff3, 0xffff, 0xdefb, 0xc618, 0x9cd3, 0x8430, 0x4a69, 0x0020, 0x4a69, 0x73ae, 0x9cd3, 0xc618, 0x0020, 0x0020, 0x8430, 0x8430, 0x0020, 0x0020, 0xffff, 0xffff, 0xfff3, 0xfff3, 0xdefb, 0xfff3, 0xdefb, 0xc618, 0xc618, 0x9cd3, 0x73ae, 0x73ae, 0x0020, 0x0000, 0x0000, 0x0000, 0x0000, 0x0000, 0x0000, 0x0000, 0x0000, 0x0000, 0x0000,
    0x0000, 0x0000, 0x9cc0, 0xffec, 0xfe6c, 0xfff3, 0xfff3, 0xffff, 0xffff, 0xdefb, 0xb596, 0x9cd3, 0x73ae, 0x4a69, 0x0020, 0x4a69, 0x8430, 0x9cd3, 0x0020, 0xffff, 0x0020, 0x4a69, 0x0020, 0x0000, 0x0020, 0xc618, 0xfff3, 0xffff, 0xfff3, 0xfff3, 0xd6ba, 0xd6ba, 0xdefb, 0xb596, 0x9cd3, 0x8430, 0x73ae, 0x0020, 0x0000, 0x0000, 0x0000, 0x0000, 0x0000, 0x0000, 0x0000, 0x0000, 0x0000, 0x0000,
    0x0000, 0x0000, 0x0020, 0xffec, 0xfff3, 0xfe73, 0xffff, 0xfff3, 0xffff, 0xdefb, 0xc618, 0x9cd3, 0x8430, 0x4a69, 0x0020, 0x4a69, 0x8430, 0x0020, 0xffff, 0xc618, 0x0020, 0x0020, 0x0000, 0x0000, 0x0020, 0x0020, 0x0020, 0xc618, 0xfff3, 0xdefb, 0xfff3, 0xdefb, 0xc618, 0x0010, 0x0010, 0x0010, 0x0010, 0x0010, 0x0010, 0x0010, 0x0010, 0x0010, 0x0000, 0x0000, 0x0000, 0x0000, 0x0000, 0x0000,
    0x0000, 0x0000, 0x0020, 0xffec, 0xfe6c, 0xfff3, 0xfff3, 0xffff, 0xffff, 0xdefb, 0xc618, 0x9cd3, 0x8430, 0x4a69, 0x0020, 0x4a69, 0x0020, 0x0020, 0x8430, 0x0020, 0x0020, 0x0000, 0x0000, 0x0000, 0x0020, 0x0020, 0xffff, 0x0020, 0x0020, 0x0020, 0x0020, 0x0020, 0x0020, 0x0010, 0x0010, 0x0010, 0x0010, 0x0010, 0x0010, 0x0010, 0x0010, 0x0010, 0x0000, 0x0000, 0x0000, 0x0000, 0x0000, 0x0000,
    0x0000, 0x0000, 0x8430, 0x0020, 0x0020, 0xfff3, 0xffff, 0xfff3, 0xffff, 0xdefb, 0xc618, 0x9cd3, 0x73ae, 0x4a69, 0x0020, 0x0020, 0xffff, 0x0020, 0x4a69, 0x0020, 0x0000, 0x0000, 0x0000, 0x0000, 0x0020, 0x0020, 0xc618, 0xc618, 0x0020, 0xffff, 0xc618, 0x0020, 0xffff, 0x0010, 0x000c, 0x300c, 0x000c, 0x300c, 0x000c, 0x300c, 0x000c, 0x0010, 0x0000, 0x0000, 0x0000, 0x0000, 0x0000, 0x0000,
    0x0000, 0x0000, 0x8430, 0xffff, 0xc618, 0x0020, 0xfff3, 0xffff, 0xffff, 0xdefb, 0xb596, 0x9cd3, 0x8430, 0x4a69, 0x0020, 0x0020, 0xc618, 0x0020, 0x0020, 0x0000, 0x0000, 0x0000, 0x0000, 0x0000, 0x0000, 0x0020, 0x0020, 0x8430, 0x0020, 0xc618, 0x8430, 0x0020, 0xc618, 0x0010, 0x300c, 0xffde, 0x0000, 0x0000, 0x0000, 0x0000, 0x0000, 0x0010, 0x0000, 0x0000, 0x0000, 0x0000, 0x0000, 0x0000,
    0x0000, 0x0000, 0x8430, 0xc618, 0xc618, 0x0020, 0x0020, 0x0020, 0x0020, 0x0020, 0x0020, 0x0020, 0x0020, 0x0020, 0x0020, 0x0020, 0x0020, 0x0020, 0x0000, 0x0000, 0x0000, 0x0000, 0x0000, 0x0000, 0x0000, 0x0000, 0x0000, 0x0020, 0x0020, 0x0020, 0x0020, 0x0020, 0x0020, 0x0010, 0x000c, 0x0000, 0x0000, 0x0000, 0x0000, 0x0000, 0x0000, 0x0010, 0x0000, 0x0000, 0x0000, 0x0000, 0x0000, 0x0000,
    0x0000, 0x0000, 0x0000, 0x0020, 0x8430, 0x0020, 0xffff, 0xc618, 0x0020, 0xffff, 0xc618, 0x0020, 0xffff, 0xc618, 0x0020, 0x0020, 0x0020, 0x0000, 0x0000, 0x0000, 0x0000, 0x0000, 0x0000, 0x0000, 0x0000, 0x0000, 0x0000, 0x0000, 0x0000, 0x0000, 0x0000, 0x0000, 0x0000, 0x0010, 0x300c, 0x0000, 0x0000, 0x0000, 0x0000, 0x0000, 0x0000, 0x0010, 0x0000, 0x0000, 0x0000, 0x0000, 0x0000, 0x0000,
    0x0000, 0x0000, 0x0000, 0x0000, 0x0020, 0x0020, 0xc618, 0x8430, 0x0020, 0xc618, 0x8430, 0x0020, 0xc618, 0x8430, 0x0020, 0x0020, 0x0000, 0x0000, 0x0020, 0x0020, 0x0020, 0x0020, 0x0020, 0x0020, 0x0020, 0x0020, 0x0020, 0x0020, 0x0020, 0x0020, 0x0020, 0x0020, 0x0020, 0x0010, 0x000c, 0x0020, 0x0020, 0x0020, 0x0020, 0x0020, 0x0020, 0x0010, 0x0020, 0x0020, 0x0020, 0x9cd3, 0x0000, 0x0000,
    0x0000, 0x0000, 0x0000, 0x0000, 0x0000, 0x0000, 0x0020, 0x0020, 0x0020, 0x0020, 0x0020, 0x0020, 0x0020, 0x0020, 0x0000, 0x0000, 0x0000, 0x0000, 0x0020, 0x9cd3, 0x9cd3, 0x9cd3, 0x9cd3, 0x9cd3, 0x9cd3, 0x9cd3, 0x9cd3, 0x9cd3, 0x9cd3, 0x9cd3, 0x9cd3, 0x9cd3, 0x9cd3, 0x0010, 0x300c, 0x9cd3, 0x9cd3, 0x9cd3, 0x9cd3, 0x9cd3, 0x9cd3, 0x0010, 0x9cd3, 0x9cd3, 0x0020, 0x9cd3, 0x0000, 0x0000,
    0x0000, 0x0000, 0x0000, 0x0000, 0x0000, 0x0000, 0x0000, 0x0000, 0x0000, 0x0000, 0x0000, 0x0000, 0x0000, 0x0000, 0x0000, 0x0000, 0x0000, 0x0000, 0x0020, 0x9cd3, 0xffff, 0xffff, 0xffff, 0xffff, 0xffff, 0xffff, 0x0010, 0xffff, 0xffff, 0xffff, 0xffff, 0xffff, 0xffff, 0x0010, 0x000c, 0xffde, 0xffff, 0xffff, 0xffff, 0xffff, 0xffff, 0x0010, 0xffff, 0xffff, 0x0020, 0x9cd3, 0x0000, 0x0000,
    0x0000, 0x0000, 0x0000, 0x0000, 0x0000, 0x0000, 0x0000, 0x0000, 0x0000, 0x0000, 0x0000, 0x0000, 0x0000, 0x0000, 0x0000, 0x0000, 0x0000, 0x0000, 0x0020, 0x0020, 0x0020, 0x0020, 0x0020, 0x0020, 0x0020, 0x0020, 0x0010, 0x0020, 0x0020, 0x0020, 0x0020, 0x0020, 0x0010, 0x0010, 0x300c, 0x0020, 0x0020, 0x0020, 0x0020, 0x0010, 0x0010, 0x0010, 0x0020, 0x0020, 0x0020, 0x9cd3, 0x0000, 0x0000,
    0x0000, 0x0000, 0x0000, 0x0000, 0x0000, 0x0000, 0x0000, 0x0000, 0x0000, 0x0000, 0x0000, 0x0000, 0x0000, 0x0000, 0x0000, 0x0000, 0x0000, 0x0000, 0x0020, 0x9cd3, 0x9cd3, 0x9cd3, 0x9cd3, 0x9cd3, 0x9cd3, 0x9cd3, 0x0010, 0x9cd3, 0x9cd3, 0x9cd3, 0x9cd3, 0x0010, 0x0010, 0x0010, 0x000c, 0x9cd3, 0x9cd3, 0x9cd3, 0x0010, 0x0010, 0x0010, 0x0010, 0x9cd3, 0x9cd3, 0x0020, 0x9cd3, 0x0000, 0x0000,
    0x0000, 0x0000, 0x0000, 0x0000, 0x0000, 0x0000, 0x0000, 0x0000, 0x0000, 0x0000, 0x0000, 0x0000, 0x0000, 0x0000, 0x0000, 0x0000, 0x0000, 0x0000, 0x0020, 0x9cd3, 0xffff, 0xffff, 0xffff, 0xffff, 0xffff, 0xffff, 0x0010, 0xffff, 0xffff, 0xffff, 0x0010, 0x0010, 0x0010, 0x0010, 0x300c, 0xffde, 0xffff, 0xffff, 0x0010, 0x0010, 0x0010, 0x0010, 0xffff, 0xffff, 0x0020, 0x9cd3, 0x0000, 0x0000,
    0x0000, 0x0000, 0x0000, 0x0000, 0x0000, 0x0000, 0x0000, 0x0000, 0x0000, 0x0000, 0x0000, 0x0000, 0x0000, 0x0000, 0x0000, 0x0000, 0x0000, 0x0000, 0x0020, 0x0020, 0x0020, 0x0020, 0x0020, 0x0020, 0x0020, 0x0020, 0x0010, 0x0020, 0x0020, 0x0020, 0x0020, 0x0010, 0x0010, 0x0010, 0x0020, 0x0020, 0x0020, 0x0020, 0x0020, 0x0010, 0x0010, 0x0020, 0x0020, 0x0020, 0x0020, 0x9cd3, 0x0000, 0x0000,
    0x0000, 0x0000, 0x0000, 0x0000, 0x0000, 0x0000, 0x0000, 0x0000, 0x0000, 0x0000, 0x0000, 0x0000, 0x0000, 0x0000, 0x0000, 0x0000, 0x0000, 0x0000, 0x0020, 0x9cd3, 0x9cd3, 0x9cd3, 0x9cd3, 0x9cd3, 0x9cd3, 0x9cd3, 0x0010, 0x9cd3, 0x9cd3, 0x9cd3, 0x9cd3, 0x9cd3, 0x9cd3, 0x9cd3, 0x9cd3, 0x9cd3, 0x9cd3, 0x9cd3, 0x9cd3, 0x9cd3, 0x9cd3, 0x9cd3, 0x9cd3, 0x9cd3, 0x0020, 0x9cd3, 0x0000, 0x0000,
    0x0000, 0x0000, 0x0000, 0x0000, 0x0000, 0x0000, 0x0000, 0x0000, 0x0000, 0x0000, 0x0000, 0x0000, 0x0000, 0x0000, 0x0000, 0x0000, 0x0000, 0x0000, 0x0020, 0x9cd3, 0xffff, 0xffff, 0xffff, 0xffff, 0xffff, 0xffff, 0x0010, 0xffff, 0xffff, 0xffff, 0xffff, 0xffff, 0xffff, 0xffff, 0xffff, 0xffff, 0xffff, 0xffff, 0xffff, 0xffff, 0xffff, 0xffff, 0xffff, 0xffff, 0x0020, 0x9cd3, 0x0000, 0x0000,
    0x0000, 0x0000, 0x0000, 0x0000, 0x0000, 0x0000, 0x0000, 0x0000, 0x0000, 0x0000, 0x0000, 0x0000, 0x0000, 0x0000, 0x0000, 0x0000, 0x0000, 0x0000, 0x0020, 0x0020, 0x0020, 0x0020, 0x0020, 0x0020, 0x0010, 0x0010, 0x0010, 0x0020, 0x0020, 0x0020, 0x0020, 0x0020, 0x0020, 0x0020, 0x0020, 0x0020, 0x0020, 0x0020, 0x0020, 0x0020, 0x0020, 0x0020, 0x0020, 0x0020, 0x0020, 0x9cd3, 0x0000, 0x0000,
    0x0000, 0x0000, 0x0000, 0x0000, 0x0000, 0x0000, 0x0000, 0x0000, 0x0000, 0x0000, 0x0000, 0x0000, 0x0000, 0x0000, 0x0000, 0x0000, 0x0000, 0x0000, 0x9cd3, 0x9cd3, 0x9cd3, 0x9cd3, 0x9cd3, 0x0010, 0x0010, 0x0010, 0x0010, 0x9cd3, 0x9cd3, 0x9cd3, 0x9cd3, 0x9cd3, 0x9cd3, 0x9cd3, 0x9cd3, 0x9cd3, 0x9cd3, 0x9cd3, 0x9cd3, 0x9cd3, 0x9cd3, 0x9cd3, 0x9cd3, 0x9cd3, 0x9cd3, 0x9cd3, 0x0000, 0x0000,
    0x0000, 0x0000, 0x0000, 0x0000, 0x0000, 0x0000, 0x0000, 0x0000, 0x0000, 0x0000, 0x0000, 0x0000, 0x0000, 0x0000, 0x0000, 0x0000, 0x0000, 0x0000, 0x0000, 0x0000, 0x0000, 0x0000, 0x0010, 0x0010, 0x0010, 0x0010, 0x0010, 0x0000, 0x0000, 0x0000, 0x0000, 0x0000, 0x0000, 0x0000, 0x0000, 0x0000, 0x0000, 0x0000, 0x0000, 0x0000, 0x0000, 0x0000, 0x0000, 0x0000, 0x0000, 0x0000, 0x0000, 0x0000,
    0x0000, 0x0000, 0x0000, 0x0000, 0x0000, 0x0000, 0x0000, 0x0000, 0x0000, 0x0000, 0x0000, 0x0000, 0x0000, 0x0000, 0x0000, 0x0000, 0x0000, 0x0000, 0x0000, 0x0000, 0x0000, 0x0000, 0x0010, 0x0010, 0x0010, 0x0010, 0x0010, 0x0000, 0x0000, 0x0000, 0x0000, 0x0000, 0x0000, 0x0000, 0x0000, 0x0000, 0x0000, 0x0000, 0x0000, 0x0000, 0x0000, 0x0000, 0x0000, 0x0000, 0x0000, 0x0000, 0x0000, 0x0000,
    0x0000, 0x0000, 0x0000, 0x0000, 0x0000, 0x0000, 0x0000, 0x0000, 0x0000, 0x0000, 0x0000, 0x0000, 0x0000, 0x0000, 0x0000, 0x0000, 0x0000, 0x0000, 0x0000, 0x0000, 0x0000, 0x0000, 0x0000, 0x0010, 0x0010, 0x0010, 0x0000, 0x0000, 0x0000, 0x0000, 0x0000, 0x0000, 0x0000, 0x0000, 0x0000, 0x0000, 0x0000, 0x0000, 0x0000, 0x0000, 0x0000, 0x0000, 0x0000, 0x0000, 0x0000, 0x0000, 0x0000, 0x0000,
    0x0000, 0x0000, 0x0000, 0x0000, 0x0000, 0x0000, 0x0000, 0x0000, 0x0000, 0x0000, 0x0000, 0x0000, 0x0000, 0x0000, 0x0000, 0x0000, 0x0000, 0x0000, 0x0000, 0x0000, 0x0000, 0x0000, 0x0000, 0x0000, 0x0000, 0x0000, 0x0000, 0x0000, 0x0000, 0x0000, 0x0000, 0x0000, 0x0000, 0x0000, 0x0000, 0x0000, 0x0000, 0x0000, 0x0000, 0x0000, 0x0000, 0x0000, 0x0000, 0x0000, 0x0000, 0x0000, 0x0000, 0x0000,
    0x0000, 0x0000, 0x0000, 0x0000, 0x0000, 0x0000, 0x0000, 0x0000, 0x0000, 0x0000, 0x0000, 0x0000, 0x0000, 0x0000, 0x0000, 0x0000, 0x0000, 0x0000, 0x0000, 0x0000, 0x0000, 0x0000, 0x0000, 0x0000, 0x0000, 0x0000, 0x0000, 0x0000, 0x0000, 0x0000, 0x0000, 0x0000, 0x0000, 0x0000, 0x0000, 0x0000, 0x0000, 0x0000, 0x0000, 0x0000, 0x0000, 0x0000, 0x0000, 0x0000, 0x0000, 0x0000, 0x0000, 0x0000,
};
static const uint8_t W98_MODE_A[48 * 48] = {
      0,   0,   0,   0,   0,   0,   0,   0,   0,   0,   0,   0,   0,   0,   0,   0,   0,   0,   0,   0,   0,   0,   0,   0,   0,   0,   0,   0,   0,   0,   0,   0,   0,   0,   0,   0,   0,   0,   0,   0,   0,   0,   0,   0,   0,   0,   0,   0,
      0,   0,   0,   0,   0,   0,   0,   0, 255, 255, 255, 255, 255, 255,   0,   0,   0,   0,   0,   0,   0,   0,   0,   0,   0,   0, 255, 255, 255, 255, 255, 255, 255, 255, 255,   0,   0,   0,   0,   0,   0,   0,   0,   0,   0,   0,   0,   0,
      0,   0,   0,   0,   0,   0, 255, 255, 255, 255, 255, 255, 255, 255,   0,   0,   0,   0,   0,   0,   0,   0,   0,   0, 255, 255, 255, 255, 255, 255, 255, 255, 255, 255, 255, 255,   0,   0,   0,   0,   0,   0,   0,   0,   0,   0,   0,   0,
      0,   0,   0,   0,   0, 255, 255, 255, 255, 255, 255, 255, 255, 255,   0,   0,   0,   0,   0,   0,   0,   0,   0, 255, 255, 255, 255, 255, 255, 255, 255, 255, 255, 255, 255, 255, 255,   0,   0,   0,   0,   0,   0,   0,   0,   0,   0,   0,
      0,   0,   0,   0, 255, 255, 255, 255, 255, 255, 255, 255, 255, 255,   0,   0,   0,   0,   0,   0,   0,   0, 255, 255, 255, 255, 255, 255, 255, 255, 255, 255, 255, 255, 255, 255, 255,   0,   0,   0,   0,   0,   0,   0,   0,   0,   0,   0,
      0,   0,   0, 255, 255, 255, 255, 255, 255, 255, 255, 255, 255, 255,   0,   0,   0,   0,   0,   0,   0, 255, 255, 255, 255, 255, 255, 255, 255, 255, 255, 255, 255, 255, 255, 255, 255, 255,   0,   0,   0,   0,   0,   0,   0,   0,   0,   0,
      0,   0,   0, 255, 255, 255, 255, 255, 255, 255, 255, 255, 255, 255,   0,   0,   0,   0,   0,   0, 255, 255, 255, 255, 255, 255, 255, 255, 255, 255, 255, 255, 255, 255, 255, 255, 255, 255,   0,   0,   0,   0,   0,   0,   0,   0,   0,   0,
      0,   0,   0, 255, 255, 255, 255, 255, 255, 255, 255, 255, 255, 255,   0,   0,   0,   0,   0, 255, 255, 255, 255, 255, 255, 255, 255, 255, 255, 255, 255, 255, 255, 255, 255, 255, 255, 255,   0,   0,   0,   0,   0,   0,   0,   0,   0,   0,
      0,   0, 255, 255, 255, 255, 255, 255, 255, 255, 255, 255, 255, 255,   0,   0,   0,   0, 255, 255, 255, 255, 255, 255, 255, 255, 255, 255, 255, 255, 255, 255, 255, 255, 255, 255, 255, 255,   0,   0,   0,   0,   0,   0,   0,   0,   0,   0,
      0,   0, 255, 255, 255, 255, 255, 255, 255, 255, 255, 255, 255, 255,   0,   0,   0, 255, 255, 255, 255, 255, 255, 255, 255, 255, 255, 255, 255, 255, 255, 255, 255, 255, 255, 255, 255, 255,   0,   0,   0,   0,   0,   0,   0,   0,   0,   0,
      0,   0, 255, 255, 255, 255, 255, 255, 255, 255, 255, 255, 255, 255,   0,   0, 255, 255, 255, 255, 255, 255, 255, 255, 255, 255, 255, 255, 255, 255, 255, 255, 255, 255, 255, 255, 255, 255,   0,   0,   0,   0,   0,   0,   0,   0,   0,   0,
      0,   0, 255, 255, 255, 255, 255, 255, 255, 255, 255, 255, 255, 255,   0, 255, 255, 255, 255, 255, 255, 255, 255, 255, 255, 255, 255, 255, 255, 255, 255, 255, 255, 255, 255, 255, 255, 255,   0,   0,   0,   0,   0,   0,   0,   0,   0,   0,
      0,   0, 255, 255, 255, 255, 255, 255, 255, 255, 255, 255, 255, 255, 255, 255, 255, 255, 255, 255, 255, 255, 255, 255, 255, 255, 255, 255, 255, 255, 255, 255, 255, 255, 255, 255, 255, 255,   0,   0,   0,   0,   0,   0,   0,   0,   0,   0,
      0,   0, 255, 255, 255, 255, 255, 255, 255, 255, 255, 255, 255, 255, 255, 255, 255, 255, 255, 255, 255, 255, 255, 255, 255, 255, 255, 255, 255, 255, 255, 255, 255, 255, 255, 255, 255, 255,   0,   0,   0,   0,   0,   0,   0,   0,   0,   0,
      0,   0, 255, 255, 255, 255, 255, 255, 255, 255, 255, 255, 255, 255, 255, 255, 255, 255, 255, 255, 255, 255, 255, 255, 255, 255, 255, 255, 255, 255, 255, 255, 255, 255, 255, 255, 255, 255,   0,   0,   0,   0,   0,   0,   0,   0,   0,   0,
      0,   0, 255, 255, 255, 255, 255, 255, 255, 255, 255, 255, 255, 255, 255, 255, 255, 255, 255, 255, 255, 255, 255, 255, 255, 255, 255, 255, 255, 255, 255, 255, 255, 255, 255, 255, 255, 255,   0,   0,   0,   0,   0,   0,   0,   0,   0,   0,
      0,   0, 255, 255, 255, 255, 255, 255, 255, 255, 255, 255, 255, 255, 255, 255, 255, 255, 255, 255, 255, 255, 255, 255, 255, 255, 255, 255, 255, 255, 255, 255, 255, 255, 255, 255, 255, 255,   0,   0,   0,   0,   0,   0,   0,   0,   0,   0,
      0,   0, 255, 255, 255, 255, 255, 255, 255, 255, 255, 255, 255, 255, 255, 255, 255, 255, 255, 255, 255, 255, 255, 255, 255, 255, 255, 255, 255, 255, 255, 255, 255, 255, 255, 255, 255, 255,   0,   0,   0,   0,   0,   0,   0,   0,   0,   0,
      0,   0, 255, 255, 255, 255, 255, 255, 255, 255, 255, 255, 255, 255, 255, 255, 255, 255, 255, 255, 255, 255, 255, 255, 255, 255, 255, 255, 255, 255, 255, 255, 255, 255, 255, 255, 255, 255,   0,   0,   0,   0,   0,   0,   0,   0,   0,   0,
      0,   0, 255, 255, 255, 255, 255, 255, 255, 255, 255, 255, 255, 255, 255, 255, 255, 255, 255, 255, 255, 255, 255, 255, 255, 255, 255, 255, 255, 255, 255, 255, 255, 255, 255, 255, 255, 255,   0,   0,   0,   0,   0,   0,   0,   0,   0,   0,
      0,   0, 255, 255, 255, 255, 255, 255, 255, 255, 255, 255, 255, 255, 255, 255, 255, 255, 255, 255, 255, 255, 255, 255, 255, 255, 255, 255, 255, 255, 255, 255, 255, 255, 255, 255, 255, 255,   0,   0,   0,   0,   0,   0,   0,   0,   0,   0,
      0,   0, 255, 255, 255, 255, 255, 255, 255, 255, 255, 255, 255, 255, 255, 255, 255, 255, 255, 255, 255, 255, 255, 255, 255, 255, 255, 255, 255, 255, 255, 255, 255, 255, 255, 255, 255, 255,   0,   0,   0,   0,   0,   0,   0,   0,   0,   0,
      0,   0, 255, 255, 255, 255, 255, 255, 255, 255, 255, 255, 255, 255, 255, 255, 255, 255, 255, 255, 255, 255, 255, 255, 255, 255, 255, 255, 255, 255, 255, 255, 255, 255, 255, 255, 255, 255,   0,   0,   0,   0,   0,   0,   0,   0,   0,   0,
      0,   0, 255, 255, 255, 255, 255, 255, 255, 255, 255, 255, 255, 255, 255, 255, 255, 255, 255, 255, 255, 255, 255, 255, 255, 255, 255, 255, 255, 255, 255, 255, 255, 255, 255, 255, 255, 255,   0,   0,   0,   0,   0,   0,   0,   0,   0,   0,
      0,   0, 255, 255, 255, 255, 255, 255, 255, 255, 255, 255, 255, 255, 255, 255, 255, 255, 255, 255, 255, 255, 255, 255, 255, 255, 255, 255, 255, 255, 255, 255, 255, 255, 255, 255, 255, 255,   0,   0,   0,   0,   0,   0,   0,   0,   0,   0,
      0,   0, 255, 255, 255, 255, 255, 255, 255, 255, 255, 255, 255, 255, 255, 255, 255, 255, 255, 255, 255, 255, 255,   0, 255, 255, 255, 255, 255, 255, 255, 255, 255, 255, 255, 255, 255, 255,   0,   0,   0,   0,   0,   0,   0,   0,   0,   0,
      0,   0, 255, 255, 255, 255, 255, 255, 255, 255, 255, 255, 255, 255, 255, 255, 255, 255, 255, 255, 255, 255,   0,   0, 255, 255, 255, 255, 255, 255, 255, 255, 255, 255, 255, 255, 255, 255, 255, 255, 255, 255,   0,   0,   0,   0,   0,   0,
      0,   0, 255, 255, 255, 255, 255, 255, 255, 255, 255, 255, 255, 255, 255, 255, 255, 255, 255, 255, 255,   0,   0,   0, 255, 255, 255, 255, 255, 255, 255, 255, 255, 255, 255, 255, 255, 255, 255, 255, 255, 255,   0,   0,   0,   0,   0,   0,
      0,   0, 255, 255, 255, 255, 255, 255, 255, 255, 255, 255, 255, 255, 255, 255, 255, 255, 255, 255,   0,   0,   0,   0, 255, 255, 255, 255, 255, 255, 255, 255, 255, 255, 255, 255, 255, 255, 255, 255, 255, 255,   0,   0,   0,   0,   0,   0,
      0,   0, 255, 255, 255, 255, 255, 255, 255, 255, 255, 255, 255, 255, 255, 255, 255, 255, 255,   0,   0,   0,   0,   0,   0, 255, 255, 255, 255, 255, 255, 255, 255, 255, 255, 255,   0,   0,   0,   0,   0, 255,   0,   0,   0,   0,   0,   0,
      0,   0, 255, 255, 255, 255, 255, 255, 255, 255, 255, 255, 255, 255, 255, 255, 255, 255,   0,   0,   0,   0,   0,   0,   0,   0,   0, 255, 255, 255, 255, 255, 255, 255, 255,   0,   0,   0,   0,   0,   0, 255,   0,   0,   0,   0,   0,   0,
      0,   0,   0, 255, 255, 255, 255, 255, 255, 255, 255, 255, 255, 255, 255, 255, 255,   0,   0,   0,   0,   0,   0,   0,   0,   0,   0,   0,   0,   0,   0,   0,   0, 255, 255,   0,   0,   0,   0,   0,   0, 255,   0,   0,   0,   0,   0,   0,
      0,   0,   0,   0, 255, 255, 255, 255, 255, 255, 255, 255, 255, 255, 255, 255,   0,   0, 255, 255, 255, 255, 255, 255, 255, 255, 255, 255, 255, 255, 255, 255, 255, 255, 255, 255, 255, 255, 255, 255, 255, 255, 255, 255, 255, 255,   0,   0,
      0,   0,   0,   0,   0,   0, 255, 255, 255, 255, 255, 255, 255, 255,   0,   0,   0,   0, 255, 255, 255, 255, 255, 255, 255, 255, 255, 255, 255, 255, 255, 255, 255, 255, 255, 255, 255, 255, 255, 255, 255, 255, 255, 255, 255, 255,   0,   0,
      0,   0,   0,   0,   0,   0,   0,   0,   0,   0,   0,   0,   0,   0,   0,   0,   0,   0, 255, 255, 255, 255, 255, 255, 255, 255, 255, 255, 255, 255, 255, 255, 255, 255, 255, 255, 255, 255, 255, 255, 255, 255, 255, 255, 255, 255,   0,   0,
      0,   0,   0,   0,   0,   0,   0,   0,   0,   0,   0,   0,   0,   0,   0,   0,   0,   0, 255, 255, 255, 255, 255, 255, 255, 255, 255, 255, 255, 255, 255, 255, 255, 255, 255, 255, 255, 255, 255, 255, 255, 255, 255, 255, 255, 255,   0,   0,
      0,   0,   0,   0,   0,   0,   0,   0,   0,   0,   0,   0,   0,   0,   0,   0,   0,   0, 255, 255, 255, 255, 255, 255, 255, 255, 255, 255, 255, 255, 255, 255, 255, 255, 255, 255, 255, 255, 255, 255, 255, 255, 255, 255, 255, 255,   0,   0,
      0,   0,   0,   0,   0,   0,   0,   0,   0,   0,   0,   0,   0,   0,   0,   0,   0,   0, 255, 255, 255, 255, 255, 255, 255, 255, 255, 255, 255, 255, 255, 255, 255, 255, 255, 255, 255, 255, 255, 255, 255, 255, 255, 255, 255, 255,   0,   0,
      0,   0,   0,   0,   0,   0,   0,   0,   0,   0,   0,   0,   0,   0,   0,   0,   0,   0, 255, 255, 255, 255, 255, 255, 255, 255, 255, 255, 255, 255, 255, 255, 255, 255, 255, 255, 255, 255, 255, 255, 255, 255, 255, 255, 255, 255,   0,   0,
      0,   0,   0,   0,   0,   0,   0,   0,   0,   0,   0,   0,   0,   0,   0,   0,   0,   0, 255, 255, 255, 255, 255, 255, 255, 255, 255, 255, 255, 255, 255, 255, 255, 255, 255, 255, 255, 255, 255, 255, 255, 255, 255, 255, 255, 255,   0,   0,
      0,   0,   0,   0,   0,   0,   0,   0,   0,   0,   0,   0,   0,   0,   0,   0,   0,   0, 255, 255, 255, 255, 255, 255, 255, 255, 255, 255, 255, 255, 255, 255, 255, 255, 255, 255, 255, 255, 255, 255, 255, 255, 255, 255, 255, 255,   0,   0,
      0,   0,   0,   0,   0,   0,   0,   0,   0,   0,   0,   0,   0,   0,   0,   0,   0,   0, 255, 255, 255, 255, 255, 255, 255, 255, 255, 255, 255, 255, 255, 255, 255, 255, 255, 255, 255, 255, 255, 255, 255, 255, 255, 255, 255, 255,   0,   0,
      0,   0,   0,   0,   0,   0,   0,   0,   0,   0,   0,   0,   0,   0,   0,   0,   0,   0, 255, 255, 255, 255, 255, 255, 255, 255, 255, 255, 255, 255, 255, 255, 255, 255, 255, 255, 255, 255, 255, 255, 255, 255, 255, 255, 255, 255,   0,   0,
      0,   0,   0,   0,   0,   0,   0,   0,   0,   0,   0,   0,   0,   0,   0,   0,   0,   0,   0,   0,   0,   0, 255, 255, 255, 255, 255,   0,   0,   0,   0,   0,   0,   0,   0,   0,   0,   0,   0,   0,   0,   0,   0,   0,   0,   0,   0,   0,
      0,   0,   0,   0,   0,   0,   0,   0,   0,   0,   0,   0,   0,   0,   0,   0,   0,   0,   0,   0,   0,   0, 255, 255, 255, 255, 255,   0,   0,   0,   0,   0,   0,   0,   0,   0,   0,   0,   0,   0,   0,   0,   0,   0,   0,   0,   0,   0,
      0,   0,   0,   0,   0,   0,   0,   0,   0,   0,   0,   0,   0,   0,   0,   0,   0,   0,   0,   0,   0,   0,   0, 255, 255, 255,   0,   0,   0,   0,   0,   0,   0,   0,   0,   0,   0,   0,   0,   0,   0,   0,   0,   0,   0,   0,   0,   0,
      0,   0,   0,   0,   0,   0,   0,   0,   0,   0,   0,   0,   0,   0,   0,   0,   0,   0,   0,   0,   0,   0,   0,   0,   0,   0,   0,   0,   0,   0,   0,   0,   0,   0,   0,   0,   0,   0,   0,   0,   0,   0,   0,   0,   0,   0,   0,   0,
      0,   0,   0,   0,   0,   0,   0,   0,   0,   0,   0,   0,   0,   0,   0,   0,   0,   0,   0,   0,   0,   0,   0,   0,   0,   0,   0,   0,   0,   0,   0,   0,   0,   0,   0,   0,   0,   0,   0,   0,   0,   0,   0,   0,   0,   0,   0,   0,
};

/* LOOK - w98_color_profile.ico, 32x32 at best bpp, drawn at 4x.
 * An RGB triangle on a colour-profile document. LOOK is colour rendering, not painting. */
static const uint16_t W98_LOOK_RGB[32 * 32] = {
    0x0000, 0x0000, 0x0000, 0x8410, 0x8410, 0x8410, 0x8410, 0x8410, 0x8410, 0x8410, 0x8410, 0x8410, 0x8410, 0x8410, 0x8410, 0x8410, 0x8410, 0x8410, 0x8410, 0x8410, 0x8410, 0x8410, 0x8410, 0x0000, 0x0000, 0x0000, 0x0000, 0x0000, 0x0000, 0x0000, 0x0000, 0x0000,
    0x0000, 0x0000, 0x0000, 0x8410, 0xffff, 0xffff, 0xffff, 0xffff, 0xffff, 0xffff, 0xffff, 0xffff, 0xffff, 0xffff, 0xffff, 0xffff, 0xffff, 0xffff, 0xffff, 0xffff, 0xffff, 0xffff, 0x8410, 0x0000, 0x0000, 0x0000, 0x0000, 0x0000, 0x0000, 0x0000, 0x0000, 0x0000,
    0x0000, 0x0000, 0x0000, 0x8410, 0xffff, 0xffff, 0xffff, 0xffff, 0xffff, 0xffff, 0xffff, 0xffff, 0xffff, 0xffff, 0xffff, 0xffff, 0xffff, 0xffff, 0xffff, 0xffff, 0xffff, 0xffff, 0x8410, 0x8410, 0x0000, 0x0000, 0x0000, 0x0000, 0x0000, 0x0000, 0x0000, 0x0000,
    0x0000, 0x0000, 0x0000, 0x8410, 0xffff, 0xffff, 0xffff, 0xffff, 0xffff, 0xffff, 0xffff, 0xffff, 0xffff, 0xffff, 0xffff, 0xffff, 0xffff, 0xffff, 0xffff, 0xffff, 0xffff, 0xffff, 0x8410, 0xc618, 0x8410, 0x0000, 0x0000, 0x0000, 0x0000, 0x0000, 0x0000, 0x0000,
    0x0000, 0x0000, 0x0000, 0x8410, 0xffff, 0xffff, 0xffff, 0xffff, 0xffff, 0xffff, 0xffff, 0xffff, 0xffff, 0xffff, 0xffff, 0xffff, 0xffff, 0xffff, 0xffff, 0xffff, 0xffff, 0xffff, 0x8410, 0xffff, 0xc618, 0x8410, 0x0000, 0x0000, 0x0000, 0x0000, 0x0000, 0x0000,
    0x0000, 0x0000, 0x0000, 0x8410, 0xffff, 0xffff, 0xffff, 0xffff, 0xffff, 0xffff, 0xffff, 0xffff, 0xffff, 0xffff, 0xffff, 0xffff, 0xffff, 0xffff, 0xffff, 0xffff, 0xffff, 0xffff, 0x8410, 0xffff, 0xffff, 0xc618, 0x8410, 0x0000, 0x0000, 0x0000, 0x0000, 0x0000,
    0x0000, 0x0000, 0x0000, 0x8410, 0xffff, 0xffff, 0xffff, 0xffff, 0xffff, 0xffff, 0xffff, 0xffff, 0xffff, 0xffff, 0xffff, 0xffff, 0xffff, 0xffff, 0xffff, 0xffff, 0xffff, 0xffff, 0x8410, 0x0000, 0x0000, 0x0000, 0x0000, 0x0000, 0x0000, 0x0000, 0x0000, 0x0000,
    0x0000, 0x0000, 0x0000, 0x8410, 0xffff, 0xffff, 0xffff, 0xffff, 0xffff, 0xffff, 0xffff, 0xffff, 0xffff, 0xffff, 0xffff, 0xffff, 0xffff, 0xffff, 0xffff, 0xffff, 0xffff, 0xffff, 0xffff, 0xffff, 0xffff, 0xffff, 0xffff, 0xc618, 0x0000, 0x0000, 0x0000, 0x0000,
    0x0000, 0x0000, 0x0000, 0x8410, 0xffff, 0xffff, 0xffff, 0xffff, 0xffff, 0xffff, 0xffff, 0xffff, 0xffff, 0xffff, 0xffff, 0xffff, 0xffff, 0xffff, 0xffff, 0xffff, 0xffff, 0xffff, 0xffff, 0xffff, 0xffff, 0xffff, 0xffff, 0xc618, 0x0000, 0x0000, 0x0000, 0x0000,
    0x0000, 0x0000, 0x0000, 0x8410, 0xffff, 0xffff, 0xffff, 0xffff, 0xffff, 0xffff, 0xffff, 0xffff, 0xffff, 0xffff, 0xffff, 0x001f, 0x001f, 0xffff, 0xffff, 0xffff, 0xffff, 0xffff, 0xffff, 0xffff, 0xffff, 0xffff, 0xffff, 0xc618, 0x0000, 0x0000, 0x0000, 0x0000,
    0x0000, 0x0000, 0x0000, 0x8410, 0xffff, 0xffff, 0xffff, 0xffff, 0xffff, 0xffff, 0xffff, 0xffff, 0xffff, 0xffff, 0xc618, 0x001f, 0x001f, 0xc618, 0xffff, 0xffff, 0xffff, 0xffff, 0xffff, 0xffff, 0xffff, 0xffff, 0xffff, 0xc618, 0x0000, 0x0000, 0x0000, 0x0000,
    0x0000, 0x0000, 0x0000, 0x8410, 0xffff, 0xffff, 0xffff, 0xffff, 0xffff, 0xffff, 0xffff, 0xffff, 0xffff, 0xffff, 0x001f, 0x001f, 0x001f, 0x001f, 0xffff, 0xffff, 0xffff, 0xffff, 0xffff, 0xffff, 0xffff, 0xffff, 0xffff, 0xc618, 0x0000, 0x0000, 0x0000, 0x0000,
    0x0000, 0x0000, 0x0000, 0x8410, 0xffff, 0xffff, 0xffff, 0xffff, 0xffff, 0xffff, 0xffff, 0xffff, 0xffff, 0xc618, 0x001f, 0x001f, 0x001f, 0x001f, 0xc618, 0xffff, 0xffff, 0xffff, 0xffff, 0xffff, 0xffff, 0xffff, 0xffff, 0xc618, 0x0000, 0x0000, 0x0000, 0x0000,
    0x0000, 0x0000, 0x0000, 0x8410, 0xffff, 0xffff, 0xffff, 0xffff, 0xffff, 0xffff, 0xffff, 0xffff, 0xffff, 0x001f, 0x8010, 0x001f, 0x001f, 0x0410, 0x001f, 0xffff, 0xffff, 0xffff, 0xffff, 0xffff, 0xffff, 0xffff, 0xffff, 0xc618, 0x0000, 0x0000, 0x0000, 0x0000,
    0x0000, 0x0000, 0x0000, 0x8410, 0xffff, 0xffff, 0xffff, 0xffff, 0xffff, 0xffff, 0xffff, 0xffff, 0xf81f, 0xf81f, 0x001f, 0x8010, 0x0410, 0x001f, 0x07ff, 0x07ff, 0xffff, 0xffff, 0xffff, 0xffff, 0xffff, 0xffff, 0xffff, 0xc618, 0x0000, 0x0000, 0x0000, 0x0000,
    0x0000, 0x0000, 0x0000, 0x8410, 0xffff, 0xffff, 0xffff, 0xffff, 0xffff, 0xffff, 0xffff, 0xc618, 0xf81f, 0x001f, 0xf81f, 0x001f, 0x001f, 0x07ff, 0x0410, 0x07ff, 0xc618, 0xffff, 0xffff, 0xffff, 0xffff, 0xffff, 0xffff, 0xc618, 0x0000, 0x0000, 0x0000, 0x0000,
    0x0000, 0x0000, 0x0000, 0x8410, 0xffff, 0xffff, 0xffff, 0xffff, 0xffff, 0xffff, 0xffff, 0xf81f, 0xf81f, 0xf81f, 0x001f, 0xf81f, 0x07ff, 0x0410, 0x07ff, 0x07ff, 0x07ff, 0xffff, 0xffff, 0xffff, 0xffff, 0xffff, 0xffff, 0xc618, 0x0000, 0x0000, 0x0000, 0x0000,
    0x0000, 0x0000, 0x0000, 0x8410, 0xffff, 0xffff, 0xffff, 0xffff, 0xffff, 0xffff, 0xf81f, 0xf800, 0xf81f, 0xf81f, 0xf81f, 0xc618, 0xc618, 0x07ff, 0x07ff, 0x07ff, 0x07e0, 0x07ff, 0xffff, 0xffff, 0xffff, 0xffff, 0xffff, 0xc618, 0x0000, 0x0000, 0x0000, 0x0000,
    0x0000, 0x0000, 0x0000, 0x8410, 0xffff, 0xffff, 0xffff, 0xffff, 0xffff, 0xc618, 0xf800, 0xf81f, 0xf800, 0xf81f, 0xf81f, 0xffff, 0xffff, 0x07ff, 0x07ff, 0x07e0, 0x07ff, 0x07e0, 0xc618, 0xffff, 0xffff, 0xffff, 0xffff, 0xc618, 0x0000, 0x0000, 0x0000, 0x0000,
    0x0000, 0x0000, 0x0000, 0x8410, 0xffff, 0xffff, 0xffff, 0xffff, 0xffff, 0xf800, 0xf81f, 0xf800, 0xf81f, 0xf800, 0xc618, 0xffff, 0xffff, 0xc618, 0x07e0, 0x07ff, 0x07e0, 0x07ff, 0x07e0, 0xffff, 0xffff, 0xffff, 0xffff, 0xc618, 0x0000, 0x0000, 0x0000, 0x0000,
    0x0000, 0x0000, 0x0000, 0x8410, 0xffff, 0xffff, 0xffff, 0xffff, 0xf800, 0xf800, 0xf800, 0xf81f, 0xf800, 0x8400, 0xf800, 0xffe0, 0xffe0, 0x07e0, 0x07ff, 0x07e0, 0x07ff, 0x07e0, 0x07e0, 0x07e0, 0xffff, 0xffff, 0xffff, 0xc618, 0x0000, 0x0000, 0x0000, 0x0000,
    0x0000, 0x0000, 0x0000, 0x8410, 0xffff, 0xffff, 0xffff, 0xc618, 0xf800, 0xf800, 0xf800, 0xf800, 0x8400, 0xf800, 0xffe0, 0xffe0, 0xffe0, 0xffe0, 0x07e0, 0xffe0, 0x07e0, 0x07e0, 0x07e0, 0x07e0, 0xc618, 0xffff, 0xffff, 0xc618, 0x0000, 0x0000, 0x0000, 0x0000,
    0x0000, 0x0000, 0x0000, 0x8410, 0xffff, 0xffff, 0xffff, 0xf800, 0xf800, 0xf800, 0xf800, 0x8400, 0xf800, 0xffe0, 0xf800, 0xffe0, 0xffe0, 0x07e0, 0xffe0, 0x07e0, 0x07e0, 0x07e0, 0x07e0, 0x07e0, 0x07e0, 0xffff, 0xffff, 0xc618, 0x0000, 0x0000, 0x0000, 0x0000,
    0x0000, 0x0000, 0x0000, 0x8410, 0xffff, 0xffff, 0xf800, 0xf800, 0xf800, 0xf800, 0xf800, 0xf800, 0x8400, 0xf800, 0xffe0, 0xffe0, 0xffe0, 0xffe0, 0x07e0, 0xffe0, 0x07e0, 0x07e0, 0x07e0, 0x07e0, 0x07e0, 0x07e0, 0xffff, 0xc618, 0x0000, 0x0000, 0x0000, 0x0000,
    0x0000, 0x0000, 0x0000, 0x8410, 0xffff, 0xffff, 0xffff, 0xffff, 0xffff, 0xffff, 0xffff, 0xffff, 0xffff, 0xffff, 0xffff, 0xffff, 0xffff, 0xffff, 0xffff, 0xffff, 0xffff, 0xffff, 0xffff, 0xffff, 0xffff, 0xffff, 0xffff, 0xc618, 0x0000, 0x0000, 0x0000, 0x0000,
    0x0000, 0x0000, 0x0000, 0x8410, 0xffff, 0xffff, 0xffff, 0xffff, 0xffff, 0xffff, 0xffff, 0xffff, 0xffff, 0xffff, 0xffff, 0xffff, 0xffff, 0xffff, 0xffff, 0xffff, 0xffff, 0xffff, 0xffff, 0xffff, 0xffff, 0xffff, 0xffff, 0xc618, 0x0000, 0x0000, 0x0000, 0x0000,
    0x0000, 0x0000, 0x0000, 0x8410, 0xffff, 0xffff, 0xffff, 0xffff, 0xffff, 0xffff, 0xffff, 0xffff, 0xffff, 0xffff, 0xffff, 0xffff, 0xffff, 0xffff, 0xffff, 0xffff, 0xffff, 0xffff, 0xffff, 0xffff, 0xffff, 0xffff, 0xffff, 0xc618, 0x0000, 0x0000, 0x0000, 0x0000,
    0x0000, 0x0000, 0x0000, 0x8410, 0xffff, 0xffff, 0xffff, 0xffff, 0xffff, 0xffff, 0xffff, 0xffff, 0xffff, 0xffff, 0xffff, 0xffff, 0xffff, 0xffff, 0xffff, 0xffff, 0xffff, 0xffff, 0xffff, 0xffff, 0xffff, 0xffff, 0xffff, 0xc618, 0x0000, 0x0000, 0x0000, 0x0000,
    0x0000, 0x0000, 0x0000, 0x8410, 0xffff, 0xffff, 0xffff, 0xffff, 0xffff, 0xffff, 0xffff, 0xffff, 0xffff, 0xffff, 0xffff, 0xffff, 0xffff, 0xffff, 0xffff, 0xffff, 0xffff, 0xffff, 0xffff, 0xffff, 0xffff, 0xffff, 0xffff, 0xc618, 0x0000, 0x0000, 0x0000, 0x0000,
    0x0000, 0x0000, 0x0000, 0x8410, 0xffff, 0xffff, 0xffff, 0xffff, 0xffff, 0xffff, 0xffff, 0xffff, 0xffff, 0xffff, 0xffff, 0xffff, 0xffff, 0xffff, 0xffff, 0xffff, 0xffff, 0xffff, 0xffff, 0xffff, 0xffff, 0xffff, 0xffff, 0xc618, 0x0000, 0x0000, 0x0000, 0x0000,
    0x0000, 0x0000, 0x0000, 0x8410, 0xc618, 0xc618, 0xc618, 0xc618, 0xc618, 0xc618, 0xc618, 0xc618, 0xc618, 0xc618, 0xc618, 0xc618, 0xc618, 0xc618, 0xc618, 0xc618, 0xc618, 0xc618, 0xc618, 0xc618, 0xc618, 0xc618, 0xc618, 0xc618, 0x0000, 0x0000, 0x0000, 0x0000,
    0x0000, 0x0000, 0x0000, 0x0000, 0x0000, 0x0000, 0x0000, 0x0000, 0x0000, 0x0000, 0x0000, 0x0000, 0x0000, 0x0000, 0x0000, 0x0000, 0x0000, 0x0000, 0x0000, 0x0000, 0x0000, 0x0000, 0x0000, 0x0000, 0x0000, 0x0000, 0x0000, 0x0000, 0x0000, 0x0000, 0x0000, 0x0000,
};
static const uint8_t W98_LOOK_A[32 * 32] = {
      0,   0,   0, 255, 255, 255, 255, 255, 255, 255, 255, 255, 255, 255, 255, 255, 255, 255, 255, 255, 255, 255, 255,   0,   0,   0,   0,   0,   0,   0,   0,   0,
      0,   0,   0, 255, 255, 255, 255, 255, 255, 255, 255, 255, 255, 255, 255, 255, 255, 255, 255, 255, 255, 255, 255, 255,   0,   0,   0,   0,   0,   0,   0,   0,
      0,   0,   0, 255, 255, 255, 255, 255, 255, 255, 255, 255, 255, 255, 255, 255, 255, 255, 255, 255, 255, 255, 255, 255, 255,   0,   0,   0,   0,   0,   0,   0,
      0,   0,   0, 255, 255, 255, 255, 255, 255, 255, 255, 255, 255, 255, 255, 255, 255, 255, 255, 255, 255, 255, 255, 255, 255, 255,   0,   0,   0,   0,   0,   0,
      0,   0,   0, 255, 255, 255, 255, 255, 255, 255, 255, 255, 255, 255, 255, 255, 255, 255, 255, 255, 255, 255, 255, 255, 255, 255, 255,   0,   0,   0,   0,   0,
      0,   0,   0, 255, 255, 255, 255, 255, 255, 255, 255, 255, 255, 255, 255, 255, 255, 255, 255, 255, 255, 255, 255, 255, 255, 255, 255, 255,   0,   0,   0,   0,
      0,   0,   0, 255, 255, 255, 255, 255, 255, 255, 255, 255, 255, 255, 255, 255, 255, 255, 255, 255, 255, 255, 255, 255, 255, 255, 255, 255, 255,   0,   0,   0,
      0,   0,   0, 255, 255, 255, 255, 255, 255, 255, 255, 255, 255, 255, 255, 255, 255, 255, 255, 255, 255, 255, 255, 255, 255, 255, 255, 255, 255,   0,   0,   0,
      0,   0,   0, 255, 255, 255, 255, 255, 255, 255, 255, 255, 255, 255, 255, 255, 255, 255, 255, 255, 255, 255, 255, 255, 255, 255, 255, 255, 255,   0,   0,   0,
      0,   0,   0, 255, 255, 255, 255, 255, 255, 255, 255, 255, 255, 255, 255, 255, 255, 255, 255, 255, 255, 255, 255, 255, 255, 255, 255, 255, 255,   0,   0,   0,
      0,   0,   0, 255, 255, 255, 255, 255, 255, 255, 255, 255, 255, 255, 255, 255, 255, 255, 255, 255, 255, 255, 255, 255, 255, 255, 255, 255, 255,   0,   0,   0,
      0,   0,   0, 255, 255, 255, 255, 255, 255, 255, 255, 255, 255, 255, 255, 255, 255, 255, 255, 255, 255, 255, 255, 255, 255, 255, 255, 255, 255,   0,   0,   0,
      0,   0,   0, 255, 255, 255, 255, 255, 255, 255, 255, 255, 255, 255, 255, 255, 255, 255, 255, 255, 255, 255, 255, 255, 255, 255, 255, 255, 255,   0,   0,   0,
      0,   0,   0, 255, 255, 255, 255, 255, 255, 255, 255, 255, 255, 255, 255, 255, 255, 255, 255, 255, 255, 255, 255, 255, 255, 255, 255, 255, 255,   0,   0,   0,
      0,   0,   0, 255, 255, 255, 255, 255, 255, 255, 255, 255, 255, 255, 255, 255, 255, 255, 255, 255, 255, 255, 255, 255, 255, 255, 255, 255, 255,   0,   0,   0,
      0,   0,   0, 255, 255, 255, 255, 255, 255, 255, 255, 255, 255, 255, 255, 255, 255, 255, 255, 255, 255, 255, 255, 255, 255, 255, 255, 255, 255,   0,   0,   0,
      0,   0,   0, 255, 255, 255, 255, 255, 255, 255, 255, 255, 255, 255, 255, 255, 255, 255, 255, 255, 255, 255, 255, 255, 255, 255, 255, 255, 255,   0,   0,   0,
      0,   0,   0, 255, 255, 255, 255, 255, 255, 255, 255, 255, 255, 255, 255, 255, 255, 255, 255, 255, 255, 255, 255, 255, 255, 255, 255, 255, 255,   0,   0,   0,
      0,   0,   0, 255, 255, 255, 255, 255, 255, 255, 255, 255, 255, 255, 255, 255, 255, 255, 255, 255, 255, 255, 255, 255, 255, 255, 255, 255, 255,   0,   0,   0,
      0,   0,   0, 255, 255, 255, 255, 255, 255, 255, 255, 255, 255, 255, 255, 255, 255, 255, 255, 255, 255, 255, 255, 255, 255, 255, 255, 255, 255,   0,   0,   0,
      0,   0,   0, 255, 255, 255, 255, 255, 255, 255, 255, 255, 255, 255, 255, 255, 255, 255, 255, 255, 255, 255, 255, 255, 255, 255, 255, 255, 255,   0,   0,   0,
      0,   0,   0, 255, 255, 255, 255, 255, 255, 255, 255, 255, 255, 255, 255, 255, 255, 255, 255, 255, 255, 255, 255, 255, 255, 255, 255, 255, 255,   0,   0,   0,
      0,   0,   0, 255, 255, 255, 255, 255, 255, 255, 255, 255, 255, 255, 255, 255, 255, 255, 255, 255, 255, 255, 255, 255, 255, 255, 255, 255, 255,   0,   0,   0,
      0,   0,   0, 255, 255, 255, 255, 255, 255, 255, 255, 255, 255, 255, 255, 255, 255, 255, 255, 255, 255, 255, 255, 255, 255, 255, 255, 255, 255,   0,   0,   0,
      0,   0,   0, 255, 255, 255, 255, 255, 255, 255, 255, 255, 255, 255, 255, 255, 255, 255, 255, 255, 255, 255, 255, 255, 255, 255, 255, 255, 255,   0,   0,   0,
      0,   0,   0, 255, 255, 255, 255, 255, 255, 255, 255, 255, 255, 255, 255, 255, 255, 255, 255, 255, 255, 255, 255, 255, 255, 255, 255, 255, 255,   0,   0,   0,
      0,   0,   0, 255, 255, 255, 255, 255, 255, 255, 255, 255, 255, 255, 255, 255, 255, 255, 255, 255, 255, 255, 255, 255, 255, 255, 255, 255, 255,   0,   0,   0,
      0,   0,   0, 255, 255, 255, 255, 255, 255, 255, 255, 255, 255, 255, 255, 255, 255, 255, 255, 255, 255, 255, 255, 255, 255, 255, 255, 255, 255,   0,   0,   0,
      0,   0,   0, 255, 255, 255, 255, 255, 255, 255, 255, 255, 255, 255, 255, 255, 255, 255, 255, 255, 255, 255, 255, 255, 255, 255, 255, 255, 255,   0,   0,   0,
      0,   0,   0, 255, 255, 255, 255, 255, 255, 255, 255, 255, 255, 255, 255, 255, 255, 255, 255, 255, 255, 255, 255, 255, 255, 255, 255, 255, 255,   0,   0,   0,
      0,   0,   0, 255, 255, 255, 255, 255, 255, 255, 255, 255, 255, 255, 255, 255, 255, 255, 255, 255, 255, 255, 255, 255, 255, 255, 255, 255, 255,   0,   0,   0,
      0,   0,   0, 255, 255, 255, 255, 255, 255, 255, 255, 255, 255, 255, 255, 255, 255, 255, 255, 255, 255, 255, 255, 255, 255, 255, 255, 255, 255,   0,   0,   0,
};

/* GALLERY - w98_directory_pictures.ico, 48x48 at best bpp, drawn at 3x.
 * A folder of photographs: pictures already on the device. */
static const uint16_t W98_GALLERY_RGB[48 * 48] = {
    0x0000, 0x0000, 0x0000, 0x0000, 0x0000, 0x0000, 0x0000, 0x0000, 0x0000, 0x0000, 0x0000, 0x0000, 0x0000, 0x0000, 0x0000, 0x0000, 0x0000, 0x0000, 0x0000, 0x0000, 0x0000, 0x0000, 0x0000, 0x0000, 0x0000, 0x0000, 0x0000, 0x0000, 0x0000, 0x0000, 0x0000, 0x0000, 0x0000, 0x0000, 0x0000, 0x0000, 0x0000, 0x0000, 0x0000, 0x0000, 0x0000, 0x0000, 0x0000, 0x0000, 0x0000, 0x0000, 0x0000, 0x0000,
    0x0000, 0x0000, 0x0000, 0x0000, 0x0000, 0x0000, 0x0000, 0x0000, 0x0000, 0x0000, 0x0000, 0x0000, 0x0000, 0x0000, 0x0000, 0x0000, 0x0000, 0x0000, 0x0000, 0x0000, 0x0000, 0x0000, 0x0000, 0x0000, 0x0000, 0x0000, 0x0000, 0x0000, 0x0000, 0x0000, 0x0000, 0x0000, 0x0000, 0x0000, 0x0000, 0x0000, 0x0000, 0x0000, 0x0000, 0x0000, 0x0000, 0x0000, 0x0000, 0x0000, 0x0000, 0x0000, 0x0000, 0x0000,
    0x0000, 0x0000, 0x0000, 0x0000, 0x0000, 0x0000, 0x0000, 0x0000, 0x0000, 0x0000, 0x0000, 0x0000, 0x0000, 0x0000, 0x0000, 0x0000, 0x0000, 0x0000, 0x0000, 0x0000, 0x0000, 0x0000, 0x0000, 0x0000, 0x0000, 0x0000, 0x0000, 0x0000, 0x0000, 0x0000, 0x0000, 0x0000, 0x0000, 0x0000, 0x0000, 0x0000, 0x0000, 0x0000, 0x0000, 0x0000, 0x0000, 0x0000, 0x0000, 0x0000, 0x0000, 0x0000, 0x0000, 0x0000,
    0x0000, 0x0000, 0x0000, 0x0000, 0x0000, 0x0000, 0x0000, 0x0000, 0x0000, 0x0000, 0x0000, 0x0000, 0x0000, 0x0000, 0x0000, 0x0000, 0x0000, 0x0000, 0x0000, 0x0000, 0x0000, 0x0000, 0x0000, 0x0000, 0x0000, 0x0000, 0x0000, 0x0000, 0x0000, 0x0000, 0x0000, 0x0000, 0x0000, 0x0000, 0x0000, 0x0000, 0x0000, 0x0000, 0x0000, 0x0000, 0x0000, 0x0000, 0x0000, 0x0000, 0x0000, 0x0000, 0x0000, 0x0000,
    0x0000, 0x0000, 0x0000, 0x0000, 0x0000, 0x0000, 0x9cc0, 0x9cc0, 0x9cc0, 0x9cc0, 0x9cc0, 0x9cc0, 0x9cc0, 0x9cc0, 0x9cc0, 0x9cc0, 0x9cc0, 0x9cc0, 0x9cc0, 0x0000, 0x0000, 0x0000, 0x0000, 0x0000, 0x0000, 0x0000, 0x0000, 0x0000, 0x0000, 0x0000, 0x0000, 0x0000, 0x0000, 0x0000, 0x0000, 0x0000, 0x0000, 0x0000, 0x0000, 0x0000, 0x0000, 0x0000, 0x0000, 0x0000, 0x0000, 0x0000, 0x0000, 0x0000,
    0x0000, 0x0000, 0x0000, 0x0000, 0x0000, 0x9cc0, 0xffff, 0xffff, 0xffff, 0xffff, 0xffff, 0xffff, 0xffff, 0xffff, 0xffff, 0xffff, 0xffff, 0xffff, 0xffff, 0x9cc0, 0x0000, 0x0000, 0x0000, 0x0000, 0x0000, 0x0000, 0x0000, 0x0000, 0x0000, 0x0000, 0x0000, 0x0000, 0x0000, 0x0000, 0x0000, 0x0000, 0x0000, 0x0000, 0x0000, 0x0000, 0x0000, 0x0000, 0x0000, 0x0000, 0x0000, 0x0000, 0x0000, 0x0000,
    0x0000, 0x0000, 0x0000, 0x0000, 0x9cc0, 0xffff, 0xfff3, 0xfff3, 0xfff3, 0xfff3, 0xfff3, 0xfff3, 0xfff3, 0xfff3, 0xfff3, 0xfff3, 0xfff3, 0xfff3, 0xfff3, 0xfff3, 0x9cc0, 0x0000, 0x0000, 0x0000, 0x0000, 0x0000, 0x0000, 0x0000, 0x0000, 0x0000, 0x0000, 0x0000, 0x0000, 0x0000, 0x0000, 0x0000, 0x0000, 0x0000, 0x0000, 0x0000, 0x0000, 0x0000, 0x0000, 0x0000, 0x0000, 0x0000, 0x0000, 0x0000,
    0x0000, 0x0000, 0x0000, 0x9cc0, 0xffff, 0xfff3, 0xfff3, 0xfff3, 0xfff3, 0xfff3, 0xfff3, 0xfff3, 0xfff3, 0xfff3, 0xfff3, 0xfff3, 0xfff3, 0xfff3, 0xfff3, 0xfff3, 0xfff3, 0x9cc0, 0x0000, 0x0000, 0x0000, 0x0000, 0x0000, 0x0000, 0x0000, 0x0000, 0x0000, 0x0000, 0x0000, 0x0000, 0x0000, 0x0000, 0x0000, 0x0000, 0x0000, 0x0000, 0x0000, 0x0000, 0x0000, 0x0000, 0x0000, 0x0000, 0x0000, 0x0000,
    0x0000, 0x0000, 0x9cc0, 0xffff, 0xfff3, 0xfff3, 0xfff3, 0xfff3, 0xfff3, 0xfff3, 0xfff3, 0xfff3, 0xfff3, 0xfff3, 0xfff3, 0xfff3, 0xfff3, 0xfff3, 0xfff3, 0xfff3, 0xfff3, 0xfff3, 0x9cc0, 0x0000, 0x0000, 0x0000, 0x0000, 0x0000, 0x0000, 0x0000, 0x0000, 0x0000, 0x0000, 0x0000, 0x0000, 0x0000, 0x0000, 0x0000, 0x0000, 0x0000, 0x0000, 0x0000, 0x0000, 0x0000, 0x0000, 0x0000, 0x0000, 0x0000,
    0x0000, 0x9cc0, 0xffff, 0xfff3, 0xfff3, 0xfff3, 0xfff3, 0xfff3, 0xfff3, 0xfff3, 0xfff3, 0xfff3, 0xfff3, 0xfff3, 0xfff3, 0xfff3, 0xfff3, 0xfff3, 0xfff3, 0xfff3, 0xfff3, 0xfff3, 0xfff3, 0x9cc0, 0x0000, 0x0000, 0x0000, 0x0000, 0x0000, 0x0000, 0x0000, 0x0000, 0x0000, 0x0000, 0x0000, 0x0000, 0x0000, 0x0000, 0x0000, 0x0000, 0x0000, 0x0000, 0x0000, 0x0000, 0x0000, 0x0000, 0x0000, 0x0000,
    0x9cc0, 0xffff, 0xfff3, 0xfff3, 0xfff3, 0xfff3, 0xfff3, 0xfff3, 0xfff3, 0xfff3, 0xfff3, 0xfff3, 0xfff3, 0xfff3, 0xfff3, 0xfff3, 0xfff3, 0xfff3, 0xfff3, 0xfff3, 0xfff3, 0xfff3, 0xfff3, 0xfff3, 0x9cc0, 0x0000, 0x0000, 0x0000, 0x0000, 0x0000, 0x0000, 0x0000, 0x0000, 0x0000, 0x0000, 0x0000, 0x0000, 0x0000, 0x0000, 0x0000, 0x0000, 0x0000, 0x0000, 0x0000, 0x0000, 0x0000, 0x0000, 0x0000,
    0x9cc0, 0xce6c, 0xce6c, 0xce6c, 0xce6c, 0xce6c, 0xce6c, 0xce6c, 0xce6c, 0xce6c, 0xce6c, 0xce6c, 0xce6c, 0xce6c, 0xce6c, 0xce6c, 0xce6c, 0xce6c, 0xce6c, 0xce6c, 0xce6c, 0xce6c, 0xce6c, 0xce6c, 0xce6c, 0x9cc0, 0x9cc0, 0x9cc0, 0x9cc0, 0x9cc0, 0x9cc0, 0x9cc0, 0x9cc0, 0x9cc0, 0x9cc0, 0x9cc0, 0x9cc0, 0x9cc0, 0x9cc0, 0x9cc0, 0x9cc0, 0x9cc0, 0x9cc0, 0x9cc0, 0x9cc0, 0x0000, 0x0000, 0x0000,
    0x9cc0, 0xffff, 0xffff, 0xffff, 0xffff, 0xffff, 0xffff, 0xffff, 0xffff, 0xffff, 0xffff, 0xffff, 0xffff, 0xffff, 0xffff, 0xffff, 0xffff, 0xffff, 0xffff, 0xffff, 0xffff, 0xffff, 0xffff, 0xffff, 0xffff, 0xffff, 0xffff, 0xffff, 0xffff, 0xffff, 0xffff, 0xffff, 0xffff, 0xffff, 0xffff, 0xffff, 0xffff, 0xffff, 0xffff, 0xffff, 0xffff, 0xffff, 0xffff, 0xffff, 0xffff, 0xffff, 0x0000, 0x0000,
    0x9cc0, 0xffff, 0xfff3, 0xfff3, 0xfff3, 0xfff3, 0xfff3, 0xfff3, 0xfff3, 0xfff3, 0xfff3, 0xfff3, 0xfff3, 0xfff3, 0xfff3, 0xfff3, 0xfff3, 0xfff3, 0xfff3, 0xfff3, 0xfff3, 0xfff3, 0xfff3, 0xfff3, 0xfff3, 0xfff3, 0xfff3, 0xfff3, 0xfff3, 0xfff3, 0xfff3, 0xfff3, 0xfff3, 0xfff3, 0xfff3, 0xfff3, 0xfff3, 0xfff3, 0xfe73, 0xfff3, 0xfff3, 0xfe73, 0xfff3, 0xfe73, 0xfff3, 0xfe73, 0x9cc0, 0x0000,
    0x9cc0, 0xffff, 0xfff3, 0xfff3, 0xfff3, 0xfff3, 0xfff3, 0xfff3, 0xfff3, 0xfff3, 0xfff3, 0xfff3, 0xfff3, 0xfff3, 0xfff3, 0xfff3, 0xe71c, 0xef5d, 0xfff3, 0xfff3, 0xfff3, 0xfff3, 0xfff3, 0xfff3, 0xfff3, 0xfff3, 0xfff3, 0xfff3, 0xfff3, 0xfff3, 0xe71c, 0xfff3, 0xfff3, 0xfe73, 0xfff3, 0xfe73, 0xfff3, 0xfe73, 0xfff3, 0xfff3, 0xfe73, 0xfff3, 0xfff3, 0xfff3, 0xfe73, 0xfff3, 0x9cc0, 0x0000,
    0x9cc0, 0xffff, 0xfff3, 0xfff3, 0xfff3, 0xfff3, 0xfff3, 0xfff3, 0xfff3, 0xfff3, 0xfff3, 0xfff3, 0xfff3, 0xfff3, 0xfff3, 0xfff3, 0xce59, 0xdefb, 0xd6ba, 0xce59, 0xd6ba, 0xdefb, 0xef5d, 0xfff3, 0xef5d, 0xe71c, 0xd6ba, 0xce79, 0xdefb, 0xe71c, 0xb596, 0xfff3, 0xfe73, 0xfff3, 0xfff3, 0xfff3, 0xfff3, 0xfff3, 0xfff3, 0xfe73, 0xfff3, 0xfff3, 0xfe73, 0xfe73, 0xfff3, 0xfe73, 0x9cc0, 0x0000,
    0x9cc0, 0xffff, 0xfff3, 0xfff3, 0xfff3, 0xfff3, 0xfff3, 0xfff3, 0xfff3, 0xfff3, 0xfff3, 0xfff3, 0xfff3, 0xfff3, 0xef5d, 0xe71c, 0xce79, 0xe71c, 0xdefb, 0xd6ba, 0xce79, 0xce59, 0xce79, 0xdefb, 0xf79e, 0xffdf, 0xffff, 0xffff, 0xffff, 0xffff, 0xc618, 0xc618, 0xce79, 0xce79, 0xce79, 0xce79, 0xce79, 0xce59, 0xfe73, 0xfff3, 0xfe73, 0xfff3, 0xfe73, 0xfff3, 0xfe73, 0xfff3, 0x9cc0, 0x0000,
    0x9cc0, 0xffff, 0xfff3, 0xfff3, 0xfff3, 0xfff3, 0xfff3, 0xfff3, 0xfff3, 0xce59, 0xd6ba, 0xd6ba, 0xdefb, 0xdefb, 0xd6ba, 0xd6ba, 0xce79, 0xd6ba, 0xe71c, 0xf79e, 0xffdf, 0xffff, 0xffff, 0xffff, 0xf79e, 0xe71c, 0xc618, 0x9cd9, 0x9cd9, 0xef5d, 0xdefb, 0xc618, 0xffff, 0xffff, 0xffff, 0xffff, 0xffff, 0xce59, 0xfff3, 0xfff3, 0xfe73, 0xfff3, 0xfff3, 0xfe73, 0xfff3, 0xfe73, 0x9cc0, 0x0000,
    0x9cc0, 0xffff, 0xfff3, 0xfff3, 0xfff3, 0xfff3, 0xfff3, 0xfff3, 0xfff3, 0xce59, 0xd6ba, 0xce79, 0xd6ba, 0xe71c, 0xf79e, 0xffdf, 0xffff, 0xffff, 0xffff, 0xf79e, 0xd6ba, 0xc618, 0x9cd9, 0x9cd9, 0x9cd9, 0x9cd9, 0xa65e, 0x9e7f, 0x64df, 0xd6ba, 0xf79e, 0xa514, 0x9cd9, 0x9cd9, 0x9cd9, 0x9cd9, 0xffff, 0xce59, 0xfff3, 0xfe73, 0xfff3, 0xfe73, 0xfe73, 0xfff3, 0xfe73, 0xfff3, 0x9cc0, 0x0000,
    0x9cc0, 0xffff, 0xfff3, 0xfff3, 0xe71c, 0xd6ba, 0xce79, 0xd6ba, 0xe71c, 0xffdf, 0xffff, 0xffff, 0xffff, 0xffdf, 0xf79e, 0xd6ba, 0x9cd9, 0x9cd9, 0x9cd9, 0x9cd9, 0xa65e, 0xa65e, 0x9e7f, 0xa65e, 0x9fff, 0xce7f, 0x9e7f, 0x667f, 0xa65e, 0x9cd9, 0xffff, 0xa514, 0xce7f, 0x9e7f, 0x667f, 0x9cd9, 0xffff, 0xce59, 0xce79, 0xce59, 0xce79, 0xd6ba, 0xef5d, 0xfe73, 0xfff3, 0xfe73, 0x9cc0, 0x0000,
    0x9cc0, 0xffff, 0xe71c, 0xce79, 0xf79e, 0xffff, 0xffff, 0xffff, 0xffdf, 0xf79e, 0xd6ba, 0x9cd9, 0x9cd9, 0x9cd9, 0x9cd9, 0xa65e, 0xa65e, 0xcf7f, 0xcfff, 0xcfff, 0xcf7f, 0x9fff, 0xcf7f, 0x9fff, 0x9e7f, 0xce7f, 0xa65e, 0x9e7f, 0x667f, 0x9cd9, 0xffff, 0xb596, 0x9e7f, 0x667f, 0x9e7f, 0x9cd9, 0xffff, 0xce59, 0xffdf, 0xffff, 0xffff, 0xffdf, 0xe71c, 0xce59, 0xc618, 0xfff3, 0x9cc0, 0x0000,
    0x9cc0, 0xffff, 0xfff3, 0xef5d, 0xffff, 0xd6ba, 0x9cd9, 0x9cd9, 0x9cd9, 0x9cd9, 0xa65e, 0xce7f, 0x9fff, 0xcf7f, 0xcfff, 0xcfff, 0xcfff, 0xcfff, 0xcfff, 0xcf7f, 0xcf7f, 0xcf7f, 0xb596, 0xc6f8, 0x9fff, 0x9e7f, 0xf79e, 0x9e7f, 0x9e7f, 0x9cd9, 0xffff, 0xc618, 0xa65e, 0x9e7f, 0x667f, 0x9cd9, 0xffff, 0xce59, 0x9cd9, 0x9cd9, 0xccd9, 0xce59, 0xffff, 0xd6ba, 0xc618, 0xfe73, 0x9cc0, 0x0000,
    0x9cc0, 0xffff, 0xfff3, 0xd6ba, 0xffff, 0x9cd9, 0x667f, 0x9e7f, 0xce7f, 0xa65e, 0x9e7f, 0x9fff, 0xcf7f, 0x9fff, 0xcf7f, 0xcf7f, 0xcfff, 0xcfff, 0xcfff, 0xcfff, 0xcfff, 0xffdf, 0x64cc, 0x64c6, 0x9cd9, 0xa65e, 0xd6ba, 0xb596, 0x94b2, 0x64d3, 0xffdf, 0xdefb, 0xc618, 0xa65e, 0xa65e, 0x9cd9, 0xffff, 0xce59, 0xce7f, 0x9e7f, 0x667f, 0x9cd9, 0xffff, 0xce59, 0xce73, 0xfff3, 0x9cc0, 0x0000,
    0x9cc0, 0xffff, 0xfff3, 0xce79, 0xffff, 0x9cd9, 0x9e7f, 0x667f, 0x9e7f, 0xce7f, 0x9e7f, 0xcf7f, 0x9fff, 0xcf7f, 0xcf7f, 0xcfff, 0xcfff, 0xcfff, 0xcfff, 0xcfff, 0xcfff, 0xef5d, 0x64c6, 0x0320, 0x4a69, 0xa514, 0x94b2, 0x5aeb, 0x3326, 0x34c6, 0xcf7f, 0xf79e, 0x9cd3, 0x9ccc, 0x64cc, 0x9cd9, 0xffff, 0xce59, 0x9e7f, 0x667f, 0x9e7f, 0x9cd9, 0xffff, 0xc618, 0xfff3, 0xfe73, 0x9cc0, 0x0000,
    0x9cc0, 0xffff, 0xfff3, 0xd6ba, 0xffff, 0xce59, 0x667f, 0x667f, 0xce7f, 0xa65e, 0x9e79, 0xdefb, 0xcf7f, 0xcf7f, 0xcf7f, 0xcfff, 0xcfff, 0xcfff, 0xcfff, 0xcfff, 0xcf7f, 0x9e66, 0x6660, 0x3180, 0x3006, 0x4208, 0x34c6, 0x0400, 0x3326, 0x39c7, 0xa65e, 0xffff, 0x94b2, 0x39c7, 0x0400, 0x9cd9, 0xffff, 0xce59, 0xce7f, 0x667f, 0x667f, 0x9cd9, 0xffff, 0xb596, 0xfe73, 0xfe73, 0x9cc0, 0x0000,
    0x9cc0, 0xffff, 0xfff3, 0xe71c, 0xffdf, 0xe71c, 0x9cd9, 0x9e7f, 0x9e7f, 0xa65e, 0xad52, 0x632c, 0x94b2, 0x9fff, 0xcf7f, 0xcf7f, 0xcf7f, 0xcfff, 0xcfff, 0xdefb, 0xc6f8, 0x6660, 0x3326, 0x04c0, 0x3320, 0x6000, 0x2945, 0x3326, 0x9819, 0x6006, 0x9cd9, 0xffff, 0xb596, 0x52aa, 0x3180, 0x9cd9, 0xffff, 0xce59, 0xcf7f, 0x9e7f, 0x9cd9, 0xce7f, 0xffdf, 0xb596, 0xfff3, 0xfe73, 0x9cc0, 0x0000,
    0x9cc0, 0xffff, 0xfff3, 0xef5d, 0xef5d, 0xffdf, 0x9cd9, 0xce79, 0xd6ba, 0x9e7f, 0x6326, 0x6320, 0x39c7, 0xe71c, 0x9fff, 0xcfff, 0xf79e, 0xcf7f, 0xcf7f, 0x9cd3, 0x34c0, 0x9cc0, 0x04c0, 0x9819, 0x3326, 0x0180, 0x0861, 0x5aeb, 0x3320, 0x3180, 0x9cd9, 0xffff, 0xc618, 0x9999, 0x6006, 0x9cd9, 0xffff, 0xce59, 0x94b2, 0x9cd3, 0x9cd9, 0xe71c, 0xdefb, 0xc618, 0xfe73, 0xfff3, 0x9cc0, 0x0000,
    0x9cc0, 0xffff, 0xfff3, 0xfff3, 0xd6ba, 0xffff, 0x9cd9, 0x6326, 0x8410, 0x9e79, 0x9cc6, 0x64c0, 0x6006, 0x6326, 0xcf7f, 0x9e79, 0x666c, 0xcf7f, 0xef5d, 0x6326, 0x3000, 0x3180, 0x3193, 0x4208, 0x6199, 0x64c6, 0x9cc6, 0xce73, 0xfff3, 0xfff3, 0xa514, 0xffdf, 0xd6ba, 0x64c6, 0x6326, 0x9cd9, 0xffff, 0xce59, 0x4208, 0x04c0, 0x9cd9, 0xffff, 0xce59, 0xce73, 0xfe73, 0xfe73, 0x9cc0, 0x0000,
    0x9cc0, 0xffff, 0xfff3, 0xfff3, 0xce79, 0xffff, 0x9cd9, 0x3180, 0x34c0, 0x52aa, 0x9e66, 0x64c0, 0x0400, 0x0180, 0x9cd3, 0x4208, 0x0320, 0x3326, 0x3320, 0x2945, 0x4a69, 0x9b2c, 0xce73, 0xeeb8, 0xfff3, 0xfe73, 0xfff3, 0xfe73, 0xfe73, 0xfe73, 0xa514, 0xef5d, 0xef5d, 0xb596, 0xfe73, 0x9cd9, 0xffff, 0xce59, 0x3326, 0x39c7, 0x9cd9, 0xffff, 0xc618, 0xfff3, 0xfe73, 0xfff3, 0x9cc0, 0x0000,
    0x9cc0, 0xffff, 0xfff3, 0xfff3, 0xd6ba, 0xffff, 0xce7f, 0x34c6, 0x2945, 0x2104, 0x0400, 0x0320, 0x04c0, 0x04c0, 0x2104, 0x0180, 0x0861, 0x3000, 0x6186, 0x9ccc, 0xeeb8, 0xfe73, 0xfff3, 0xfe73, 0xfe73, 0xfe73, 0xfe73, 0xce6c, 0xce6c, 0xce6c, 0xad52, 0xce7f, 0xffff, 0xa514, 0xce73, 0x9cd9, 0xffff, 0xce59, 0x9813, 0x632c, 0x9cd9, 0xffff, 0xb596, 0xfe73, 0xfe73, 0xfe73, 0x9cc0, 0x0000,
    0x9cc0, 0xffff, 0xfff3, 0xfff3, 0xdefb, 0xffdf, 0xcf7f, 0x64c6, 0x618c, 0x332c, 0x2945, 0x318c, 0x3180, 0x4a69, 0x6333, 0x6326, 0x9ccc, 0xcccc, 0xfff3, 0xfe73, 0xfe73, 0xfe73, 0xfe73, 0xce73, 0xfe73, 0xce6c, 0xce6c, 0xcccc, 0xcccc, 0xcccc, 0xcccc, 0x9cd9, 0xffff, 0xb596, 0xce6c, 0x9cd9, 0xffff, 0xce59, 0x3180, 0x8410, 0xc618, 0xffdf, 0xb596, 0xfe73, 0xfff3, 0xfe73, 0x9cc0, 0x0000,
    0x9cc0, 0xffff, 0xfff3, 0xfff3, 0xef5d, 0xf79e, 0xffdf, 0x9b39, 0x8010, 0x3320, 0x632c, 0xa514, 0xce6c, 0xfe73, 0xfff3, 0xfe73, 0xfff3, 0xfe73, 0xfe73, 0xfe73, 0xce73, 0xce73, 0xce6c, 0xce6c, 0xce6c, 0xccc6, 0xcccc, 0x9cc0, 0x9ccc, 0x9ccc, 0x9ccc, 0x9cd9, 0xffff, 0xc618, 0xcccc, 0x9cd9, 0xffff, 0xce59, 0xfe73, 0x9cd9, 0xe71c, 0xdefb, 0xc618, 0xfe73, 0xfe73, 0xfe73, 0x9cc0, 0x0000,
    0x9cc0, 0xffff, 0xfff3, 0xfff3, 0xfff3, 0xe71c, 0xffff, 0x9cd9, 0x6326, 0xad52, 0xfff3, 0xfe73, 0xfe73, 0xfff3, 0xfe73, 0xfe73, 0xfe73, 0xce6c, 0xce6c, 0xce6c, 0xce6c, 0xce6c, 0xcccc, 0xcccc, 0xcccc, 0x9cc6, 0x8430, 0x9ccc, 0xa514, 0x9cd9, 0xce59, 0xef5d, 0xffff, 0xd6ba, 0x94b2, 0x9cd9, 0xffff, 0xce59, 0xce73, 0x9cd9, 0xffdf, 0xce59, 0xce73, 0xfff3, 0xfe73, 0xfff3, 0x9cc0, 0x0000,
    0x9cc0, 0xffff, 0xfff3, 0xfff3, 0xfff3, 0xce79, 0xffff, 0x9cd9, 0xfe73, 0xfe73, 0xfff3, 0xfe73, 0xce73, 0xfe73, 0xce6c, 0xfe73, 0xcccc, 0xcccc, 0xcccc, 0xcccc, 0xcccc, 0x9cd3, 0x9cd3, 0x9cd9, 0x9cd9, 0xce7f, 0xf79e, 0xffdf, 0xffff, 0xffff, 0xffff, 0xffdf, 0xef5d, 0xce59, 0xb596, 0xa65e, 0xffff, 0xce59, 0xce6c, 0x9cd9, 0xffff, 0xc618, 0xfff3, 0xfe73, 0xfe73, 0xfe73, 0x9cc0, 0x0000,
    0x9cc0, 0xffff, 0xfff3, 0xfff3, 0xfff3, 0xce79, 0xffff, 0x9cd9, 0xce73, 0xfff3, 0xfe73, 0xfe6c, 0xce6c, 0xce6c, 0xce6c, 0xad52, 0x94b2, 0x9cd3, 0x9cd9, 0x9cd9, 0xce7f, 0xf79e, 0xffdf, 0xffff, 0xffff, 0xffff, 0xffdf, 0xf79e, 0xd6ba, 0xce79, 0xce79, 0xd6ba, 0xe71c, 0xffdf, 0xffff, 0xffff, 0xffdf, 0xce59, 0xad52, 0x9cd9, 0xffff, 0xb596, 0xfe73, 0xfe73, 0xfff3, 0xfe73, 0x9cc0, 0x0000,
    0x9cc0, 0xffff, 0xfff3, 0xfff3, 0xfff3, 0xdefb, 0xffdf, 0xce7f, 0xad52, 0xce6c, 0xad52, 0xad52, 0xa514, 0x9cd9, 0x9cd9, 0xce7f, 0xf79e, 0xffdf, 0xffff, 0xffff, 0xffff, 0xffdf, 0xef5d, 0xd6ba, 0xce79, 0xce59, 0xce59, 0xce59, 0xce59, 0xce59, 0xce59, 0xce59, 0xc618, 0xc618, 0xc618, 0xb596, 0xb596, 0xb596, 0xa514, 0xce7f, 0xffdf, 0xb596, 0xfff3, 0xfe73, 0xfe73, 0xfe73, 0x9cc0, 0x0000,
    0x9cc0, 0xffff, 0xfff3, 0xfff3, 0xfff3, 0xef5d, 0xf79e, 0xf79e, 0x9cd9, 0x9cd9, 0xce7f, 0xf79e, 0xffdf, 0xffff, 0xffff, 0xffff, 0xffdf, 0xef5d, 0xd6ba, 0xce59, 0xce79, 0xd6ba, 0xdefb, 0xe71c, 0xe71c, 0xd6ba, 0xce79, 0xce59, 0xd6ba, 0xe71c, 0xf79e, 0xffff, 0xffff, 0xffdf, 0xf79e, 0xcf7f, 0xa65e, 0x9cd9, 0x9cd9, 0xe71c, 0xdefb, 0xc618, 0xfe73, 0xfe73, 0xfe73, 0xfe73, 0x9cc0, 0x0000,
    0x9cc0, 0xffff, 0xfff3, 0xfff3, 0xfff3, 0xfff3, 0xe71c, 0xffff, 0xffff, 0xffff, 0xffff, 0xffdf, 0xef5d, 0xd6ba, 0xce79, 0xd6ba, 0xdefb, 0xef5d, 0xfff3, 0xfff3, 0xfff3, 0xfe73, 0xfff3, 0xfe73, 0xfff3, 0xfff3, 0xfe73, 0xfff3, 0xfe73, 0xef5d, 0xdefb, 0xce79, 0xce59, 0xd6ba, 0xf79e, 0xffdf, 0xffff, 0xffff, 0xffdf, 0xffff, 0xce59, 0xce73, 0xfe73, 0xfe73, 0xfff3, 0xfe73, 0x9cc0, 0x0000,
    0x9cc0, 0xffff, 0xfff3, 0xfff3, 0xfff3, 0xfff3, 0xce79, 0xef5d, 0xce79, 0xce79, 0xd6ba, 0xe71c, 0xef5d, 0xfff3, 0xfff3, 0xfff3, 0xfe73, 0xfff3, 0xfff3, 0xfe73, 0xfe73, 0xfff3, 0xfe73, 0xfff3, 0xfe73, 0xfe73, 0xfff3, 0xfe73, 0xfff3, 0xfe73, 0xfe73, 0xfff3, 0xfff3, 0xfe73, 0xef5d, 0xdefb, 0xce79, 0xce79, 0xdefb, 0xef5d, 0xc618, 0xce73, 0xfff3, 0xfe73, 0xfe73, 0xfe73, 0x9cc0, 0x0000,
    0x9cc0, 0xffff, 0xfff3, 0xfff3, 0xfe73, 0xfff3, 0xef5d, 0xfff3, 0xfff3, 0xfff3, 0xfff3, 0xfff3, 0xfff3, 0xfe73, 0xfff3, 0xfe73, 0xfff3, 0xfff3, 0xfe73, 0xfff3, 0xfff3, 0xfe73, 0xfff3, 0xfe73, 0xfff3, 0xfff3, 0xfe73, 0xfe73, 0xfff3, 0xfe73, 0xfff3, 0xfe73, 0xfe73, 0xfe73, 0xfff3, 0xfe73, 0xfe73, 0xfe73, 0xfe73, 0xef5d, 0xc618, 0xfe73, 0xfe73, 0xfe73, 0xfe73, 0xfe73, 0x9cc0, 0x0000,
    0x9cc0, 0xffff, 0xfff3, 0xfff3, 0xfff3, 0xfff3, 0xfff3, 0xfff3, 0xfe73, 0xfff3, 0xfe73, 0xfff3, 0xfe73, 0xfff3, 0xfe73, 0xfff3, 0xfff3, 0xfe73, 0xfff3, 0xfe73, 0xfff3, 0xfff3, 0xfe73, 0xfff3, 0xfe73, 0xfe73, 0xfff3, 0xfff3, 0xfe73, 0xfe73, 0xfff3, 0xfe73, 0xfff3, 0xfe73, 0xfe73, 0xfe73, 0xfff3, 0xfe73, 0xfff3, 0xfe73, 0xfe73, 0xfff3, 0xfe73, 0xfe73, 0xfe73, 0xfe73, 0x9cc0, 0x0000,
    0x9cc0, 0xffff, 0xfff3, 0xfe73, 0xfff3, 0xfff3, 0xfe73, 0xfff3, 0xfff3, 0xfff3, 0xfff3, 0xfe73, 0xfff3, 0xfff3, 0xfff3, 0xfe73, 0xfff3, 0xfe73, 0xfff3, 0xfe73, 0xfe73, 0xfff3, 0xfe73, 0xfff3, 0xfff3, 0xfe73, 0xfe73, 0xfe73, 0xfff3, 0xfe73, 0xfe73, 0xfff3, 0xfe73, 0xfff3, 0xfe73, 0xfe73, 0xfe73, 0xfe73, 0xfe73, 0xfe73, 0xfe73, 0xfe73, 0xfe73, 0xfe73, 0xfff3, 0xfe73, 0x9cc0, 0x0000,
    0x9cc0, 0xce6c, 0x9cc0, 0x9cc0, 0x9cc0, 0x9cc0, 0x9cc0, 0x9cc0, 0x9cc0, 0x9cc0, 0x9cc0, 0x9cc0, 0x9cc0, 0x9cc0, 0x9cc0, 0x9cc0, 0x9cc0, 0x9cc0, 0x9cc0, 0x9cc0, 0x9cc0, 0x9cc0, 0x9cc0, 0x9cc0, 0x9cc0, 0x9cc0, 0x9cc0, 0x9cc0, 0x9cc0, 0x9cc0, 0x9cc0, 0x9cc0, 0x9cc0, 0x9cc0, 0x9cc0, 0x9cc0, 0x9cc0, 0x9cc0, 0x9cc0, 0x9cc0, 0x9cc0, 0x9cc0, 0x9cc0, 0x9cc0, 0x9cc0, 0x9cc0, 0x9cc0, 0x0000,
    0x0000, 0x0000, 0x0000, 0x0000, 0x0000, 0x0000, 0x0000, 0x0000, 0x0000, 0x0000, 0x0000, 0x0000, 0x0000, 0x0000, 0x0000, 0x0000, 0x0000, 0x0000, 0x0000, 0x0000, 0x0000, 0x0000, 0x0000, 0x0000, 0x0000, 0x0000, 0x0000, 0x0000, 0x0000, 0x0000, 0x0000, 0x0000, 0x0000, 0x0000, 0x0000, 0x0000, 0x0000, 0x0000, 0x0000, 0x0000, 0x0000, 0x0000, 0x0000, 0x0000, 0x0000, 0x0000, 0x0000, 0x0000,
    0x0000, 0x0000, 0x0000, 0x0000, 0x0000, 0x0000, 0x0000, 0x0000, 0x0000, 0x0000, 0x0000, 0x0000, 0x0000, 0x0000, 0x0000, 0x0000, 0x0000, 0x0000, 0x0000, 0x0000, 0x0000, 0x0000, 0x0000, 0x0000, 0x0000, 0x0000, 0x0000, 0x0000, 0x0000, 0x0000, 0x0000, 0x0000, 0x0000, 0x0000, 0x0000, 0x0000, 0x0000, 0x0000, 0x0000, 0x0000, 0x0000, 0x0000, 0x0000, 0x0000, 0x0000, 0x0000, 0x0000, 0x0000,
    0x0000, 0x0000, 0x0000, 0x0000, 0x0000, 0x0000, 0x0000, 0x0000, 0x0000, 0x0000, 0x0000, 0x0000, 0x0000, 0x0000, 0x0000, 0x0000, 0x0000, 0x0000, 0x0000, 0x0000, 0x0000, 0x0000, 0x0000, 0x0000, 0x0000, 0x0000, 0x0000, 0x0000, 0x0000, 0x0000, 0x0000, 0x0000, 0x0000, 0x0000, 0x0000, 0x0000, 0x0000, 0x0000, 0x0000, 0x0000, 0x0000, 0x0000, 0x0000, 0x0000, 0x0000, 0x0000, 0x0000, 0x0000,
    0x0000, 0x0000, 0x0000, 0x0000, 0x0000, 0x0000, 0x0000, 0x0000, 0x0000, 0x0000, 0x0000, 0x0000, 0x0000, 0x0000, 0x0000, 0x0000, 0x0000, 0x0000, 0x0000, 0x0000, 0x0000, 0x0000, 0x0000, 0x0000, 0x0000, 0x0000, 0x0000, 0x0000, 0x0000, 0x0000, 0x0000, 0x0000, 0x0000, 0x0000, 0x0000, 0x0000, 0x0000, 0x0000, 0x0000, 0x0000, 0x0000, 0x0000, 0x0000, 0x0000, 0x0000, 0x0000, 0x0000, 0x0000,
    0x0000, 0x0000, 0x0000, 0x0000, 0x0000, 0x0000, 0x0000, 0x0000, 0x0000, 0x0000, 0x0000, 0x0000, 0x0000, 0x0000, 0x0000, 0x0000, 0x0000, 0x0000, 0x0000, 0x0000, 0x0000, 0x0000, 0x0000, 0x0000, 0x0000, 0x0000, 0x0000, 0x0000, 0x0000, 0x0000, 0x0000, 0x0000, 0x0000, 0x0000, 0x0000, 0x0000, 0x0000, 0x0000, 0x0000, 0x0000, 0x0000, 0x0000, 0x0000, 0x0000, 0x0000, 0x0000, 0x0000, 0x0000,
};
static const uint8_t W98_GALLERY_A[48 * 48] = {
      0,   0,   0,   0,   0,   0,   0,   0,   0,   0,   0,   0,   0,   0,   0,   0,   0,   0,   0,   0,   0,   0,   0,   0,   0,   0,   0,   0,   0,   0,   0,   0,   0,   0,   0,   0,   0,   0,   0,   0,   0,   0,   0,   0,   0,   0,   0,   0,
      0,   0,   0,   0,   0,   0,   0,   0,   0,   0,   0,   0,   0,   0,   0,   0,   0,   0,   0,   0,   0,   0,   0,   0,   0,   0,   0,   0,   0,   0,   0,   0,   0,   0,   0,   0,   0,   0,   0,   0,   0,   0,   0,   0,   0,   0,   0,   0,
      0,   0,   0,   0,   0,   0,   0,   0,   0,   0,   0,   0,   0,   0,   0,   0,   0,   0,   0,   0,   0,   0,   0,   0,   0,   0,   0,   0,   0,   0,   0,   0,   0,   0,   0,   0,   0,   0,   0,   0,   0,   0,   0,   0,   0,   0,   0,   0,
      0,   0,   0,   0,   0,   0,   0,   0,   0,   0,   0,   0,   0,   0,   0,   0,   0,   0,   0,   0,   0,   0,   0,   0,   0,   0,   0,   0,   0,   0,   0,   0,   0,   0,   0,   0,   0,   0,   0,   0,   0,   0,   0,   0,   0,   0,   0,   0,
      0,   0,   0,   0,   0,   0, 255, 255, 255, 255, 255, 255, 255, 255, 255, 255, 255, 255, 255, 255,   0,   0,   0,   0,   0,   0,   0,   0,   0,   0,   0,   0,   0,   0,   0,   0,   0,   0,   0,   0,   0,   0,   0,   0,   0,   0,   0,   0,
      0,   0,   0,   0,   0, 255, 255, 255, 255, 255, 255, 255, 255, 255, 255, 255, 255, 255, 255, 255, 255,   0,   0,   0,   0,   0,   0,   0,   0,   0,   0,   0,   0,   0,   0,   0,   0,   0,   0,   0,   0,   0,   0,   0,   0,   0,   0,   0,
      0,   0,   0,   0, 255, 255, 255, 255, 255, 255, 255, 255, 255, 255, 255, 255, 255, 255, 255, 255, 255, 255,   0,   0,   0,   0,   0,   0,   0,   0,   0,   0,   0,   0,   0,   0,   0,   0,   0,   0,   0,   0,   0,   0,   0,   0,   0,   0,
      0,   0,   0, 255, 255, 255, 255, 255, 255, 255, 255, 255, 255, 255, 255, 255, 255, 255, 255, 255, 255, 255, 255,   0,   0,   0,   0,   0,   0,   0,   0,   0,   0,   0,   0,   0,   0,   0,   0,   0,   0,   0,   0,   0,   0,   0,   0,   0,
      0,   0, 255, 255, 255, 255, 255, 255, 255, 255, 255, 255, 255, 255, 255, 255, 255, 255, 255, 255, 255, 255, 255, 255,   0,   0,   0,   0,   0,   0,   0,   0,   0,   0,   0,   0,   0,   0,   0,   0,   0,   0,   0,   0,   0,   0,   0,   0,
      0, 255, 255, 255, 255, 255, 255, 255, 255, 255, 255, 255, 255, 255, 255, 255, 255, 255, 255, 255, 255, 255, 255, 255, 255,   0,   0,   0,   0,   0,   0,   0,   0,   0,   0,   0,   0,   0,   0,   0,   0,   0,   0,   0,   0,   0,   0,   0,
    255, 255, 255, 255, 255, 255, 255, 255, 255, 255, 255, 255, 255, 255, 255, 255, 255, 255, 255, 255, 255, 255, 255, 255, 255, 255,   0,   0,   0,   0,   0,   0,   0,   0,   0,   0,   0,   0,   0,   0,   0,   0,   0,   0,   0,   0,   0,   0,
    255, 255, 255, 255, 255, 255, 255, 255, 255, 255, 255, 255, 255, 255, 255, 255, 255, 255, 255, 255, 255, 255, 255, 255, 255, 255, 255, 255, 255, 255, 255, 255, 255, 255, 255, 255, 255, 255, 255, 255, 255, 255, 255, 255, 255, 255,   0,   0,
    255, 255, 255, 255, 255, 255, 255, 255, 255, 255, 255, 255, 255, 255, 255, 255, 255, 255, 255, 255, 255, 255, 255, 255, 255, 255, 255, 255, 255, 255, 255, 255, 255, 255, 255, 255, 255, 255, 255, 255, 255, 255, 255, 255, 255, 255, 255,   0,
    255, 255, 255, 255, 255, 255, 255, 255, 255, 255, 255, 255, 255, 255, 255, 255, 255, 255, 255, 255, 255, 255, 255, 255, 255, 255, 255, 255, 255, 255, 255, 255, 255, 255, 255, 255, 255, 255, 255, 255, 255, 255, 255, 255, 255, 255, 255, 255,
    255, 255, 255, 255, 255, 255, 255, 255, 255, 255, 255, 255, 255, 255, 255, 255, 255, 255, 255, 255, 255, 255, 255, 255, 255, 255, 255, 255, 255, 255, 255, 255, 255, 255, 255, 255, 255, 255, 255, 255, 255, 255, 255, 255, 255, 255, 255, 255,
    255, 255, 255, 255, 255, 255, 255, 255, 255, 255, 255, 255, 255, 255, 255, 255, 255, 255, 255, 255, 255, 255, 255, 255, 255, 255, 255, 255, 255, 255, 255, 255, 255, 255, 255, 255, 255, 255, 255, 255, 255, 255, 255, 255, 255, 255, 255, 255,
    255, 255, 255, 255, 255, 255, 255, 255, 255, 255, 255, 255, 255, 255, 255, 255, 255, 255, 255, 255, 255, 255, 255, 255, 255, 255, 255, 255, 255, 255, 255, 255, 255, 255, 255, 255, 255, 255, 255, 255, 255, 255, 255, 255, 255, 255, 255, 255,
    255, 255, 255, 255, 255, 255, 255, 255, 255, 255, 255, 255, 255, 255, 255, 255, 255, 255, 255, 255, 255, 255, 255, 255, 255, 255, 255, 255, 255, 255, 255, 255, 255, 255, 255, 255, 255, 255, 255, 255, 255, 255, 255, 255, 255, 255, 255, 255,
    255, 255, 255, 255, 255, 255, 255, 255, 255, 255, 255, 255, 255, 255, 255, 255, 255, 255, 255, 255, 255, 255, 255, 255, 255, 255, 255, 255, 255, 255, 255, 255, 255, 255, 255, 255, 255, 255, 255, 255, 255, 255, 255, 255, 255, 255, 255, 255,
    255, 255, 255, 255, 255, 255, 255, 255, 255, 255, 255, 255, 255, 255, 255, 255, 255, 255, 255, 255, 255, 255, 255, 255, 255, 255, 255, 255, 255, 255, 255, 255, 255, 255, 255, 255, 255, 255, 255, 255, 255, 255, 255, 255, 255, 255, 255, 255,
    255, 255, 255, 255, 255, 255, 255, 255, 255, 255, 255, 255, 255, 255, 255, 255, 255, 255, 255, 255, 255, 255, 255, 255, 255, 255, 255, 255, 255, 255, 255, 255, 255, 255, 255, 255, 255, 255, 255, 255, 255, 255, 255, 255, 255, 255, 255, 255,
    255, 255, 255, 255, 255, 255, 255, 255, 255, 255, 255, 255, 255, 255, 255, 255, 255, 255, 255, 255, 255, 255, 255, 255, 255, 255, 255, 255, 255, 255, 255, 255, 255, 255, 255, 255, 255, 255, 255, 255, 255, 255, 255, 255, 255, 255, 255, 255,
    255, 255, 255, 255, 255, 255, 255, 255, 255, 255, 255, 255, 255, 255, 255, 255, 255, 255, 255, 255, 255, 255, 255, 255, 255, 255, 255, 255, 255, 255, 255, 255, 255, 255, 255, 255, 255, 255, 255, 255, 255, 255, 255, 255, 255, 255, 255, 255,
    255, 255, 255, 255, 255, 255, 255, 255, 255, 255, 255, 255, 255, 255, 255, 255, 255, 255, 255, 255, 255, 255, 255, 255, 255, 255, 255, 255, 255, 255, 255, 255, 255, 255, 255, 255, 255, 255, 255, 255, 255, 255, 255, 255, 255, 255, 255, 255,
    255, 255, 255, 255, 255, 255, 255, 255, 255, 255, 255, 255, 255, 255, 255, 255, 255, 255, 255, 255, 255, 255, 255, 255, 255, 255, 255, 255, 255, 255, 255, 255, 255, 255, 255, 255, 255, 255, 255, 255, 255, 255, 255, 255, 255, 255, 255, 255,
    255, 255, 255, 255, 255, 255, 255, 255, 255, 255, 255, 255, 255, 255, 255, 255, 255, 255, 255, 255, 255, 255, 255, 255, 255, 255, 255, 255, 255, 255, 255, 255, 255, 255, 255, 255, 255, 255, 255, 255, 255, 255, 255, 255, 255, 255, 255, 255,
    255, 255, 255, 255, 255, 255, 255, 255, 255, 255, 255, 255, 255, 255, 255, 255, 255, 255, 255, 255, 255, 255, 255, 255, 255, 255, 255, 255, 255, 255, 255, 255, 255, 255, 255, 255, 255, 255, 255, 255, 255, 255, 255, 255, 255, 255, 255, 255,
    255, 255, 255, 255, 255, 255, 255, 255, 255, 255, 255, 255, 255, 255, 255, 255, 255, 255, 255, 255, 255, 255, 255, 255, 255, 255, 255, 255, 255, 255, 255, 255, 255, 255, 255, 255, 255, 255, 255, 255, 255, 255, 255, 255, 255, 255, 255, 255,
    255, 255, 255, 255, 255, 255, 255, 255, 255, 255, 255, 255, 255, 255, 255, 255, 255, 255, 255, 255, 255, 255, 255, 255, 255, 255, 255, 255, 255, 255, 255, 255, 255, 255, 255, 255, 255, 255, 255, 255, 255, 255, 255, 255, 255, 255, 255, 255,
    255, 255, 255, 255, 255, 255, 255, 255, 255, 255, 255, 255, 255, 255, 255, 255, 255, 255, 255, 255, 255, 255, 255, 255, 255, 255, 255, 255, 255, 255, 255, 255, 255, 255, 255, 255, 255, 255, 255, 255, 255, 255, 255, 255, 255, 255, 255, 255,
    255, 255, 255, 255, 255, 255, 255, 255, 255, 255, 255, 255, 255, 255, 255, 255, 255, 255, 255, 255, 255, 255, 255, 255, 255, 255, 255, 255, 255, 255, 255, 255, 255, 255, 255, 255, 255, 255, 255, 255, 255, 255, 255, 255, 255, 255, 255, 255,
    255, 255, 255, 255, 255, 255, 255, 255, 255, 255, 255, 255, 255, 255, 255, 255, 255, 255, 255, 255, 255, 255, 255, 255, 255, 255, 255, 255, 255, 255, 255, 255, 255, 255, 255, 255, 255, 255, 255, 255, 255, 255, 255, 255, 255, 255, 255, 255,
    255, 255, 255, 255, 255, 255, 255, 255, 255, 255, 255, 255, 255, 255, 255, 255, 255, 255, 255, 255, 255, 255, 255, 255, 255, 255, 255, 255, 255, 255, 255, 255, 255, 255, 255, 255, 255, 255, 255, 255, 255, 255, 255, 255, 255, 255, 255, 255,
    255, 255, 255, 255, 255, 255, 255, 255, 255, 255, 255, 255, 255, 255, 255, 255, 255, 255, 255, 255, 255, 255, 255, 255, 255, 255, 255, 255, 255, 255, 255, 255, 255, 255, 255, 255, 255, 255, 255, 255, 255, 255, 255, 255, 255, 255, 255, 255,
    255, 255, 255, 255, 255, 255, 255, 255, 255, 255, 255, 255, 255, 255, 255, 255, 255, 255, 255, 255, 255, 255, 255, 255, 255, 255, 255, 255, 255, 255, 255, 255, 255, 255, 255, 255, 255, 255, 255, 255, 255, 255, 255, 255, 255, 255, 255, 255,
    255, 255, 255, 255, 255, 255, 255, 255, 255, 255, 255, 255, 255, 255, 255, 255, 255, 255, 255, 255, 255, 255, 255, 255, 255, 255, 255, 255, 255, 255, 255, 255, 255, 255, 255, 255, 255, 255, 255, 255, 255, 255, 255, 255, 255, 255, 255, 255,
    255, 255, 255, 255, 255, 255, 255, 255, 255, 255, 255, 255, 255, 255, 255, 255, 255, 255, 255, 255, 255, 255, 255, 255, 255, 255, 255, 255, 255, 255, 255, 255, 255, 255, 255, 255, 255, 255, 255, 255, 255, 255, 255, 255, 255, 255, 255, 255,
    255, 255, 255, 255, 255, 255, 255, 255, 255, 255, 255, 255, 255, 255, 255, 255, 255, 255, 255, 255, 255, 255, 255, 255, 255, 255, 255, 255, 255, 255, 255, 255, 255, 255, 255, 255, 255, 255, 255, 255, 255, 255, 255, 255, 255, 255, 255, 255,
    255, 255, 255, 255, 255, 255, 255, 255, 255, 255, 255, 255, 255, 255, 255, 255, 255, 255, 255, 255, 255, 255, 255, 255, 255, 255, 255, 255, 255, 255, 255, 255, 255, 255, 255, 255, 255, 255, 255, 255, 255, 255, 255, 255, 255, 255, 255, 255,
    255, 255, 255, 255, 255, 255, 255, 255, 255, 255, 255, 255, 255, 255, 255, 255, 255, 255, 255, 255, 255, 255, 255, 255, 255, 255, 255, 255, 255, 255, 255, 255, 255, 255, 255, 255, 255, 255, 255, 255, 255, 255, 255, 255, 255, 255, 255, 255,
    255, 255, 255, 255, 255, 255, 255, 255, 255, 255, 255, 255, 255, 255, 255, 255, 255, 255, 255, 255, 255, 255, 255, 255, 255, 255, 255, 255, 255, 255, 255, 255, 255, 255, 255, 255, 255, 255, 255, 255, 255, 255, 255, 255, 255, 255, 255, 255,
    255, 255, 255, 255, 255, 255, 255, 255, 255, 255, 255, 255, 255, 255, 255, 255, 255, 255, 255, 255, 255, 255, 255, 255, 255, 255, 255, 255, 255, 255, 255, 255, 255, 255, 255, 255, 255, 255, 255, 255, 255, 255, 255, 255, 255, 255, 255, 255,
    255, 255, 255, 255, 255, 255, 255, 255, 255, 255, 255, 255, 255, 255, 255, 255, 255, 255, 255, 255, 255, 255, 255, 255, 255, 255, 255, 255, 255, 255, 255, 255, 255, 255, 255, 255, 255, 255, 255, 255, 255, 255, 255, 255, 255, 255, 255, 255,
    255, 255, 255, 255, 255, 255, 255, 255, 255, 255, 255, 255, 255, 255, 255, 255, 255, 255, 255, 255, 255, 255, 255, 255, 255, 255, 255, 255, 255, 255, 255, 255, 255, 255, 255, 255, 255, 255, 255, 255, 255, 255, 255, 255, 255, 255, 255,   0,
      0,   0,   0,   0,   0,   0,   0,   0,   0,   0,   0,   0,   0,   0,   0,   0,   0,   0,   0,   0,   0,   0,   0,   0,   0,   0,   0,   0,   0,   0,   0,   0,   0,   0,   0,   0,   0,   0,   0,   0,   0,   0,   0,   0,   0,   0,   0,   0,
      0,   0,   0,   0,   0,   0,   0,   0,   0,   0,   0,   0,   0,   0,   0,   0,   0,   0,   0,   0,   0,   0,   0,   0,   0,   0,   0,   0,   0,   0,   0,   0,   0,   0,   0,   0,   0,   0,   0,   0,   0,   0,   0,   0,   0,   0,   0,   0,
      0,   0,   0,   0,   0,   0,   0,   0,   0,   0,   0,   0,   0,   0,   0,   0,   0,   0,   0,   0,   0,   0,   0,   0,   0,   0,   0,   0,   0,   0,   0,   0,   0,   0,   0,   0,   0,   0,   0,   0,   0,   0,   0,   0,   0,   0,   0,   0,
      0,   0,   0,   0,   0,   0,   0,   0,   0,   0,   0,   0,   0,   0,   0,   0,   0,   0,   0,   0,   0,   0,   0,   0,   0,   0,   0,   0,   0,   0,   0,   0,   0,   0,   0,   0,   0,   0,   0,   0,   0,   0,   0,   0,   0,   0,   0,   0,
};

/* ROLL - w98_camera3_network.ico, 48x48 at best bpp, drawn at 3x.
 * The camera wired to a network. Photographs leaving, against GALLERY's photographs sitting still. */
static const uint16_t W98_ROLL_RGB[48 * 48] = {
    0x0000, 0x0000, 0x0000, 0x0000, 0x0000, 0x0000, 0x0000, 0x0000, 0x0000, 0x0000, 0x0000, 0x0000, 0x0000, 0x0000, 0x0000, 0x0000, 0x0000, 0x0000, 0x0000, 0x0000, 0x0000, 0x0000, 0x0000, 0x0000, 0x0000, 0x0000, 0x0000, 0x0000, 0x0000, 0x0000, 0x0000, 0x0000, 0x0000, 0x0000, 0x0000, 0x0000, 0x0000, 0x0000, 0x0000, 0x0000, 0x0000, 0x0000, 0x0000, 0x0000, 0x0000, 0x0000, 0x0000, 0x0000,
    0x0000, 0x0000, 0x0000, 0x0000, 0x0000, 0x0000, 0x0000, 0x0000, 0x0000, 0x0000, 0x0000, 0x0000, 0x0000, 0x0000, 0x0000, 0x0000, 0x0000, 0x0000, 0x0000, 0x0000, 0x0000, 0x0000, 0x0000, 0x0000, 0x0000, 0x0000, 0x0000, 0x0000, 0x0000, 0x0000, 0x0000, 0x0000, 0x0000, 0x0000, 0x0000, 0x0000, 0x0000, 0x0000, 0x0000, 0x0000, 0x0000, 0x0000, 0x0000, 0x0000, 0x0000, 0x0000, 0x0000, 0x0000,
    0x0000, 0x0000, 0x0000, 0x0000, 0x0000, 0x0000, 0x0000, 0x0000, 0x0000, 0x0000, 0x0000, 0x0000, 0x0000, 0x0000, 0x0000, 0x0000, 0x0000, 0x0000, 0x0000, 0x0000, 0x0000, 0x0000, 0x0000, 0x0000, 0x0000, 0x0000, 0x0000, 0x0000, 0x0000, 0x0000, 0x0000, 0x0000, 0x0000, 0x0000, 0x0000, 0x0000, 0x0000, 0x0000, 0x0000, 0x0000, 0x0000, 0x0000, 0x0000, 0x0000, 0x0000, 0x0000, 0x0000, 0x0000,
    0x0000, 0x0000, 0x0000, 0x0000, 0x0000, 0x0000, 0x0000, 0x0000, 0x0000, 0x0000, 0x0000, 0x0000, 0x9e79, 0xad52, 0xad52, 0xad52, 0xad52, 0xad52, 0x0000, 0x0000, 0x0000, 0x0000, 0x0000, 0x0000, 0x0000, 0x0000, 0x0000, 0x0000, 0x0000, 0x0000, 0x0000, 0x0000, 0x0000, 0x0000, 0x0000, 0x0000, 0x0000, 0x0000, 0x0000, 0x0000, 0x0000, 0x0000, 0x0000, 0x0000, 0x0000, 0x0000, 0x0000, 0x0000,
    0x0000, 0x0000, 0x0000, 0x0000, 0x0000, 0x0000, 0x0000, 0x0000, 0x0000, 0x9cd9, 0x9cd9, 0x6333, 0xcfff, 0xce7f, 0xcfff, 0xce7f, 0x9e7f, 0xce7f, 0x9cdf, 0x0000, 0x332c, 0x332c, 0x332c, 0x332c, 0x332c, 0x332c, 0x332c, 0x332c, 0x332c, 0x332c, 0x332c, 0x332c, 0x332c, 0x332c, 0x332c, 0x9cd9, 0x0000, 0x0000, 0x0000, 0x0000, 0x0000, 0x0000, 0x0000, 0x0000, 0x0000, 0x0000, 0x0000, 0x0000,
    0x0000, 0x0000, 0x0000, 0x0000, 0x0000, 0x0000, 0x0000, 0x9cd3, 0x9ccc, 0x9cd9, 0x6333, 0xcfff, 0xce7f, 0x9e7f, 0xce7f, 0x9cdf, 0x9e7f, 0x9cdf, 0x9e7f, 0x9cdf, 0x0861, 0x6333, 0x9ccc, 0x6333, 0x9ccc, 0x6333, 0x9ccc, 0x6333, 0x9ccc, 0x6333, 0x9ccc, 0x6333, 0x9ccc, 0x6333, 0x9ccc, 0x6333, 0x2945, 0x2104, 0x0000, 0x0000, 0x0000, 0x0000, 0x0000, 0x0000, 0x0000, 0x0000, 0x0000, 0x0000,
    0x0000, 0x0000, 0x0000, 0x0000, 0x0000, 0x0000, 0x9cd3, 0xce7f, 0x9ccc, 0x9ccc, 0x6326, 0x6326, 0x6326, 0x6326, 0x6326, 0x6326, 0x6326, 0x6326, 0x6326, 0x6326, 0x6326, 0x0000, 0x6333, 0x6326, 0x6333, 0x6326, 0x6333, 0x6326, 0x6333, 0x6326, 0x6333, 0x6326, 0x6333, 0x6326, 0x6326, 0x6333, 0x6326, 0x6333, 0x0861, 0x0000, 0x0000, 0x0000, 0x0000, 0x0000, 0x0000, 0x0000, 0x0000, 0x0000,
    0x0000, 0x0000, 0x0000, 0x0000, 0x0000, 0x332c, 0xe73a, 0xce7f, 0x9ccc, 0x6326, 0x6333, 0x3180, 0x3180, 0x3180, 0x3180, 0x3180, 0x3180, 0x3180, 0x3180, 0x3180, 0x39c7, 0x3180, 0x3180, 0x3180, 0x3180, 0x3180, 0x3180, 0x3180, 0x3180, 0x3180, 0x3180, 0x3180, 0x3180, 0x3180, 0x3180, 0x3180, 0x3180, 0x3180, 0x3180, 0x3180, 0x3180, 0x0000, 0x0000, 0x0000, 0x0000, 0x0000, 0x0000, 0x0000,
    0x0000, 0x0000, 0x0000, 0x0000, 0x0000, 0x332c, 0xce7f, 0x9ccc, 0x6326, 0x6333, 0xce7f, 0xc618, 0xce7f, 0xc618, 0xce7f, 0xc618, 0xce7f, 0xc618, 0xce7f, 0xc618, 0xc618, 0xc618, 0xc618, 0xc618, 0x9cd9, 0xc618, 0x9cd9, 0xc618, 0x9cd9, 0xc618, 0x9cd9, 0xc618, 0x9cd9, 0xc618, 0x9cd9, 0xad52, 0x9cd9, 0xad52, 0x9cd9, 0x6326, 0x6333, 0x3180, 0x0000, 0x0000, 0x0000, 0x0000, 0x0000, 0x0000,
    0x0000, 0x0000, 0x0000, 0x0000, 0x6333, 0x318c, 0x6333, 0x6326, 0x6333, 0xce7f, 0xc618, 0x9cd9, 0xc618, 0x9cd9, 0xc618, 0x9cd9, 0xc618, 0x9cd9, 0xc618, 0x9cd9, 0xc618, 0x9cd9, 0xc618, 0x9cd9, 0xc618, 0x9cd9, 0xc618, 0x9cd9, 0xad52, 0x9cd9, 0xad52, 0x9cd9, 0xad52, 0x9cd9, 0xad52, 0x9cd9, 0xad52, 0x9cd9, 0xad52, 0x9cd9, 0x6326, 0x6333, 0x3180, 0x0000, 0x0000, 0x0000, 0x0000, 0x0000,
    0x0000, 0x0000, 0x0000, 0x6333, 0x6333, 0x318c, 0x318c, 0x0020, 0xce7f, 0xad52, 0x9cd9, 0xad52, 0x9cd9, 0xad52, 0x9cd9, 0xad52, 0x9cd9, 0xad52, 0x9cd9, 0xad52, 0x9cd9, 0xad52, 0x9cd9, 0xad52, 0x9cd9, 0xad52, 0x9cd9, 0xad52, 0x9cd9, 0xad52, 0x9cd9, 0xad52, 0x9cd9, 0xad52, 0x9cd9, 0xad52, 0x9cd9, 0xad52, 0x9cd9, 0xad52, 0x9cd9, 0x6326, 0x3180, 0x0000, 0x0000, 0x0000, 0x0000, 0x0000,
    0x0000, 0x0000, 0x6333, 0xcf7f, 0xce7f, 0x9b39, 0x5aeb, 0x0861, 0x10a2, 0x318c, 0x6333, 0x318c, 0x18e3, 0x1082, 0x10a2, 0x0861, 0x0841, 0x0841, 0x0841, 0x0841, 0x0841, 0x0841, 0x0841, 0x0841, 0x0841, 0x0841, 0x0841, 0x0841, 0x0841, 0x0861, 0x1082, 0x10a2, 0x10a2, 0x10a2, 0x10a2, 0x10a2, 0x10a2, 0x10a2, 0x318c, 0x6333, 0x6326, 0x6333, 0x0020, 0x0000, 0x0000, 0x0000, 0x0000, 0x0000,
    0x0000, 0x6333, 0xcf7f, 0xce7f, 0x6333, 0x318c, 0x9cd9, 0x6333, 0x318c, 0x0841, 0x318c, 0x6333, 0x318c, 0x318c, 0x0841, 0x6326, 0x6333, 0x6326, 0x6333, 0x6326, 0x6333, 0x6326, 0x6333, 0x6326, 0x6333, 0x6326, 0x6333, 0x6326, 0x6333, 0x6326, 0x6333, 0x6326, 0x318c, 0x318c, 0x0000, 0x0000, 0x0000, 0x0000, 0x0000, 0x0000, 0x318c, 0x318c, 0x0000, 0x0000, 0x0000, 0x0000, 0x0000, 0x0000,
    0x6333, 0xcf7f, 0xad52, 0x9cdf, 0x52aa, 0x6333, 0x318c, 0x6339, 0x04d9, 0x2104, 0x0861, 0x318c, 0x6333, 0x318c, 0x3180, 0x6333, 0xad52, 0x9cd9, 0xad52, 0x9cd9, 0xad52, 0x9cd9, 0xad52, 0x9cd9, 0xad52, 0x9cd9, 0xad52, 0x9cd9, 0xad52, 0x6333, 0x318c, 0x318c, 0x0000, 0x0841, 0x10a2, 0x10a2, 0x1082, 0x0861, 0x0841, 0x0841, 0x0841, 0x0020, 0x0000, 0x0000, 0x0000, 0x0000, 0x0000, 0x0000,
    0x6333, 0xad52, 0x9cdf, 0x94b2, 0x6333, 0x318c, 0x52aa, 0x39c7, 0x6339, 0x64d3, 0x2945, 0x0000, 0x318c, 0x318c, 0x318c, 0x6326, 0x9cd9, 0xad52, 0x318c, 0x318c, 0x318c, 0x318c, 0x318c, 0x318c, 0x318c, 0x318c, 0x318c, 0xa514, 0x6333, 0x6333, 0x1082, 0x0000, 0x0000, 0x2945, 0x318c, 0x73ae, 0x6326, 0x6180, 0x6186, 0x6186, 0x2104, 0x1082, 0x0861, 0x10a2, 0x0000, 0x0000, 0x0000, 0x0000,
    0x6333, 0x9cdf, 0xad52, 0x9cdf, 0x52aa, 0x6333, 0x318c, 0x318c, 0x318c, 0x6339, 0x04d9, 0x3186, 0x18e3, 0x318c, 0x39c7, 0x6333, 0xad52, 0x9cd9, 0x0841, 0x2945, 0x6679, 0x6679, 0x6679, 0x6679, 0x6679, 0x318c, 0x2104, 0x6333, 0x6333, 0x1082, 0x0000, 0x10a2, 0x318c, 0x6333, 0x8430, 0x4a69, 0x6193, 0x6193, 0x6333, 0x6333, 0x6333, 0x73ae, 0x4a69, 0x3186, 0x18e3, 0x0000, 0x0000, 0x0000,
    0x6333, 0xad52, 0x9cdf, 0x94b2, 0x6333, 0x318c, 0x52aa, 0x39c7, 0x52aa, 0x6333, 0x6339, 0x64d3, 0x0861, 0x318c, 0x3186, 0x6326, 0x9cd9, 0xad52, 0x0000, 0x3186, 0x9e79, 0xcfff, 0xcfff, 0xcfff, 0x67ff, 0x4a69, 0x0000, 0x6333, 0x2945, 0x0000, 0x1082, 0x52aa, 0x94b2, 0x8430, 0x0020, 0x0020, 0x6019, 0x6019, 0x6339, 0x6339, 0x6339, 0x9cd9, 0x9cd9, 0x6333, 0x318c, 0x0841, 0x0000, 0x0000,
    0x6333, 0x9cdf, 0xad52, 0x9cdf, 0x52aa, 0x6333, 0x318c, 0x318c, 0x318c, 0x52aa, 0x6333, 0x6339, 0x1082, 0x318c, 0x318c, 0x6333, 0xad52, 0x9cd9, 0x0841, 0x39c7, 0x6679, 0x67ff, 0x37ff, 0x67ff, 0x67ff, 0x5aeb, 0x0000, 0x2945, 0x0000, 0x0861, 0x6333, 0x94b2, 0x8430, 0x0020, 0x0020, 0x6019, 0x1082, 0x0020, 0x0000, 0x0020, 0x0000, 0x0000, 0x6339, 0x9cd9, 0x318c, 0x318c, 0x6333, 0x0000,
    0x6333, 0xad52, 0x9cdf, 0x94b2, 0x6333, 0x318c, 0x52aa, 0x39c7, 0x52aa, 0x6333, 0x6333, 0x04d9, 0x1082, 0x318c, 0x39c7, 0x6326, 0x9cd9, 0xad52, 0x0000, 0x39c7, 0x032c, 0x032c, 0x032c, 0x032c, 0x332c, 0x032c, 0x0000, 0x0000, 0x2104, 0x52aa, 0x8410, 0xad52, 0x0020, 0x0020, 0x6019, 0x300c, 0x0841, 0x318c, 0x332c, 0x032c, 0x018c, 0x0000, 0x0000, 0x6339, 0x9cd9, 0x6333, 0x318c, 0x9cd9,
    0x6333, 0x9cdf, 0xad52, 0x9cdf, 0x52aa, 0x6333, 0x318c, 0x318c, 0x318c, 0x52aa, 0x6333, 0x6339, 0x1082, 0x318c, 0x3186, 0x6333, 0xad52, 0x9cd9, 0x0000, 0x0000, 0x0000, 0x0000, 0x0000, 0x0000, 0x0000, 0x0000, 0x0000, 0x0000, 0x318c, 0x8410, 0xad52, 0x8430, 0x0000, 0x6019, 0x18e3, 0x0186, 0x032c, 0x64d9, 0x9cdf, 0x34df, 0x0339, 0x018c, 0x2945, 0x0000, 0x6339, 0x6333, 0x2945, 0x9cd9,
    0x6333, 0xad52, 0x9cdf, 0x94b2, 0x6333, 0x318c, 0x52aa, 0x39c7, 0x52aa, 0x6333, 0x6333, 0x64d3, 0x0861, 0x318c, 0x318c, 0x6326, 0x9cd9, 0xad52, 0x9cd9, 0xad52, 0x9cd9, 0xad52, 0x9cd9, 0xad52, 0x9cd9, 0xad52, 0x9cd9, 0x0841, 0x2945, 0x9cd9, 0xcf7f, 0x5aeb, 0x0020, 0x6019, 0x3199, 0x04d9, 0x37ff, 0x667f, 0x667f, 0x9cdf, 0x34df, 0x0333, 0x018c, 0x0000, 0x6339, 0x9cd9, 0x4208, 0x6333,
    0x6333, 0x9cdf, 0xad52, 0x9cdf, 0x52aa, 0x6333, 0x318c, 0x318c, 0x318c, 0x52aa, 0x6333, 0x6339, 0x0861, 0x318c, 0x4208, 0x6333, 0xad52, 0x9cd9, 0xad52, 0x9cd9, 0xad52, 0x9cd9, 0xad52, 0x9cd9, 0xad52, 0x9cd9, 0xad52, 0x0841, 0x2945, 0x9cd9, 0xcf7f, 0x5aeb, 0x0020, 0x6019, 0x04df, 0x667f, 0xcfff, 0x9fff, 0x667f, 0x667f, 0x04df, 0x34df, 0x0339, 0x018c, 0x0000, 0x9cd9, 0x4a69, 0x6333,
    0x6333, 0xad52, 0x9cdf, 0x94b2, 0x6333, 0x318c, 0x52aa, 0x39c7, 0x52aa, 0x6333, 0x6333, 0x04d9, 0x1082, 0x318c, 0x3180, 0x6326, 0x6333, 0x6326, 0x6333, 0x6326, 0x6333, 0x6326, 0x6333, 0x6326, 0x6333, 0x6326, 0x6333, 0x0000, 0x318c, 0x9cd9, 0xa65e, 0x4a69, 0x0020, 0x6019, 0x9cdf, 0xce7f, 0xffde, 0xcfff, 0x67ff, 0x667f, 0x367f, 0x04df, 0x0339, 0x018c, 0x0000, 0x9e7f, 0x4a69, 0x6333,
    0x6333, 0x9cdf, 0xad52, 0x9cdf, 0x52aa, 0x6333, 0x318c, 0x318c, 0x318c, 0x52aa, 0x6333, 0x6339, 0x1082, 0x0000, 0x0000, 0x0020, 0x0000, 0x0000, 0x0020, 0x0000, 0x0000, 0x0020, 0x0000, 0x0000, 0x0020, 0x0000, 0x0000, 0x0000, 0x318c, 0x94b2, 0xb596, 0x4208, 0x0841, 0x6019, 0x9cdf, 0xce7f, 0xffde, 0xcfff, 0x67ff, 0x67ff, 0x667f, 0x367f, 0x0339, 0x018c, 0x0000, 0x9e7f, 0x52aa, 0x6333,
    0x6333, 0xad52, 0x9cdf, 0x94b2, 0x6333, 0x318c, 0x52aa, 0x39c7, 0x52aa, 0x6333, 0x6333, 0x64d3, 0x0861, 0x6326, 0x6333, 0x6326, 0x6333, 0x6326, 0x6333, 0x6326, 0x6333, 0x6326, 0x6333, 0x6326, 0x6333, 0x6326, 0x6333, 0x0000, 0x318c, 0x6333, 0x9ccc, 0x3180, 0x0006, 0x6019, 0x9cdf, 0xce7f, 0x9fff, 0x9fff, 0x67ff, 0x67ff, 0x667f, 0x367f, 0x0339, 0x018c, 0x0000, 0xcf7f, 0x632c, 0x6333,
    0x6333, 0x9cdf, 0xad52, 0x9cdf, 0x52aa, 0x6333, 0x318c, 0x318c, 0x318c, 0x52aa, 0x6333, 0x6339, 0x0841, 0x6333, 0xa514, 0x9cd9, 0xa514, 0x9cd9, 0xa514, 0x9cd9, 0xa514, 0x9cd9, 0xa514, 0x9cd9, 0xa514, 0x9cd9, 0xa514, 0x0000, 0x318c, 0x6333, 0x6326, 0x3180, 0x0006, 0x6019, 0x64d9, 0x9e7f, 0x9fff, 0x67ff, 0x67ff, 0x67ff, 0x367f, 0x367f, 0x0339, 0x018c, 0x0000, 0xcfff, 0x632c, 0x6333,
    0x6333, 0xad52, 0x9cdf, 0x94b2, 0x6333, 0x318c, 0x52aa, 0x39c7, 0x52aa, 0x6333, 0x6333, 0x04d9, 0x0841, 0x6326, 0x9cd9, 0xad52, 0x9cd9, 0xad52, 0x9cd9, 0xad52, 0x9cd9, 0xad52, 0x9cd9, 0xad52, 0x9cd9, 0xad52, 0x9cd9, 0x0000, 0x318c, 0x6333, 0x6326, 0x3180, 0x0006, 0x6019, 0x34df, 0x9e7f, 0x667f, 0x67ff, 0x67ff, 0x667f, 0x367f, 0x34df, 0x0339, 0x2945, 0x6339, 0xcfff, 0x632c, 0x9cd9,
    0x6333, 0x9cdf, 0xad52, 0x9cdf, 0x52aa, 0x6333, 0x318c, 0x318c, 0x318c, 0x52aa, 0x6333, 0x6339, 0x0020, 0x6333, 0xa514, 0x9cd9, 0xad52, 0x9cd9, 0x9ccc, 0x6333, 0x9ccc, 0x6333, 0xad52, 0x9cd9, 0xad52, 0x9cd9, 0xa514, 0x6333, 0x2104, 0x39c7, 0x5aeb, 0x2945, 0x0861, 0x6019, 0x999f, 0x64df, 0x667f, 0x667f, 0x367f, 0x367f, 0x34df, 0x0339, 0x018c, 0x0000, 0x6339, 0x9e7f, 0x6333, 0x9cd9,
    0x6333, 0xad52, 0x9cdf, 0x94b2, 0x6333, 0x318c, 0x52aa, 0x39c7, 0x52aa, 0x6333, 0x6333, 0x64d3, 0x0020, 0x6326, 0x9cd9, 0xad52, 0x9cd9, 0x9ccc, 0x0000, 0x0000, 0x0000, 0x0000, 0x6333, 0xad52, 0x9cd9, 0xad52, 0x9cd9, 0x9ccc, 0x39c7, 0x1082, 0x5aeb, 0x4a69, 0x0841, 0x6019, 0x10a2, 0x6339, 0x64d9, 0x64d9, 0x64d9, 0x6333, 0x0339, 0x018c, 0x0000, 0x6339, 0x9cd9, 0x318c, 0x6333, 0x0000,
    0x6333, 0x9cdf, 0xad52, 0x9cdf, 0x52aa, 0x6333, 0x318c, 0x318c, 0x318c, 0x52aa, 0x6333, 0x6339, 0x0020, 0x6333, 0xa514, 0x9cd9, 0x9ccc, 0x0000, 0x0000, 0x9980, 0xccc6, 0xc980, 0x6180, 0x6333, 0xad52, 0x9cd9, 0xad52, 0x9cd9, 0x9ccc, 0x318c, 0x0861, 0x4a69, 0x4a69, 0x0861, 0x6019, 0x10a2, 0x10a2, 0x0861, 0x0841, 0x0020, 0x0000, 0x0000, 0x6339, 0x9cd9, 0x5aeb, 0x0861, 0x0000, 0x0000,
    0x6333, 0xad52, 0x9cdf, 0x94b2, 0x6333, 0x318c, 0x52aa, 0x39c7, 0x52aa, 0x6333, 0x6333, 0x04d9, 0x0020, 0x6326, 0x9cd9, 0xad52, 0x6333, 0x0000, 0x6180, 0x9b26, 0xfb20, 0xccc6, 0x3000, 0x9ccc, 0x9cd9, 0xad52, 0x9cd9, 0xad52, 0x9cd9, 0x9ccc, 0x318c, 0x0861, 0x4a69, 0x4a69, 0x4a69, 0x6193, 0x2104, 0x0000, 0x0000, 0x0000, 0x6019, 0x6339, 0x9cd9, 0x6333, 0x2945, 0x0000, 0x0000, 0x0000,
    0x6333, 0x9cdf, 0xad52, 0x9cdf, 0x52aa, 0x6333, 0x318c, 0x318c, 0x318c, 0x52aa, 0x6333, 0x6339, 0x0020, 0x6333, 0xa514, 0x9cd9, 0x9ccc, 0x0000, 0x8000, 0x9b26, 0xfb20, 0x9b26, 0x3000, 0x6333, 0xad52, 0x9cd9, 0xad52, 0x9cd9, 0xad52, 0x9cd9, 0x9ccc, 0x318c, 0x10a2, 0x10a2, 0x10a2, 0x4a69, 0x4a69, 0x4a69, 0x6333, 0x94b2, 0x9cd9, 0x6333, 0x5aeb, 0x3186, 0x0000, 0x0000, 0x0000, 0x0000,
    0x6333, 0xad52, 0x9cdf, 0x94b2, 0x6333, 0x318c, 0x52aa, 0x39c7, 0x52aa, 0x6333, 0x6333, 0x64d3, 0x0841, 0x6326, 0x9cd9, 0xad52, 0x6333, 0x0000, 0x0000, 0x8000, 0x8000, 0x6180, 0x0000, 0x9ccc, 0x9cd9, 0xad52, 0x9cd9, 0xad52, 0x9cd9, 0xad52, 0x9cd9, 0x9ccc, 0x6333, 0x6333, 0x3186, 0x0020, 0x0000, 0x0020, 0x0861, 0x0841, 0x0841, 0x0841, 0x0841, 0x0000, 0x0000, 0x0000, 0x0000, 0x0000,
    0x6333, 0x9cdf, 0xad52, 0x9cdf, 0x52aa, 0x6333, 0x318c, 0x318c, 0x318c, 0x52aa, 0x6333, 0x6339, 0x0020, 0x6333, 0xa514, 0x9cd9, 0xad52, 0x6333, 0x0000, 0x0000, 0x0000, 0x0000, 0x9ccc, 0x9cd9, 0xad52, 0x9cd9, 0xad52, 0x9cd9, 0xad52, 0x9cd9, 0xad52, 0x9cd9, 0x9ccc, 0x6333, 0x6333, 0x4a69, 0x318c, 0x1082, 0x0000, 0x3186, 0x318c, 0x2945, 0x0000, 0x0000, 0x0000, 0x0000, 0x0000, 0x0000,
    0x6333, 0xad52, 0x9cdf, 0x94b2, 0x6333, 0x318c, 0x52aa, 0x39c7, 0x52aa, 0x6333, 0x6333, 0x04d9, 0x0020, 0x6326, 0x9cd9, 0xad52, 0x9cd9, 0xad52, 0x6333, 0x9ccc, 0x6333, 0x9ccc, 0x9cd9, 0xad52, 0x9cd9, 0xad52, 0x6333, 0x6333, 0x6333, 0x6333, 0x6333, 0x6333, 0x6333, 0x6333, 0x6333, 0x6333, 0x6333, 0x2104, 0x1082, 0x73ae, 0x6333, 0x73ae, 0x0861, 0x0000, 0x0000, 0x0000, 0x0000, 0x0000,
    0x6333, 0x9cdf, 0xad52, 0x9cdf, 0x52aa, 0x6333, 0x318c, 0x318c, 0x318c, 0x6333, 0x6333, 0x6339, 0x0020, 0x6333, 0xa514, 0x9cd9, 0xad52, 0x9cd9, 0xad52, 0x9cd9, 0xad52, 0x9cd9, 0xad52, 0x9cd9, 0xad52, 0x6333, 0x0841, 0x0000, 0x0000, 0x0000, 0x0000, 0x0000, 0x0000, 0x0000, 0x0000, 0x0000, 0x0000, 0x0000, 0x18e3, 0x6333, 0x73ae, 0x6339, 0x0861, 0x0000, 0x0000, 0x0000, 0x0000, 0x0000,
    0x0000, 0x6333, 0x6333, 0x94b2, 0x6333, 0x318c, 0x52aa, 0x39c7, 0x52aa, 0x52aa, 0x318c, 0x3186, 0x0000, 0x6326, 0x9cd9, 0xad52, 0x9cd9, 0xad52, 0x9cd9, 0xad52, 0x9cd9, 0xad52, 0x9cd9, 0xad52, 0x6333, 0x6333, 0x0020, 0x332c, 0x332c, 0x34cc, 0x64d3, 0x64d3, 0x34d3, 0x332c, 0x332c, 0x332c, 0x3333, 0x18e3, 0x1082, 0x73ae, 0x6339, 0x5aeb, 0x0020, 0x0000, 0x0000, 0x0000, 0x0000, 0x0000,
    0x0000, 0x0000, 0x6333, 0x2945, 0x2945, 0x3186, 0x318c, 0x318c, 0x318c, 0x318c, 0x0861, 0x0000, 0x0861, 0x0841, 0x0000, 0x0020, 0x0000, 0x0000, 0x0020, 0x0000, 0x0000, 0x0020, 0x0000, 0x0000, 0x0000, 0x0861, 0x2104, 0x6333, 0x64df, 0x9e79, 0xcf7f, 0xcfff, 0x9fff, 0x6679, 0x6679, 0x64df, 0x64d9, 0x39c7, 0x10a2, 0x6333, 0x5aeb, 0x0020, 0x3186, 0x0000, 0x0000, 0x0000, 0x0000, 0x0000,
    0x0000, 0x0000, 0x0000, 0x2945, 0x0020, 0x0020, 0x0020, 0x0020, 0x0020, 0x0020, 0x0000, 0x0841, 0x318c, 0x318c, 0x318c, 0x318c, 0x318c, 0x318c, 0x318c, 0x318c, 0x318c, 0x318c, 0x318c, 0x318c, 0x318c, 0x318c, 0x3186, 0x0861, 0x318c, 0x6333, 0x6333, 0x6333, 0x6333, 0x6333, 0x6333, 0x5aeb, 0x1082, 0x2945, 0x318c, 0x0861, 0x0020, 0x2945, 0x0000, 0x0000, 0x0000, 0x0000, 0x0000, 0x0000,
    0x0000, 0x0000, 0x0000, 0x0000, 0x0000, 0x0000, 0x0000, 0x0000, 0x0000, 0x0000, 0x0000, 0x0000, 0x0000, 0x0000, 0x0000, 0x0000, 0x0000, 0x0000, 0x0000, 0x0000, 0x0000, 0x0000, 0xccdf, 0x0000, 0x0000, 0x0000, 0x0000, 0x0000, 0x0000, 0x0000, 0x0000, 0x0000, 0x0000, 0x0000, 0x0000, 0x0000, 0x0000, 0x0000, 0x0000, 0x0000, 0x0000, 0x0000, 0x0000, 0x0000, 0x0000, 0x0000, 0x0000, 0x0000,
    0x0000, 0x0000, 0x0000, 0x0000, 0x0000, 0x0000, 0x0000, 0x0000, 0x0000, 0x0000, 0x0000, 0x0000, 0x0000, 0x0000, 0x0000, 0x0000, 0x0000, 0x0000, 0x0000, 0x0000, 0x0000, 0x0000, 0xccdf, 0x0000, 0x0000, 0x0000, 0x0000, 0x0000, 0x0000, 0x0000, 0x0000, 0x0000, 0x0000, 0x0000, 0x0000, 0x0000, 0x0000, 0x0000, 0x0000, 0x0000, 0x0000, 0x0000, 0x0000, 0x0000, 0x0000, 0x0000, 0x0000, 0x0000,
    0x94b2, 0x0000, 0x94b2, 0x94b2, 0x94b2, 0x94b2, 0x94b2, 0x94b2, 0x94b2, 0x94b2, 0x94b2, 0x94b2, 0x94b2, 0x94b2, 0x94b2, 0x94b2, 0x94b2, 0x94b2, 0x94b2, 0x633f, 0x633f, 0x633f, 0x633f, 0x633f, 0x633f, 0x0000, 0x94b2, 0x94b2, 0x94b2, 0x94b2, 0x94b2, 0x94b2, 0x94b2, 0x94b2, 0x94b2, 0x94b2, 0x94b2, 0x94b2, 0x94b2, 0x94b2, 0x94b2, 0x94b2, 0x94b2, 0x94b2, 0x0000, 0x94b2, 0x0000, 0x0000,
    0xd6ba, 0x0000, 0xd6ba, 0xd6ba, 0xd6ba, 0xd6ba, 0xd6ba, 0xd6ba, 0xd6ba, 0xd6ba, 0xd6ba, 0xd6ba, 0xd6ba, 0xd6ba, 0xd6ba, 0xd6ba, 0xd6ba, 0xd6ba, 0xd6ba, 0x633f, 0xcfff, 0xffff, 0xcfff, 0x667f, 0x633f, 0x0000, 0xd6ba, 0xd6ba, 0xd6ba, 0xd6ba, 0xd6ba, 0xd6ba, 0xd6ba, 0xd6ba, 0xd6ba, 0xd6ba, 0xd6ba, 0xd6ba, 0xd6ba, 0xd6ba, 0xd6ba, 0xd6ba, 0xd6ba, 0xd6ba, 0x0000, 0xd6ba, 0x0000, 0x0000,
    0x6333, 0x0000, 0x6333, 0x6333, 0x6333, 0x6333, 0x6333, 0x6333, 0x6333, 0x6333, 0x6333, 0x6333, 0x6333, 0x6333, 0x6333, 0x6333, 0x6333, 0x6333, 0x6333, 0x633f, 0xcfff, 0xffff, 0xcfff, 0x667f, 0x633f, 0x0000, 0x6333, 0x6333, 0x6333, 0x6333, 0x6333, 0x6333, 0x6333, 0x6333, 0x6333, 0x6333, 0x6333, 0x6333, 0x6333, 0x6333, 0x6333, 0x6333, 0x6333, 0x6333, 0x0000, 0x6333, 0x0000, 0x0000,
    0x0000, 0x0000, 0x0000, 0x0000, 0x0000, 0x0000, 0x0000, 0x0000, 0x0000, 0x0000, 0x0000, 0x0000, 0x0000, 0x0000, 0x0000, 0x0000, 0x0000, 0x0000, 0x0000, 0x0000, 0x0000, 0x0000, 0x0000, 0x0000, 0x0000, 0x0000, 0x0000, 0x0000, 0x0000, 0x0000, 0x0000, 0x0000, 0x0000, 0x0000, 0x0000, 0x0000, 0x0000, 0x0000, 0x0000, 0x0000, 0x0000, 0x0000, 0x0000, 0x0000, 0x0000, 0x0000, 0x0000, 0x0000,
    0x0000, 0x0000, 0x0000, 0x0000, 0x0000, 0x0000, 0x0000, 0x0000, 0x0000, 0x0000, 0x0000, 0x0000, 0x0000, 0x0000, 0x0000, 0x0000, 0x0000, 0x0000, 0x0000, 0x0000, 0x0000, 0x0000, 0x0000, 0x0000, 0x0000, 0x0000, 0x0000, 0x0000, 0x0000, 0x0000, 0x0000, 0x0000, 0x0000, 0x0000, 0x0000, 0x0000, 0x0000, 0x0000, 0x0000, 0x0000, 0x0000, 0x0000, 0x0000, 0x0000, 0x0000, 0x0000, 0x0000, 0x0000,
    0x0000, 0x0000, 0x0000, 0x0000, 0x0000, 0x0000, 0x0000, 0x0000, 0x0000, 0x0000, 0x0000, 0x0000, 0x0000, 0x0000, 0x0000, 0x0000, 0x0000, 0x0000, 0x0000, 0x0000, 0x0000, 0x0000, 0x0000, 0x0000, 0x0000, 0x0000, 0x0000, 0x0000, 0x0000, 0x0000, 0x0000, 0x0000, 0x0000, 0x0000, 0x0000, 0x0000, 0x0000, 0x0000, 0x0000, 0x0000, 0x0000, 0x0000, 0x0000, 0x0000, 0x0000, 0x0000, 0x0000, 0x0000,
    0x0000, 0x0000, 0x0000, 0x0000, 0x0000, 0x0000, 0x0000, 0x0000, 0x0000, 0x0000, 0x0000, 0x0000, 0x0000, 0x0000, 0x0000, 0x0000, 0x0000, 0x0000, 0x0000, 0x0000, 0x0000, 0x0000, 0x0000, 0x0000, 0x0000, 0x0000, 0x0000, 0x0000, 0x0000, 0x0000, 0x0000, 0x0000, 0x0000, 0x0000, 0x0000, 0x0000, 0x0000, 0x0000, 0x0000, 0x0000, 0x0000, 0x0000, 0x0000, 0x0000, 0x0000, 0x0000, 0x0000, 0x0000,
};
static const uint8_t W98_ROLL_A[48 * 48] = {
      0,   0,   0,   0,   0,   0,   0,   0,   0,   0,   0,   0,   0,   0,   0,   0,   0,   0,   0,   0,   0,   0,   0,   0,   0,   0,   0,   0,   0,   0,   0,   0,   0,   0,   0,   0,   0,   0,   0,   0,   0,   0,   0,   0,   0,   0,   0,   0,
      0,   0,   0,   0,   0,   0,   0,   0,   0,   0,   0,   0,   0,   0,   0,   0,   0,   0,   0,   0,   0,   0,   0,   0,   0,   0,   0,   0,   0,   0,   0,   0,   0,   0,   0,   0,   0,   0,   0,   0,   0,   0,   0,   0,   0,   0,   0,   0,
      0,   0,   0,   0,   0,   0,   0,   0,   0,   0,   0,   0,   0,   0,   0,   0,   0,   0,   0,   0,   0,   0,   0,   0,   0,   0,   0,   0,   0,   0,   0,   0,   0,   0,   0,   0,   0,   0,   0,   0,   0,   0,   0,   0,   0,   0,   0,   0,
      0,   0,   0,   0,   0,   0,   0,   0,   0,   0,   0,   0, 255, 255, 255, 255, 255, 255,   0,   0,   0,   0,   0,   0,   0,   0,   0,   0,   0,   0,   0,   0,   0,   0,   0,   0,   0,   0,   0,   0,   0,   0,   0,   0,   0,   0,   0,   0,
      0,   0,   0,   0,   0,   0,   0,   0,   0, 255, 255, 255, 255, 255, 255, 255, 255, 255, 255, 255, 255, 255, 255, 255, 255, 255, 255, 255, 255, 255, 255, 255, 255, 255, 255, 255,   0,   0,   0,   0,   0,   0,   0,   0,   0,   0,   0,   0,
      0,   0,   0,   0,   0,   0,   0, 255, 255, 255, 255, 255, 255, 255, 255, 255, 255, 255, 255, 255, 255, 255, 255, 255, 255, 255, 255, 255, 255, 255, 255, 255, 255, 255, 255, 255, 255, 255,   0,   0,   0,   0,   0,   0,   0,   0,   0,   0,
      0,   0,   0,   0,   0,   0, 255, 255, 255, 255, 255, 255, 255, 255, 255, 255, 255, 255, 255, 255, 255, 255, 255, 255, 255, 255, 255, 255, 255, 255, 255, 255, 255, 255, 255, 255, 255, 255, 255,   0,   0,   0,   0,   0,   0,   0,   0,   0,
      0,   0,   0,   0,   0, 255, 255, 255, 255, 255, 255, 255, 255, 255, 255, 255, 255, 255, 255, 255, 255, 255, 255, 255, 255, 255, 255, 255, 255, 255, 255, 255, 255, 255, 255, 255, 255, 255, 255, 255, 255,   0,   0,   0,   0,   0,   0,   0,
      0,   0,   0,   0,   0, 255, 255, 255, 255, 255, 255, 255, 255, 255, 255, 255, 255, 255, 255, 255, 255, 255, 255, 255, 255, 255, 255, 255, 255, 255, 255, 255, 255, 255, 255, 255, 255, 255, 255, 255, 255, 255,   0,   0,   0,   0,   0,   0,
      0,   0,   0,   0, 255, 255, 255, 255, 255, 255, 255, 255, 255, 255, 255, 255, 255, 255, 255, 255, 255, 255, 255, 255, 255, 255, 255, 255, 255, 255, 255, 255, 255, 255, 255, 255, 255, 255, 255, 255, 255, 255, 255,   0,   0,   0,   0,   0,
      0,   0,   0, 255, 255, 255, 255, 255, 255, 255, 255, 255, 255, 255, 255, 255, 255, 255, 255, 255, 255, 255, 255, 255, 255, 255, 255, 255, 255, 255, 255, 255, 255, 255, 255, 255, 255, 255, 255, 255, 255, 255, 255,   0,   0,   0,   0,   0,
      0,   0, 255, 255, 255, 255, 255, 255, 255, 255, 255, 255, 255, 255, 255, 255, 255, 255, 255, 255, 255, 255, 255, 255, 255, 255, 255, 255, 255, 255, 255, 255, 255, 255, 255, 255, 255, 255, 255, 255, 255, 255, 255,   0,   0,   0,   0,   0,
      0, 255, 255, 255, 255, 255, 255, 255, 255, 255, 255, 255, 255, 255, 255, 255, 255, 255, 255, 255, 255, 255, 255, 255, 255, 255, 255, 255, 255, 255, 255, 255, 255, 255, 255, 255, 255, 255, 255, 255, 255, 255, 255,   0,   0,   0,   0,   0,
    255, 255, 255, 255, 255, 255, 255, 255, 255, 255, 255, 255, 255, 255, 255, 255, 255, 255, 255, 255, 255, 255, 255, 255, 255, 255, 255, 255, 255, 255, 255, 255, 255, 255, 255, 255, 255, 255, 255, 255, 255, 255, 255,   0,   0,   0,   0,   0,
    255, 255, 255, 255, 255, 255, 255, 255, 255, 255, 255, 255, 255, 255, 255, 255, 255, 255, 255, 255, 255, 255, 255, 255, 255, 255, 255, 255, 255, 255, 255, 255, 255, 255, 255, 255, 255, 255, 255, 255, 255, 255, 255, 255,   0,   0,   0,   0,
    255, 255, 255, 255, 255, 255, 255, 255, 255, 255, 255, 255, 255, 255, 255, 255, 255, 255, 255, 255, 255, 255, 255, 255, 255, 255, 255, 255, 255, 255, 255, 255, 255, 255, 255, 255, 255, 255, 255, 255, 255, 255, 255, 255, 255,   0,   0,   0,
    255, 255, 255, 255, 255, 255, 255, 255, 255, 255, 255, 255, 255, 255, 255, 255, 255, 255, 255, 255, 255, 255, 255, 255, 255, 255, 255, 255, 255, 255, 255, 255, 255, 255, 255, 255, 255, 255, 255, 255, 255, 255, 255, 255, 255, 255,   0,   0,
    255, 255, 255, 255, 255, 255, 255, 255, 255, 255, 255, 255, 255, 255, 255, 255, 255, 255, 255, 255, 255, 255, 255, 255, 255, 255, 255, 255, 255, 255, 255, 255, 255, 255, 255, 255, 255, 255, 255, 255, 255, 255, 255, 255, 255, 255, 255,   0,
    255, 255, 255, 255, 255, 255, 255, 255, 255, 255, 255, 255, 255, 255, 255, 255, 255, 255, 255, 255, 255, 255, 255, 255, 255, 255, 255, 255, 255, 255, 255, 255, 255, 255, 255, 255, 255, 255, 255, 255, 255, 255, 255, 255, 255, 255, 255, 255,
    255, 255, 255, 255, 255, 255, 255, 255, 255, 255, 255, 255, 255, 255, 255, 255, 255, 255, 255, 255, 255, 255, 255, 255, 255, 255, 255, 255, 255, 255, 255, 255, 255, 255, 255, 255, 255, 255, 255, 255, 255, 255, 255, 255, 255, 255, 255, 255,
    255, 255, 255, 255, 255, 255, 255, 255, 255, 255, 255, 255, 255, 255, 255, 255, 255, 255, 255, 255, 255, 255, 255, 255, 255, 255, 255, 255, 255, 255, 255, 255, 255, 255, 255, 255, 255, 255, 255, 255, 255, 255, 255, 255, 255, 255, 255, 255,
    255, 255, 255, 255, 255, 255, 255, 255, 255, 255, 255, 255, 255, 255, 255, 255, 255, 255, 255, 255, 255, 255, 255, 255, 255, 255, 255, 255, 255, 255, 255, 255, 255, 255, 255, 255, 255, 255, 255, 255, 255, 255, 255, 255, 255, 255, 255, 255,
    255, 255, 255, 255, 255, 255, 255, 255, 255, 255, 255, 255, 255, 255, 255, 255, 255, 255, 255, 255, 255, 255, 255, 255, 255, 255, 255, 255, 255, 255, 255, 255, 255, 255, 255, 255, 255, 255, 255, 255, 255, 255, 255, 255, 255, 255, 255, 255,
    255, 255, 255, 255, 255, 255, 255, 255, 255, 255, 255, 255, 255, 255, 255, 255, 255, 255, 255, 255, 255, 255, 255, 255, 255, 255, 255, 255, 255, 255, 255, 255, 255, 255, 255, 255, 255, 255, 255, 255, 255, 255, 255, 255, 255, 255, 255, 255,
    255, 255, 255, 255, 255, 255, 255, 255, 255, 255, 255, 255, 255, 255, 255, 255, 255, 255, 255, 255, 255, 255, 255, 255, 255, 255, 255, 255, 255, 255, 255, 255, 255, 255, 255, 255, 255, 255, 255, 255, 255, 255, 255, 255, 255, 255, 255, 255,
    255, 255, 255, 255, 255, 255, 255, 255, 255, 255, 255, 255, 255, 255, 255, 255, 255, 255, 255, 255, 255, 255, 255, 255, 255, 255, 255, 255, 255, 255, 255, 255, 255, 255, 255, 255, 255, 255, 255, 255, 255, 255, 255, 255, 255, 255, 255, 255,
    255, 255, 255, 255, 255, 255, 255, 255, 255, 255, 255, 255, 255, 255, 255, 255, 255, 255, 255, 255, 255, 255, 255, 255, 255, 255, 255, 255, 255, 255, 255, 255, 255, 255, 255, 255, 255, 255, 255, 255, 255, 255, 255, 255, 255, 255, 255, 255,
    255, 255, 255, 255, 255, 255, 255, 255, 255, 255, 255, 255, 255, 255, 255, 255, 255, 255, 255, 255, 255, 255, 255, 255, 255, 255, 255, 255, 255, 255, 255, 255, 255, 255, 255, 255, 255, 255, 255, 255, 255, 255, 255, 255, 255, 255, 255, 255,
    255, 255, 255, 255, 255, 255, 255, 255, 255, 255, 255, 255, 255, 255, 255, 255, 255, 255, 255, 255, 255, 255, 255, 255, 255, 255, 255, 255, 255, 255, 255, 255, 255, 255, 255, 255, 255, 255, 255, 255, 255, 255, 255, 255, 255, 255, 255,   0,
    255, 255, 255, 255, 255, 255, 255, 255, 255, 255, 255, 255, 255, 255, 255, 255, 255, 255, 255, 255, 255, 255, 255, 255, 255, 255, 255, 255, 255, 255, 255, 255, 255, 255, 255, 255, 255, 255, 255, 255, 255, 255, 255, 255, 255, 255,   0,   0,
    255, 255, 255, 255, 255, 255, 255, 255, 255, 255, 255, 255, 255, 255, 255, 255, 255, 255, 255, 255, 255, 255, 255, 255, 255, 255, 255, 255, 255, 255, 255, 255, 255, 255, 255, 255, 255, 255, 255, 255, 255, 255, 255, 255, 255,   0,   0,   0,
    255, 255, 255, 255, 255, 255, 255, 255, 255, 255, 255, 255, 255, 255, 255, 255, 255, 255, 255, 255, 255, 255, 255, 255, 255, 255, 255, 255, 255, 255, 255, 255, 255, 255, 255, 255, 255, 255, 255, 255, 255, 255, 255, 255,   0,   0,   0,   0,
    255, 255, 255, 255, 255, 255, 255, 255, 255, 255, 255, 255, 255, 255, 255, 255, 255, 255, 255, 255, 255, 255, 255, 255, 255, 255, 255, 255, 255, 255, 255, 255, 255, 255, 255, 255, 255, 255, 255, 255, 255, 255, 255,   0,   0,   0,   0,   0,
    255, 255, 255, 255, 255, 255, 255, 255, 255, 255, 255, 255, 255, 255, 255, 255, 255, 255, 255, 255, 255, 255, 255, 255, 255, 255, 255, 255, 255, 255, 255, 255, 255, 255, 255, 255, 255, 255, 255, 255, 255, 255, 255,   0,   0,   0,   0,   0,
    255, 255, 255, 255, 255, 255, 255, 255, 255, 255, 255, 255, 255, 255, 255, 255, 255, 255, 255, 255, 255, 255, 255, 255, 255, 255, 255, 255, 255, 255, 255, 255, 255, 255, 255, 255, 255, 255, 255, 255, 255, 255, 255,   0,   0,   0,   0,   0,
    255, 255, 255, 255, 255, 255, 255, 255, 255, 255, 255, 255, 255, 255, 255, 255, 255, 255, 255, 255, 255, 255, 255, 255, 255, 255, 255, 255, 255, 255, 255, 255, 255, 255, 255, 255, 255, 255, 255, 255, 255, 255, 255,   0,   0,   0,   0,   0,
      0, 255, 255, 255, 255, 255, 255, 255, 255, 255, 255, 255, 255, 255, 255, 255, 255, 255, 255, 255, 255, 255, 255, 255, 255, 255, 255, 255, 255, 255, 255, 255, 255, 255, 255, 255, 255, 255, 255, 255, 255, 255, 255,   0,   0,   0,   0,   0,
      0,   0, 255, 255, 255, 255, 255, 255, 255, 255, 255, 255, 255, 255, 255, 255, 255, 255, 255, 255, 255, 255, 255, 255, 255, 255, 255, 255, 255, 255, 255, 255, 255, 255, 255, 255, 255, 255, 255, 255, 255, 255, 255,   0,   0,   0,   0,   0,
      0,   0,   0, 255, 255, 255, 255, 255, 255, 255, 255, 255, 255, 255, 255, 255, 255, 255, 255, 255, 255, 255, 255, 255, 255, 255, 255, 255, 255, 255, 255, 255, 255, 255, 255, 255, 255, 255, 255, 255, 255, 255,   0,   0,   0,   0,   0,   0,
      0,   0,   0,   0,   0,   0,   0,   0,   0,   0,   0,   0,   0,   0,   0,   0,   0,   0,   0,   0,   0, 255, 255, 255,   0,   0,   0,   0,   0,   0,   0,   0,   0,   0,   0,   0,   0,   0,   0,   0,   0,   0,   0,   0,   0,   0,   0,   0,
      0,   0,   0,   0,   0,   0,   0,   0,   0,   0,   0,   0,   0,   0,   0,   0,   0,   0,   0,   0,   0, 255, 255, 255,   0,   0,   0,   0,   0,   0,   0,   0,   0,   0,   0,   0,   0,   0,   0,   0,   0,   0,   0,   0,   0,   0,   0,   0,
    255,   0, 255, 255, 255, 255, 255, 255, 255, 255, 255, 255, 255, 255, 255, 255, 255, 255, 255, 255, 255, 255, 255, 255, 255, 255, 255, 255, 255, 255, 255, 255, 255, 255, 255, 255, 255, 255, 255, 255, 255, 255, 255, 255,   0, 255,   0,   0,
    255,   0, 255, 255, 255, 255, 255, 255, 255, 255, 255, 255, 255, 255, 255, 255, 255, 255, 255, 255, 255, 255, 255, 255, 255, 255, 255, 255, 255, 255, 255, 255, 255, 255, 255, 255, 255, 255, 255, 255, 255, 255, 255, 255,   0, 255,   0,   0,
    255,   0, 255, 255, 255, 255, 255, 255, 255, 255, 255, 255, 255, 255, 255, 255, 255, 255, 255, 255, 255, 255, 255, 255, 255, 255, 255, 255, 255, 255, 255, 255, 255, 255, 255, 255, 255, 255, 255, 255, 255, 255, 255, 255,   0, 255,   0,   0,
      0,   0,   0,   0,   0,   0,   0,   0,   0,   0,   0,   0,   0,   0,   0,   0,   0,   0,   0, 255, 255, 255, 255, 255, 255, 255,   0,   0,   0,   0,   0,   0,   0,   0,   0,   0,   0,   0,   0,   0,   0,   0,   0,   0,   0,   0,   0,   0,
      0,   0,   0,   0,   0,   0,   0,   0,   0,   0,   0,   0,   0,   0,   0,   0,   0,   0,   0,   0,   0,   0,   0,   0,   0,   0,   0,   0,   0,   0,   0,   0,   0,   0,   0,   0,   0,   0,   0,   0,   0,   0,   0,   0,   0,   0,   0,   0,
      0,   0,   0,   0,   0,   0,   0,   0,   0,   0,   0,   0,   0,   0,   0,   0,   0,   0,   0,   0,   0,   0,   0,   0,   0,   0,   0,   0,   0,   0,   0,   0,   0,   0,   0,   0,   0,   0,   0,   0,   0,   0,   0,   0,   0,   0,   0,   0,
      0,   0,   0,   0,   0,   0,   0,   0,   0,   0,   0,   0,   0,   0,   0,   0,   0,   0,   0,   0,   0,   0,   0,   0,   0,   0,   0,   0,   0,   0,   0,   0,   0,   0,   0,   0,   0,   0,   0,   0,   0,   0,   0,   0,   0,   0,   0,   0,
};

/* SETTINGS - w98_settings_gear.ico, 48x48 at best bpp, drawn at 3x.
 * A control panel and gears. Deliberately the boring one. */
static const uint16_t W98_SETTINGS_RGB[48 * 48] = {
    0x0000, 0x0000, 0x0000, 0x0000, 0x0000, 0x0000, 0x0000, 0x0000, 0x0000, 0x0000, 0x0000, 0x0000, 0x0000, 0x0000, 0x0000, 0x0000, 0x0000, 0x0000, 0x0000, 0x0000, 0x0000, 0x0000, 0x0000, 0x0000, 0x0000, 0x0000, 0x0000, 0x0000, 0x0000, 0x0000, 0x0000, 0x0000, 0x0000, 0x0000, 0x0000, 0x0000, 0x0000, 0x0000, 0x0000, 0x0000, 0x0000, 0x0000, 0x0000, 0x0000, 0x0000, 0x0000, 0x0000, 0x0000,
    0x0000, 0x0000, 0x0000, 0x0000, 0x0000, 0x0000, 0x0000, 0x0000, 0x0000, 0x0000, 0x0000, 0x0000, 0x0000, 0x0000, 0x0000, 0x0000, 0x0000, 0x0000, 0x0000, 0x0000, 0x0000, 0x0000, 0x0000, 0x0000, 0x0000, 0x0000, 0x0000, 0x0000, 0x0000, 0x0000, 0x0000, 0x0000, 0x0000, 0x0000, 0x0000, 0x0000, 0x0000, 0x0000, 0x0000, 0x0000, 0x0000, 0x0000, 0x0000, 0x0000, 0x0000, 0x0000, 0x0000, 0x0000,
    0x0000, 0x0000, 0x0000, 0x0000, 0x0000, 0x0000, 0x0000, 0x0000, 0x0000, 0x0000, 0x0000, 0x0000, 0x0000, 0x0000, 0x0000, 0x0000, 0x0000, 0x0000, 0x0000, 0x0000, 0x0000, 0x0000, 0x0000, 0x0000, 0x0000, 0x0000, 0x0000, 0x0000, 0x0000, 0x0000, 0x0000, 0x0000, 0x0000, 0x0000, 0x0000, 0x0000, 0x0000, 0x0000, 0x0000, 0x0000, 0x0000, 0x0000, 0x0000, 0x0000, 0x0000, 0x0000, 0x0000, 0x0000,
    0x0000, 0x0000, 0x0000, 0x0000, 0x0000, 0x0000, 0x0000, 0x0000, 0x0000, 0x0000, 0x0000, 0x0000, 0x0000, 0x0000, 0x0000, 0x0000, 0x0000, 0x0000, 0x0000, 0x0000, 0x0000, 0x0000, 0x0000, 0x0000, 0x0000, 0x0000, 0x0000, 0x0000, 0x0000, 0x0000, 0x0000, 0x0000, 0x0000, 0x0000, 0x0000, 0x0000, 0x0000, 0x0000, 0x0000, 0x0000, 0x0000, 0x0000, 0x0000, 0x0000, 0x0000, 0x0000, 0x0000, 0x0000,
    0x0000, 0x0000, 0x0000, 0x0000, 0x0000, 0x0000, 0x0000, 0x0000, 0x0000, 0x0000, 0x0000, 0x0000, 0x0000, 0x0000, 0x0000, 0x0000, 0x0000, 0x0000, 0x0000, 0x0000, 0x0000, 0x0000, 0x0000, 0x0000, 0x0000, 0x0000, 0x0000, 0x0000, 0x0000, 0x0000, 0x0000, 0x0000, 0x0000, 0x0000, 0x0000, 0x0000, 0x0000, 0x0000, 0x0000, 0x0000, 0x0000, 0x0000, 0x0000, 0x0000, 0x0000, 0x0000, 0x0000, 0x0000,
    0x0000, 0x0000, 0x0000, 0x0000, 0x0000, 0x0000, 0x0000, 0x0000, 0x0000, 0x0000, 0x0000, 0x0000, 0x0000, 0x0000, 0x0000, 0x0000, 0x0000, 0x0000, 0x0000, 0x0000, 0x0000, 0x0000, 0x0000, 0x0000, 0x0000, 0x0000, 0x0000, 0x0000, 0x0000, 0x0000, 0x0000, 0x0000, 0x0000, 0x0000, 0x0000, 0x0000, 0x0000, 0x0000, 0x0000, 0x0000, 0x0000, 0x0000, 0x0000, 0x0000, 0x0000, 0x0000, 0x0000, 0x0000,
    0x0000, 0x0000, 0x0000, 0x0000, 0x0000, 0x0000, 0x0000, 0x0000, 0x0000, 0x0000, 0x0000, 0x0000, 0x0000, 0x0000, 0x0000, 0x0000, 0x0000, 0x0000, 0x0000, 0x0000, 0x0000, 0x0000, 0x0000, 0x0000, 0x0000, 0x0000, 0x0000, 0x0000, 0x0000, 0x0000, 0x0000, 0x0000, 0x0000, 0x0000, 0x0000, 0x0000, 0x0000, 0x0000, 0x0000, 0x0000, 0x0000, 0x0000, 0x0000, 0x0000, 0x0000, 0x0000, 0x0000, 0x0000,
    0x0000, 0x0000, 0x0000, 0x0000, 0x0000, 0x0000, 0x0000, 0x0000, 0x0000, 0x0000, 0x0000, 0x0000, 0x0000, 0x0000, 0x0000, 0x0000, 0x0000, 0x0000, 0x0000, 0x0000, 0x0000, 0x0000, 0x0000, 0x0000, 0x0000, 0x0000, 0x0000, 0x0000, 0x0000, 0x0000, 0x0000, 0x0000, 0x0000, 0x0000, 0x0000, 0x0000, 0x0000, 0x0000, 0x0000, 0x0000, 0x0000, 0x0000, 0x0000, 0x0000, 0x0000, 0x0000, 0x0000, 0x0000,
    0x0000, 0x0000, 0x0000, 0x0000, 0x0000, 0x0000, 0x0000, 0x0000, 0x0000, 0x0000, 0x0000, 0x0000, 0x0000, 0x0000, 0x0000, 0x0000, 0x0000, 0x0000, 0x0000, 0x0000, 0x0000, 0x0000, 0x0000, 0x0000, 0x0000, 0x0000, 0x0000, 0x0000, 0x0000, 0x0000, 0x0000, 0x0000, 0x0000, 0x0000, 0x0000, 0x0000, 0x0000, 0x0000, 0x0000, 0x0000, 0x0000, 0x0000, 0x0000, 0x0000, 0x0000, 0x0000, 0x0000, 0x0000,
    0x0000, 0x0000, 0x0000, 0x0000, 0x0000, 0x0000, 0x0000, 0x0000, 0x8430, 0x8430, 0x8430, 0x8430, 0x8430, 0x8430, 0x8430, 0x8430, 0x8430, 0x8430, 0x8430, 0x8430, 0x8430, 0x8430, 0x8430, 0x8430, 0x8430, 0x8430, 0x8430, 0x8430, 0x8430, 0x8430, 0x8430, 0x8430, 0x8430, 0x8430, 0x8430, 0x0000, 0x0000, 0x0000, 0x0000, 0x0000, 0x0000, 0x0000, 0x0000, 0x0000, 0x0000, 0x0000, 0x0000, 0x0000,
    0x0000, 0x0000, 0x0000, 0x0000, 0x0000, 0x0000, 0x0000, 0x0000, 0x8430, 0xe73a, 0xffde, 0xffde, 0xffde, 0xffde, 0xffde, 0xffde, 0xffde, 0xffde, 0xffde, 0xffde, 0xffde, 0xffde, 0xffde, 0xffde, 0xffde, 0xffde, 0xffde, 0xffde, 0xffde, 0xffde, 0xffde, 0xffde, 0xffde, 0x9cd3, 0x0000, 0x0000, 0x0000, 0x0000, 0x0000, 0x0000, 0x0000, 0x0000, 0x0000, 0x0000, 0x0000, 0x0000, 0x0000, 0x0000,
    0x0000, 0x0000, 0x0000, 0x0000, 0x0000, 0x0000, 0x0000, 0x0000, 0x8430, 0xffde, 0xef5d, 0xe73a, 0xef5d, 0xe73a, 0xef5d, 0xe73a, 0xef5d, 0xe73a, 0xef5d, 0xe73a, 0xef5d, 0xe73a, 0xad52, 0xad52, 0xad52, 0xad52, 0xad52, 0xad52, 0xad52, 0xad52, 0xad52, 0xad52, 0xad52, 0x9cd3, 0x0000, 0x0000, 0x0000, 0x0000, 0x0000, 0x0000, 0x0000, 0x0000, 0x0000, 0x0000, 0x0000, 0x0000, 0x0000, 0x0000,
    0x0000, 0x0000, 0x0000, 0x0000, 0x0000, 0x0000, 0x0000, 0x0000, 0x8430, 0xffde, 0xe73a, 0xe73a, 0x8430, 0x8430, 0x73ae, 0x8430, 0x8430, 0x8430, 0x73ae, 0x8430, 0x8430, 0xe73a, 0xad52, 0xffde, 0xffde, 0xffde, 0xffde, 0xffde, 0xffde, 0xffde, 0x0000, 0xad52, 0xad52, 0x9cd3, 0x0000, 0x0000, 0x0000, 0x0000, 0x0000, 0x0000, 0x0000, 0x0000, 0x0000, 0x0000, 0x0000, 0x0000, 0x0000, 0x0000,
    0x0000, 0x0000, 0x0000, 0x0000, 0x0000, 0x0000, 0x0000, 0x0000, 0x8430, 0xffde, 0xe73a, 0xe73a, 0x8430, 0x0000, 0x0000, 0x0000, 0x0000, 0x0000, 0x0841, 0x0000, 0xb596, 0xe73a, 0xad52, 0xffde, 0xc618, 0xc618, 0xc618, 0xc618, 0xc618, 0x8430, 0x0841, 0xad52, 0xad52, 0x9cd3, 0x0841, 0x0000, 0x0000, 0x0000, 0x0000, 0x0000, 0x0000, 0x0000, 0x0000, 0x0000, 0x0000, 0x0000, 0x0000, 0x0000,
    0x0000, 0x0000, 0x0000, 0x0000, 0x0000, 0x0000, 0x0000, 0x0000, 0x8430, 0xffde, 0xef5d, 0xe73a, 0x73ae, 0x0000, 0xffde, 0xffde, 0xffde, 0xffde, 0xffde, 0xffde, 0xc618, 0xef5d, 0xad52, 0xffde, 0xc618, 0xc618, 0xc618, 0xc618, 0xc618, 0x8430, 0x0000, 0xad52, 0xad52, 0x9cd3, 0x0000, 0x0000, 0x0000, 0x0000, 0x0000, 0x0000, 0x0000, 0x0000, 0x0000, 0x0000, 0x0000, 0x0000, 0x0000, 0x0000,
    0x0000, 0x0000, 0x0000, 0x0000, 0x0000, 0x0000, 0x0000, 0x0000, 0x8430, 0xffde, 0xe73a, 0xe73a, 0x8430, 0x0000, 0xffde, 0xffde, 0xffde, 0xffde, 0xc618, 0xffde, 0xc618, 0xe73a, 0xad52, 0xffde, 0xc618, 0xc618, 0xc618, 0xc618, 0xc618, 0x8430, 0x0000, 0xad52, 0xad52, 0x9cd3, 0x0000, 0x0000, 0x0000, 0x0000, 0x0000, 0x0000, 0x0000, 0x0000, 0x0000, 0x0000, 0x0000, 0x0000, 0x0000, 0x0000,
    0x0000, 0x0000, 0x0000, 0x0000, 0x0000, 0x0000, 0x0000, 0x0000, 0x8430, 0xffde, 0xe73a, 0xe73a, 0x8430, 0x0841, 0xffde, 0xffde, 0xffde, 0xc618, 0x0841, 0xffde, 0xc618, 0xe73a, 0xad52, 0xffde, 0xc618, 0xc618, 0xc618, 0xc618, 0xc618, 0x8430, 0x0000, 0xad52, 0xad52, 0x9cd3, 0x0000, 0x0000, 0x0000, 0x0000, 0x0000, 0x0000, 0x0000, 0x0000, 0x0000, 0x0000, 0x0000, 0x0000, 0x0000, 0x0000,
    0x0000, 0x0000, 0x0000, 0x0000, 0x0000, 0x0000, 0x0000, 0x0000, 0x8430, 0xffde, 0xe73a, 0xe73a, 0x8430, 0x0000, 0xffde, 0x0841, 0xc618, 0x0841, 0xffde, 0xffde, 0xc618, 0xe73a, 0xad52, 0xffde, 0xc618, 0xc618, 0xc618, 0xc618, 0xc618, 0x8430, 0x0000, 0xad52, 0xad52, 0x9cd3, 0x0000, 0x0000, 0x0000, 0x0000, 0x0000, 0x0000, 0x0000, 0x0000, 0x0000, 0x0000, 0x0000, 0x0000, 0x0000, 0x0000,
    0x0000, 0x0000, 0x0000, 0x0000, 0x0000, 0x0000, 0x0000, 0x0000, 0x8430, 0xffde, 0xef5d, 0xe73a, 0x73ae, 0x0000, 0xffde, 0xffde, 0x0000, 0xffde, 0xffde, 0xffde, 0xc618, 0xe73a, 0xad52, 0xffde, 0xc618, 0xc618, 0xc618, 0xc618, 0xc618, 0x8430, 0x0000, 0xad52, 0xad52, 0x9cd3, 0x0000, 0x0000, 0x0000, 0x0000, 0x0000, 0x0000, 0x0000, 0x0000, 0x0000, 0x0000, 0x0000, 0x0000, 0x0000, 0x0000,
    0x0000, 0x0000, 0x0000, 0x0000, 0x0000, 0x0000, 0x0000, 0x0000, 0x8430, 0xffde, 0xe73a, 0xe73a, 0x8430, 0x0000, 0xffde, 0xffde, 0xffde, 0xffde, 0xffde, 0xffde, 0xc618, 0xe73a, 0xad52, 0xffde, 0xc618, 0xc618, 0xc618, 0x6320, 0x6320, 0x6320, 0x6320, 0xce79, 0xad52, 0x9cd3, 0x0000, 0x0000, 0x0000, 0x0000, 0x0000, 0x0000, 0x0000, 0x0000, 0x0000, 0x0000, 0x0000, 0x0000, 0x0000, 0x0000,
    0x0000, 0x0000, 0x0000, 0x0000, 0x0000, 0x0000, 0x0000, 0x0000, 0x8430, 0xffde, 0xe73a, 0xe73a, 0x8430, 0x9cd3, 0xc618, 0xc618, 0xc618, 0xc618, 0xc618, 0xc618, 0xc618, 0xce79, 0xad52, 0xffde, 0xffde, 0xffde, 0x6320, 0xffde, 0xe73a, 0xe73a, 0xce79, 0x6320, 0xce79, 0x9cd3, 0x0000, 0x0000, 0x0000, 0x0000, 0x0000, 0x0000, 0x0000, 0x0000, 0x0000, 0x0000, 0x0000, 0x0000, 0x0000, 0x0000,
    0x0000, 0x0000, 0x0000, 0x0000, 0x0000, 0x0000, 0x0000, 0x0000, 0x8430, 0xffde, 0xe73a, 0xe73a, 0x94b2, 0xe73a, 0xe73a, 0xe73a, 0xef5d, 0xe73a, 0xe73a, 0xef5d, 0xe73a, 0x6320, 0x6320, 0x6320, 0xad52, 0xad52, 0x6320, 0xce79, 0x9cd3, 0x9cd3, 0x9cd3, 0x6320, 0xce79, 0x9cd3, 0x6320, 0x6320, 0x0000, 0x0000, 0x0000, 0x0000, 0x0000, 0x0000, 0x0000, 0x0000, 0x0000, 0x0000, 0x0000, 0x0000,
    0x0000, 0x0000, 0x0000, 0x0000, 0x0000, 0x0000, 0x0000, 0x0000, 0x8430, 0xffde, 0xef5d, 0xe73a, 0xe73a, 0xe73a, 0xce79, 0xce79, 0xce79, 0xce79, 0xce79, 0xce79, 0xce79, 0x6320, 0xce6c, 0xce6c, 0x6320, 0x6320, 0x6320, 0xe73a, 0xe73a, 0xce79, 0x9cd3, 0x6320, 0x0000, 0x6320, 0xce60, 0x9cc0, 0x0000, 0x0000, 0x0000, 0x0000, 0x0000, 0x0000, 0x0000, 0x0000, 0x0000, 0x0000, 0x0000, 0x0000,
    0x0000, 0x0000, 0x0000, 0x0000, 0x0000, 0x0000, 0x0000, 0x0000, 0x8430, 0xffde, 0xe73a, 0xce79, 0xce79, 0xce79, 0xce79, 0xce79, 0xce79, 0xce79, 0xc618, 0xc618, 0xce79, 0x6320, 0xce6c, 0xe73a, 0xce6c, 0x8400, 0x6320, 0xffde, 0xe73a, 0xce79, 0x9cd3, 0x6320, 0xce60, 0xce60, 0x9cc0, 0xce60, 0x0000, 0x0000, 0x0000, 0x0000, 0x0000, 0x0000, 0x0000, 0x0000, 0x0000, 0x0000, 0x0000, 0x0000,
    0x0000, 0x0000, 0x0000, 0x0000, 0x0000, 0x0000, 0x0000, 0x0000, 0x8430, 0xffde, 0xce79, 0xce79, 0x8430, 0x73ae, 0x8430, 0x8430, 0x73ae, 0x8430, 0x8430, 0x73ae, 0x8430, 0x0000, 0x6320, 0xce6c, 0xfff3, 0xce6c, 0x6320, 0xffde, 0xe73a, 0xce79, 0x9cd3, 0x6320, 0xce60, 0x9cc0, 0xce60, 0x0000, 0x0000, 0x0000, 0x0000, 0x0000, 0x0000, 0x0000, 0x0000, 0x0000, 0x0000, 0x0000, 0x0000, 0x0000,
    0x0000, 0x0000, 0x0000, 0x0000, 0x0000, 0x0000, 0x0000, 0x0000, 0x8430, 0xffde, 0xe73a, 0xce79, 0x8430, 0x0000, 0x0000, 0x0000, 0x0000, 0x0000, 0x0000, 0x0000, 0xc618, 0x0000, 0x0000, 0xfff3, 0xce6c, 0x6320, 0x6320, 0xffde, 0xe73a, 0xce79, 0x9cd3, 0x6320, 0x6320, 0xce60, 0x9cc0, 0x0000, 0x0000, 0x0000, 0x0000, 0x0000, 0x0000, 0x0000, 0x0000, 0x0000, 0x0000, 0x0000, 0x0000, 0x0000,
    0x0000, 0x0000, 0x0000, 0x0000, 0x0000, 0x0000, 0x0000, 0x0000, 0x8430, 0xffde, 0xce79, 0xce79, 0x73ae, 0x0841, 0xffde, 0xffde, 0xffde, 0xffde, 0x6320, 0x6320, 0x6320, 0x6320, 0xfff3, 0xce6c, 0x6320, 0x0000, 0x6320, 0xffde, 0xe73a, 0xce79, 0x9cd3, 0x6320, 0x0000, 0x6320, 0xce60, 0x9cc0, 0x0000, 0x0841, 0x0000, 0x0000, 0x0000, 0x0000, 0x0000, 0x0000, 0x0000, 0x0000, 0x0000, 0x0000,
    0x0000, 0x0000, 0x0000, 0x0000, 0x0000, 0x0000, 0x0000, 0x0000, 0x8430, 0xffde, 0xce79, 0xce79, 0x8430, 0x0000, 0xffde, 0xffde, 0xffde, 0xffde, 0x6320, 0xffde, 0xffde, 0xffde, 0xffde, 0xfff3, 0xce6c, 0x0000, 0x6320, 0xe73a, 0xe73a, 0xce79, 0x9cd3, 0x6320, 0x0000, 0xce6c, 0xce6c, 0xce60, 0xccc0, 0x9cc0, 0x9cc0, 0x0000, 0x0000, 0x0000, 0x0000, 0x0000, 0x0000, 0x0000, 0x0000, 0x0000,
    0x0000, 0x0000, 0x0000, 0x0000, 0x0000, 0x0000, 0x0000, 0x0000, 0x8430, 0xffde, 0xce79, 0xce79, 0x8430, 0x0841, 0xffde, 0xffde, 0xffde, 0xffde, 0x0000, 0x6320, 0x6320, 0x6320, 0x6320, 0xce6c, 0xfff3, 0xce6c, 0xce6c, 0x0000, 0x0000, 0x0000, 0x0000, 0xce6c, 0xfff3, 0xfff3, 0xce6c, 0x0000, 0x6320, 0x6320, 0x6320, 0x0841, 0x0000, 0x0000, 0x0000, 0x0000, 0x0000, 0x0000, 0x0000, 0x0000,
    0x0000, 0x0000, 0x0000, 0x0000, 0x0000, 0x0000, 0x0000, 0x0000, 0x8430, 0xffde, 0xce79, 0xce79, 0x8430, 0x0000, 0xffde, 0xffde, 0xffde, 0xffde, 0x0000, 0x6320, 0x6320, 0x6320, 0x0000, 0xce6c, 0xce6c, 0xfff3, 0xce6c, 0xfff3, 0xce6c, 0xfff3, 0xce6c, 0xfff3, 0xce6c, 0xce6c, 0xfff3, 0x0000, 0x6320, 0x6320, 0x6320, 0x0000, 0x0000, 0x0000, 0x0000, 0x0000, 0x0000, 0x0000, 0x0000, 0x0000,
    0x0000, 0x0000, 0x0000, 0x0000, 0x0000, 0x0000, 0x0000, 0x0000, 0x8430, 0xffde, 0xce79, 0xc618, 0x73ae, 0x0000, 0xffde, 0xffde, 0xffde, 0xffde, 0x0000, 0x6320, 0x6320, 0x0000, 0xce6c, 0xce6c, 0xce6c, 0x0000, 0x6320, 0x8400, 0xfff3, 0xce6c, 0x8400, 0x0000, 0x0000, 0xfff3, 0xce6c, 0xce6c, 0x0000, 0x6320, 0x6320, 0x0000, 0x0000, 0x0000, 0x0000, 0x0000, 0x0000, 0x0000, 0x0000, 0x0000,
    0x0000, 0x0000, 0x0000, 0x0000, 0x0000, 0x0000, 0x0000, 0x0000, 0x8430, 0xffde, 0xc618, 0xc618, 0x8430, 0x0000, 0xffde, 0xffde, 0xffde, 0xffde, 0xffde, 0x0000, 0x0000, 0x9cc0, 0x9cc0, 0xce6c, 0x0000, 0x6320, 0x6320, 0x8400, 0xce6c, 0xfff3, 0x0000, 0x6320, 0x6320, 0x6320, 0xce6c, 0x9cc0, 0x0000, 0x0000, 0x0841, 0x0000, 0x0000, 0x0000, 0x0000, 0x0000, 0x0000, 0x0000, 0x0000, 0x0000,
    0x0000, 0x0000, 0x0000, 0x0000, 0x0000, 0x0000, 0x0000, 0x0000, 0x8430, 0xffde, 0xc618, 0xc618, 0x8430, 0x9cd3, 0xc618, 0xc618, 0xc618, 0xc618, 0xc618, 0xc618, 0xc618, 0x9cc0, 0x9cc0, 0x0000, 0x6320, 0x6320, 0x6320, 0x8400, 0xfff3, 0xce6c, 0x0000, 0x6320, 0x6320, 0x6320, 0x9cc0, 0x9cc0, 0x0841, 0x0000, 0x0000, 0x0000, 0x0000, 0x0000, 0x0000, 0x0000, 0x0000, 0x0000, 0x0000, 0x0000,
    0x0000, 0x0000, 0x0000, 0x0000, 0x0000, 0x0000, 0x0000, 0x0000, 0x8430, 0xffde, 0xc618, 0xc618, 0x9cd3, 0xffde, 0xffde, 0xffde, 0xffde, 0xffde, 0xffde, 0xffde, 0xffde, 0x9cc0, 0x9cc0, 0x0000, 0x6320, 0x0000, 0x0000, 0x6320, 0x6320, 0x6320, 0x0000, 0x0000, 0x0000, 0x6320, 0x9cc0, 0x9cc0, 0x0000, 0x0000, 0x0000, 0x0000, 0x0000, 0x0000, 0x0000, 0x0000, 0x0000, 0x0000, 0x0000, 0x0000,
    0x0000, 0x0000, 0x0000, 0x0000, 0x0000, 0x0000, 0x0000, 0x0000, 0x8430, 0xffde, 0xc618, 0xad52, 0xad52, 0xad52, 0xad52, 0xad52, 0xad52, 0xad52, 0xad52, 0xad52, 0xad52, 0x9cc0, 0x9cc0, 0x0000, 0x0000, 0x9cd3, 0x9cd3, 0x6320, 0x6320, 0x6320, 0x0000, 0x9cd3, 0x9cd3, 0x0000, 0x9cc0, 0x9cc0, 0x0000, 0x0000, 0x0000, 0x0000, 0x0000, 0x0000, 0x0000, 0x0000, 0x0000, 0x0000, 0x0000, 0x0000,
    0x0000, 0x0000, 0x0000, 0x0000, 0x0000, 0x0000, 0x0000, 0x0000, 0x8430, 0xffde, 0x9cd3, 0x9cd3, 0x9cd3, 0x9cd3, 0x9cd3, 0x9cd3, 0x9cd3, 0x9cd3, 0x9cd3, 0x9cd3, 0x9cd3, 0x9cd3, 0x0000, 0x0000, 0x9cd3, 0x9cd3, 0x9cd3, 0x6320, 0x6320, 0x6320, 0x0000, 0x9cd3, 0x9cd3, 0x9cd3, 0x0000, 0x0000, 0x0000, 0x0000, 0x0000, 0x0000, 0x0000, 0x0000, 0x0000, 0x0000, 0x0000, 0x0000, 0x0000, 0x0000,
    0x0000, 0x0000, 0x0000, 0x0000, 0x0000, 0x0000, 0x0000, 0x0000, 0x73ae, 0x8430, 0x8430, 0x8430, 0x8430, 0x8430, 0x8430, 0x8430, 0x8430, 0x8430, 0x8430, 0x8430, 0x8430, 0x8430, 0x8430, 0x8430, 0x8430, 0x8430, 0x8430, 0x0000, 0x0000, 0x0000, 0x0000, 0x8430, 0x8430, 0x8430, 0x0000, 0x0000, 0x0000, 0x0000, 0x0000, 0x0000, 0x0000, 0x0000, 0x0000, 0x0000, 0x0000, 0x0000, 0x0000, 0x0000,
    0x0000, 0x0000, 0x0000, 0x0000, 0x0000, 0x0000, 0x0000, 0x0000, 0x0841, 0x0000, 0x0000, 0x0000, 0x0000, 0x0000, 0x0000, 0x0000, 0x0000, 0x0000, 0x0000, 0x0000, 0x0000, 0x0000, 0x0000, 0x0000, 0x0000, 0x0000, 0x0000, 0x0000, 0x0841, 0x0841, 0x0000, 0x0000, 0x0000, 0x0000, 0x0000, 0x0000, 0x0000, 0x0000, 0x0000, 0x0000, 0x0000, 0x0000, 0x0000, 0x0000, 0x0000, 0x0000, 0x0000, 0x0000,
    0x0000, 0x0000, 0x0000, 0x0000, 0x0000, 0x0000, 0x0000, 0x0000, 0x0000, 0x0000, 0x0000, 0x0000, 0x0000, 0x0000, 0x0000, 0x0000, 0x0000, 0x0000, 0x0000, 0x0000, 0x0000, 0x0000, 0x0000, 0x0000, 0x0000, 0x0000, 0x0000, 0x0000, 0x0000, 0x0000, 0x0000, 0x0000, 0x0000, 0x0000, 0x0000, 0x0000, 0x0000, 0x0000, 0x0000, 0x0000, 0x0000, 0x0000, 0x0000, 0x0000, 0x0000, 0x0000, 0x0000, 0x0000,
    0x0000, 0x0000, 0x0000, 0x0000, 0x0000, 0x0000, 0x0000, 0x0000, 0x0000, 0x0000, 0x0000, 0x0000, 0x0000, 0x0000, 0x0000, 0x0000, 0x0000, 0x0000, 0x0000, 0x0000, 0x0000, 0x0000, 0x0000, 0x0000, 0x0000, 0x0000, 0x0000, 0x0000, 0x0000, 0x0000, 0x0000, 0x0000, 0x0000, 0x0000, 0x0000, 0x0000, 0x0000, 0x0000, 0x0000, 0x0000, 0x0000, 0x0000, 0x0000, 0x0000, 0x0000, 0x0000, 0x0000, 0x0000,
    0x0000, 0x0000, 0x0000, 0x0000, 0x0000, 0x0000, 0x0000, 0x0000, 0x0000, 0x0000, 0x0000, 0x0000, 0x0000, 0x0000, 0x0000, 0x0000, 0x0000, 0x0000, 0x0000, 0x0000, 0x0000, 0x0000, 0x0000, 0x0000, 0x0000, 0x0000, 0x0000, 0x0000, 0x0000, 0x0000, 0x0000, 0x0000, 0x0000, 0x0000, 0x0000, 0x0000, 0x0000, 0x0000, 0x0000, 0x0000, 0x0000, 0x0000, 0x0000, 0x0000, 0x0000, 0x0000, 0x0000, 0x0000,
    0x0000, 0x0000, 0x0000, 0x0000, 0x0000, 0x0000, 0x0000, 0x0000, 0x0000, 0x0000, 0x0000, 0x0000, 0x0000, 0x0000, 0x0000, 0x0000, 0x0000, 0x0000, 0x0000, 0x0000, 0x0000, 0x0000, 0x0000, 0x0000, 0x0000, 0x0000, 0x0000, 0x0000, 0x0000, 0x0000, 0x0000, 0x0000, 0x0000, 0x0000, 0x0000, 0x0000, 0x0000, 0x0000, 0x0000, 0x0000, 0x0000, 0x0000, 0x0000, 0x0000, 0x0000, 0x0000, 0x0000, 0x0000,
    0x0000, 0x0000, 0x0000, 0x0000, 0x0000, 0x0000, 0x0000, 0x0000, 0x0000, 0x0000, 0x0000, 0x0000, 0x0000, 0x0000, 0x0000, 0x0000, 0x0000, 0x0000, 0x0000, 0x0000, 0x0000, 0x0000, 0x0000, 0x0000, 0x0000, 0x0000, 0x0000, 0x0000, 0x0000, 0x0000, 0x0000, 0x0000, 0x0000, 0x0000, 0x0000, 0x0000, 0x0000, 0x0000, 0x0000, 0x0000, 0x0000, 0x0000, 0x0000, 0x0000, 0x0000, 0x0000, 0x0000, 0x0000,
    0x0000, 0x0000, 0x0000, 0x0000, 0x0000, 0x0000, 0x0000, 0x0000, 0x0000, 0x0000, 0x0000, 0x0000, 0x0000, 0x0000, 0x0000, 0x0000, 0x0000, 0x0000, 0x0000, 0x0000, 0x0000, 0x0000, 0x0000, 0x0000, 0x0000, 0x0000, 0x0000, 0x0000, 0x0000, 0x0000, 0x0000, 0x0000, 0x0000, 0x0000, 0x0000, 0x0000, 0x0000, 0x0000, 0x0000, 0x0000, 0x0000, 0x0000, 0x0000, 0x0000, 0x0000, 0x0000, 0x0000, 0x0000,
    0x0000, 0x0000, 0x0000, 0x0000, 0x0000, 0x0000, 0x0000, 0x0000, 0x0000, 0x0000, 0x0000, 0x0000, 0x0000, 0x0000, 0x0000, 0x0000, 0x0000, 0x0000, 0x0000, 0x0000, 0x0000, 0x0000, 0x0000, 0x0000, 0x0000, 0x0000, 0x0000, 0x0000, 0x0000, 0x0000, 0x0000, 0x0000, 0x0000, 0x0000, 0x0000, 0x0000, 0x0000, 0x0000, 0x0000, 0x0000, 0x0000, 0x0000, 0x0000, 0x0000, 0x0000, 0x0000, 0x0000, 0x0000,
    0x0000, 0x0000, 0x0000, 0x0000, 0x0000, 0x0000, 0x0000, 0x0000, 0x0000, 0x0000, 0x0000, 0x0000, 0x0000, 0x0000, 0x0000, 0x0000, 0x0000, 0x0000, 0x0000, 0x0000, 0x0000, 0x0000, 0x0000, 0x0000, 0x0000, 0x0000, 0x0000, 0x0000, 0x0000, 0x0000, 0x0000, 0x0000, 0x0000, 0x0000, 0x0000, 0x0000, 0x0000, 0x0000, 0x0000, 0x0000, 0x0000, 0x0000, 0x0000, 0x0000, 0x0000, 0x0000, 0x0000, 0x0000,
    0x0000, 0x0000, 0x0000, 0x0000, 0x0000, 0x0000, 0x0000, 0x0000, 0x0000, 0x0000, 0x0000, 0x0000, 0x0000, 0x0000, 0x0000, 0x0000, 0x0000, 0x0000, 0x0000, 0x0000, 0x0000, 0x0000, 0x0000, 0x0000, 0x0000, 0x0000, 0x0000, 0x0000, 0x0000, 0x0000, 0x0000, 0x0000, 0x0000, 0x0000, 0x0000, 0x0000, 0x0000, 0x0000, 0x0000, 0x0000, 0x0000, 0x0000, 0x0000, 0x0000, 0x0000, 0x0000, 0x0000, 0x0000,
    0x0000, 0x0000, 0x0000, 0x0000, 0x0000, 0x0000, 0x0000, 0x0000, 0x0000, 0x0000, 0x0000, 0x0000, 0x0000, 0x0000, 0x0000, 0x0000, 0x0000, 0x0000, 0x0000, 0x0000, 0x0000, 0x0000, 0x0000, 0x0000, 0x0000, 0x0000, 0x0000, 0x0000, 0x0000, 0x0000, 0x0000, 0x0000, 0x0000, 0x0000, 0x0000, 0x0000, 0x0000, 0x0000, 0x0000, 0x0000, 0x0000, 0x0000, 0x0000, 0x0000, 0x0000, 0x0000, 0x0000, 0x0000,
};
static const uint8_t W98_SETTINGS_A[48 * 48] = {
      0,   0,   0,   0,   0,   0,   0,   0,   0,   0,   0,   0,   0,   0,   0,   0,   0,   0,   0,   0,   0,   0,   0,   0,   0,   0,   0,   0,   0,   0,   0,   0,   0,   0,   0,   0,   0,   0,   0,   0,   0,   0,   0,   0,   0,   0,   0,   0,
      0,   0,   0,   0,   0,   0,   0,   0,   0,   0,   0,   0,   0,   0,   0,   0,   0,   0,   0,   0,   0,   0,   0,   0,   0,   0,   0,   0,   0,   0,   0,   0,   0,   0,   0,   0,   0,   0,   0,   0,   0,   0,   0,   0,   0,   0,   0,   0,
      0,   0,   0,   0,   0,   0,   0,   0,   0,   0,   0,   0,   0,   0,   0,   0,   0,   0,   0,   0,   0,   0,   0,   0,   0,   0,   0,   0,   0,   0,   0,   0,   0,   0,   0,   0,   0,   0,   0,   0,   0,   0,   0,   0,   0,   0,   0,   0,
      0,   0,   0,   0,   0,   0,   0,   0,   0,   0,   0,   0,   0,   0,   0,   0,   0,   0,   0,   0,   0,   0,   0,   0,   0,   0,   0,   0,   0,   0,   0,   0,   0,   0,   0,   0,   0,   0,   0,   0,   0,   0,   0,   0,   0,   0,   0,   0,
      0,   0,   0,   0,   0,   0,   0,   0,   0,   0,   0,   0,   0,   0,   0,   0,   0,   0,   0,   0,   0,   0,   0,   0,   0,   0,   0,   0,   0,   0,   0,   0,   0,   0,   0,   0,   0,   0,   0,   0,   0,   0,   0,   0,   0,   0,   0,   0,
      0,   0,   0,   0,   0,   0,   0,   0,   0,   0,   0,   0,   0,   0,   0,   0,   0,   0,   0,   0,   0,   0,   0,   0,   0,   0,   0,   0,   0,   0,   0,   0,   0,   0,   0,   0,   0,   0,   0,   0,   0,   0,   0,   0,   0,   0,   0,   0,
      0,   0,   0,   0,   0,   0,   0,   0,   0,   0,   0,   0,   0,   0,   0,   0,   0,   0,   0,   0,   0,   0,   0,   0,   0,   0,   0,   0,   0,   0,   0,   0,   0,   0,   0,   0,   0,   0,   0,   0,   0,   0,   0,   0,   0,   0,   0,   0,
      0,   0,   0,   0,   0,   0,   0,   0,   0,   0,   0,   0,   0,   0,   0,   0,   0,   0,   0,   0,   0,   0,   0,   0,   0,   0,   0,   0,   0,   0,   0,   0,   0,   0,   0,   0,   0,   0,   0,   0,   0,   0,   0,   0,   0,   0,   0,   0,
      0,   0,   0,   0,   0,   0,   0,   0,   0,   0,   0,   0,   0,   0,   0,   0,   0,   0,   0,   0,   0,   0,   0,   0,   0,   0,   0,   0,   0,   0,   0,   0,   0,   0,   0,   0,   0,   0,   0,   0,   0,   0,   0,   0,   0,   0,   0,   0,
      0,   0,   0,   0,   0,   0,   0,   0, 255, 255, 255, 255, 255, 255, 255, 255, 255, 255, 255, 255, 255, 255, 255, 255, 255, 255, 255, 255, 255, 255, 255, 255, 255, 255, 255,   0,   0,   0,   0,   0,   0,   0,   0,   0,   0,   0,   0,   0,
      0,   0,   0,   0,   0,   0,   0,   0, 255, 255, 255, 255, 255, 255, 255, 255, 255, 255, 255, 255, 255, 255, 255, 255, 255, 255, 255, 255, 255, 255, 255, 255, 255, 255, 255,   0,   0,   0,   0,   0,   0,   0,   0,   0,   0,   0,   0,   0,
      0,   0,   0,   0,   0,   0,   0,   0, 255, 255, 255, 255, 255, 255, 255, 255, 255, 255, 255, 255, 255, 255, 255, 255, 255, 255, 255, 255, 255, 255, 255, 255, 255, 255, 255,   0,   0,   0,   0,   0,   0,   0,   0,   0,   0,   0,   0,   0,
      0,   0,   0,   0,   0,   0,   0,   0, 255, 255, 255, 255, 255, 255, 255, 255, 255, 255, 255, 255, 255, 255, 255, 255, 255, 255, 255, 255, 255, 255, 255, 255, 255, 255, 255,   0,   0,   0,   0,   0,   0,   0,   0,   0,   0,   0,   0,   0,
      0,   0,   0,   0,   0,   0,   0,   0, 255, 255, 255, 255, 255, 255, 255, 255, 255, 255, 255, 255, 255, 255, 255, 255, 255, 255, 255, 255, 255, 255, 255, 255, 255, 255, 255,   0,   0,   0,   0,   0,   0,   0,   0,   0,   0,   0,   0,   0,
      0,   0,   0,   0,   0,   0,   0,   0, 255, 255, 255, 255, 255, 255, 255, 255, 255, 255, 255, 255, 255, 255, 255, 255, 255, 255, 255, 255, 255, 255, 255, 255, 255, 255, 255,   0,   0,   0,   0,   0,   0,   0,   0,   0,   0,   0,   0,   0,
      0,   0,   0,   0,   0,   0,   0,   0, 255, 255, 255, 255, 255, 255, 255, 255, 255, 255, 255, 255, 255, 255, 255, 255, 255, 255, 255, 255, 255, 255, 255, 255, 255, 255, 255,   0,   0,   0,   0,   0,   0,   0,   0,   0,   0,   0,   0,   0,
      0,   0,   0,   0,   0,   0,   0,   0, 255, 255, 255, 255, 255, 255, 255, 255, 255, 255, 255, 255, 255, 255, 255, 255, 255, 255, 255, 255, 255, 255, 255, 255, 255, 255, 255,   0,   0,   0,   0,   0,   0,   0,   0,   0,   0,   0,   0,   0,
      0,   0,   0,   0,   0,   0,   0,   0, 255, 255, 255, 255, 255, 255, 255, 255, 255, 255, 255, 255, 255, 255, 255, 255, 255, 255, 255, 255, 255, 255, 255, 255, 255, 255, 255,   0,   0,   0,   0,   0,   0,   0,   0,   0,   0,   0,   0,   0,
      0,   0,   0,   0,   0,   0,   0,   0, 255, 255, 255, 255, 255, 255, 255, 255, 255, 255, 255, 255, 255, 255, 255, 255, 255, 255, 255, 255, 255, 255, 255, 255, 255, 255, 255,   0,   0,   0,   0,   0,   0,   0,   0,   0,   0,   0,   0,   0,
      0,   0,   0,   0,   0,   0,   0,   0, 255, 255, 255, 255, 255, 255, 255, 255, 255, 255, 255, 255, 255, 255, 255, 255, 255, 255, 255, 255, 255, 255, 255, 255, 255, 255, 255,   0,   0,   0,   0,   0,   0,   0,   0,   0,   0,   0,   0,   0,
      0,   0,   0,   0,   0,   0,   0,   0, 255, 255, 255, 255, 255, 255, 255, 255, 255, 255, 255, 255, 255, 255, 255, 255, 255, 255, 255, 255, 255, 255, 255, 255, 255, 255, 255,   0,   0,   0,   0,   0,   0,   0,   0,   0,   0,   0,   0,   0,
      0,   0,   0,   0,   0,   0,   0,   0, 255, 255, 255, 255, 255, 255, 255, 255, 255, 255, 255, 255, 255, 255, 255, 255, 255, 255, 255, 255, 255, 255, 255, 255, 255, 255, 255, 255,   0,   0,   0,   0,   0,   0,   0,   0,   0,   0,   0,   0,
      0,   0,   0,   0,   0,   0,   0,   0, 255, 255, 255, 255, 255, 255, 255, 255, 255, 255, 255, 255, 255, 255, 255, 255, 255, 255, 255, 255, 255, 255, 255, 255, 255, 255, 255, 255, 255,   0,   0,   0,   0,   0,   0,   0,   0,   0,   0,   0,
      0,   0,   0,   0,   0,   0,   0,   0, 255, 255, 255, 255, 255, 255, 255, 255, 255, 255, 255, 255, 255, 255, 255, 255, 255, 255, 255, 255, 255, 255, 255, 255, 255, 255, 255, 255, 255,   0,   0,   0,   0,   0,   0,   0,   0,   0,   0,   0,
      0,   0,   0,   0,   0,   0,   0,   0, 255, 255, 255, 255, 255, 255, 255, 255, 255, 255, 255, 255, 255, 255, 255, 255, 255, 255, 255, 255, 255, 255, 255, 255, 255, 255, 255, 255, 255,   0,   0,   0,   0,   0,   0,   0,   0,   0,   0,   0,
      0,   0,   0,   0,   0,   0,   0,   0, 255, 255, 255, 255, 255, 255, 255, 255, 255, 255, 255, 255, 255, 255, 255, 255, 255, 255, 255, 255, 255, 255, 255, 255, 255, 255, 255, 255, 255,   0,   0,   0,   0,   0,   0,   0,   0,   0,   0,   0,
      0,   0,   0,   0,   0,   0,   0,   0, 255, 255, 255, 255, 255, 255, 255, 255, 255, 255, 255, 255, 255, 255, 255, 255, 255, 255, 255, 255, 255, 255, 255, 255, 255, 255, 255, 255, 255, 255, 255,   0,   0,   0,   0,   0,   0,   0,   0,   0,
      0,   0,   0,   0,   0,   0,   0,   0, 255, 255, 255, 255, 255, 255, 255, 255, 255, 255, 255, 255, 255, 255, 255, 255, 255, 255, 255, 255, 255, 255, 255, 255, 255, 255, 255, 255, 255, 255, 255, 255,   0,   0,   0,   0,   0,   0,   0,   0,
      0,   0,   0,   0,   0,   0,   0,   0, 255, 255, 255, 255, 255, 255, 255, 255, 255, 255, 255, 255, 255, 255, 255, 255, 255, 255, 255, 255, 255, 255, 255, 255, 255, 255, 255, 255, 255, 255, 255, 255,   0,   0,   0,   0,   0,   0,   0,   0,
      0,   0,   0,   0,   0,   0,   0,   0, 255, 255, 255, 255, 255, 255, 255, 255, 255, 255, 255, 255, 255, 255, 255, 255, 255, 255, 255, 255, 255, 255, 255, 255, 255, 255, 255, 255, 255, 255, 255, 255,   0,   0,   0,   0,   0,   0,   0,   0,
      0,   0,   0,   0,   0,   0,   0,   0, 255, 255, 255, 255, 255, 255, 255, 255, 255, 255, 255, 255, 255, 255, 255, 255, 255, 255, 255, 255, 255, 255, 255, 255, 255, 255, 255, 255, 255, 255, 255, 255,   0,   0,   0,   0,   0,   0,   0,   0,
      0,   0,   0,   0,   0,   0,   0,   0, 255, 255, 255, 255, 255, 255, 255, 255, 255, 255, 255, 255, 255, 255, 255, 255, 255, 255, 255, 255, 255, 255, 255, 255, 255, 255, 255, 255, 255, 255, 255,   0,   0,   0,   0,   0,   0,   0,   0,   0,
      0,   0,   0,   0,   0,   0,   0,   0, 255, 255, 255, 255, 255, 255, 255, 255, 255, 255, 255, 255, 255, 255, 255, 255, 255, 255, 255, 255, 255, 255, 255, 255, 255, 255, 255, 255, 255,   0,   0,   0,   0,   0,   0,   0,   0,   0,   0,   0,
      0,   0,   0,   0,   0,   0,   0,   0, 255, 255, 255, 255, 255, 255, 255, 255, 255, 255, 255, 255, 255, 255, 255, 255, 255, 255, 255, 255, 255, 255, 255, 255, 255, 255, 255, 255, 255,   0,   0,   0,   0,   0,   0,   0,   0,   0,   0,   0,
      0,   0,   0,   0,   0,   0,   0,   0, 255, 255, 255, 255, 255, 255, 255, 255, 255, 255, 255, 255, 255, 255, 255, 255, 255, 255, 255, 255, 255, 255, 255, 255, 255, 255, 255, 255, 255,   0,   0,   0,   0,   0,   0,   0,   0,   0,   0,   0,
      0,   0,   0,   0,   0,   0,   0,   0, 255, 255, 255, 255, 255, 255, 255, 255, 255, 255, 255, 255, 255, 255, 255, 255, 255, 255, 255, 255, 255, 255, 255, 255, 255, 255, 255, 255,   0,   0,   0,   0,   0,   0,   0,   0,   0,   0,   0,   0,
      0,   0,   0,   0,   0,   0,   0,   0, 255, 255, 255, 255, 255, 255, 255, 255, 255, 255, 255, 255, 255, 255, 255, 255, 255, 255, 255, 255, 255, 255, 255, 255, 255, 255, 255,   0,   0,   0,   0,   0,   0,   0,   0,   0,   0,   0,   0,   0,
      0,   0,   0,   0,   0,   0,   0,   0, 255, 255, 255, 255, 255, 255, 255, 255, 255, 255, 255, 255, 255, 255, 255, 255, 255, 255, 255, 255, 255, 255, 255, 255, 255, 255, 255,   0,   0,   0,   0,   0,   0,   0,   0,   0,   0,   0,   0,   0,
      0,   0,   0,   0,   0,   0,   0,   0,   0,   0,   0,   0,   0,   0,   0,   0,   0,   0,   0,   0,   0,   0,   0,   0,   0,   0,   0,   0,   0,   0,   0,   0,   0,   0,   0,   0,   0,   0,   0,   0,   0,   0,   0,   0,   0,   0,   0,   0,
      0,   0,   0,   0,   0,   0,   0,   0,   0,   0,   0,   0,   0,   0,   0,   0,   0,   0,   0,   0,   0,   0,   0,   0,   0,   0,   0,   0,   0,   0,   0,   0,   0,   0,   0,   0,   0,   0,   0,   0,   0,   0,   0,   0,   0,   0,   0,   0,
      0,   0,   0,   0,   0,   0,   0,   0,   0,   0,   0,   0,   0,   0,   0,   0,   0,   0,   0,   0,   0,   0,   0,   0,   0,   0,   0,   0,   0,   0,   0,   0,   0,   0,   0,   0,   0,   0,   0,   0,   0,   0,   0,   0,   0,   0,   0,   0,
      0,   0,   0,   0,   0,   0,   0,   0,   0,   0,   0,   0,   0,   0,   0,   0,   0,   0,   0,   0,   0,   0,   0,   0,   0,   0,   0,   0,   0,   0,   0,   0,   0,   0,   0,   0,   0,   0,   0,   0,   0,   0,   0,   0,   0,   0,   0,   0,
      0,   0,   0,   0,   0,   0,   0,   0,   0,   0,   0,   0,   0,   0,   0,   0,   0,   0,   0,   0,   0,   0,   0,   0,   0,   0,   0,   0,   0,   0,   0,   0,   0,   0,   0,   0,   0,   0,   0,   0,   0,   0,   0,   0,   0,   0,   0,   0,
      0,   0,   0,   0,   0,   0,   0,   0,   0,   0,   0,   0,   0,   0,   0,   0,   0,   0,   0,   0,   0,   0,   0,   0,   0,   0,   0,   0,   0,   0,   0,   0,   0,   0,   0,   0,   0,   0,   0,   0,   0,   0,   0,   0,   0,   0,   0,   0,
      0,   0,   0,   0,   0,   0,   0,   0,   0,   0,   0,   0,   0,   0,   0,   0,   0,   0,   0,   0,   0,   0,   0,   0,   0,   0,   0,   0,   0,   0,   0,   0,   0,   0,   0,   0,   0,   0,   0,   0,   0,   0,   0,   0,   0,   0,   0,   0,
      0,   0,   0,   0,   0,   0,   0,   0,   0,   0,   0,   0,   0,   0,   0,   0,   0,   0,   0,   0,   0,   0,   0,   0,   0,   0,   0,   0,   0,   0,   0,   0,   0,   0,   0,   0,   0,   0,   0,   0,   0,   0,   0,   0,   0,   0,   0,   0,
      0,   0,   0,   0,   0,   0,   0,   0,   0,   0,   0,   0,   0,   0,   0,   0,   0,   0,   0,   0,   0,   0,   0,   0,   0,   0,   0,   0,   0,   0,   0,   0,   0,   0,   0,   0,   0,   0,   0,   0,   0,   0,   0,   0,   0,   0,   0,   0,
      0,   0,   0,   0,   0,   0,   0,   0,   0,   0,   0,   0,   0,   0,   0,   0,   0,   0,   0,   0,   0,   0,   0,   0,   0,   0,   0,   0,   0,   0,   0,   0,   0,   0,   0,   0,   0,   0,   0,   0,   0,   0,   0,   0,   0,   0,   0,   0,
};

/* POWER - w98_shut_down_normal.ico, 48x48 at best bpp, drawn at 3x.
 * The Windows shutdown monitor. Ambiguous alone on a camera; the POWER label under it resolves that. */
static const uint16_t W98_POWER_RGB[48 * 48] = {
    0x0000, 0x0000, 0x0000, 0x0000, 0x0000, 0x0000, 0x0000, 0x0000, 0x0000, 0x0000, 0x0000, 0x0000, 0x0000, 0x0000, 0x0000, 0x0000, 0x0000, 0x0000, 0x0000, 0x0000, 0x0000, 0x0000, 0x0000, 0x0000, 0x0000, 0x0000, 0x0000, 0x0000, 0x0000, 0x0000, 0x0000, 0x0000, 0x0000, 0x0000, 0x0000, 0x0000, 0x0000, 0x0000, 0x0000, 0x0000, 0x0000, 0x0000, 0x0000, 0x0000, 0x0000, 0x0000, 0x0000, 0x0000,
    0x0000, 0x0000, 0x0000, 0x0000, 0x0000, 0x0000, 0x0000, 0x0000, 0x0000, 0x0000, 0x0000, 0x0000, 0x0000, 0x0000, 0x0000, 0x0000, 0x0000, 0x0000, 0x0000, 0x0000, 0x0000, 0x0000, 0x0000, 0x0000, 0x0000, 0x0000, 0x0000, 0x0000, 0x0000, 0x0000, 0x0000, 0x0000, 0x0000, 0x0000, 0x0000, 0x0000, 0x0000, 0x0000, 0x0000, 0x0000, 0x0000, 0x0000, 0x0000, 0x0000, 0x0000, 0x0000, 0x0000, 0x0000,
    0x0000, 0x0000, 0x0000, 0x0000, 0x0000, 0x0000, 0x0000, 0x0000, 0x0000, 0x0000, 0x0000, 0x0000, 0x0000, 0x0000, 0x0000, 0x0000, 0x0000, 0x0000, 0x0000, 0x0000, 0x0000, 0x0000, 0x0000, 0x0000, 0x0000, 0x0000, 0x0000, 0x0000, 0x0000, 0x0000, 0x0000, 0x0000, 0x0000, 0x0000, 0x0000, 0x0000, 0x0000, 0x0000, 0x0000, 0x0000, 0x0000, 0x0000, 0x0000, 0x0000, 0x0000, 0x0000, 0x0000, 0x0000,
    0x0000, 0x0000, 0x0000, 0x0000, 0x0000, 0x0000, 0x0000, 0x0000, 0x0000, 0x0000, 0x0000, 0x0000, 0x0000, 0x0000, 0x0000, 0x0000, 0x0000, 0x0000, 0x0000, 0x0000, 0x0000, 0x0000, 0x0000, 0x0000, 0x0000, 0x0000, 0x0000, 0x0000, 0x0000, 0x0000, 0x0000, 0x0000, 0x0000, 0x0000, 0x0000, 0x0000, 0x0000, 0x0000, 0x0000, 0x0000, 0x0000, 0x0000, 0x0000, 0x0000, 0x0000, 0x0000, 0x0000, 0x0000,
    0x0000, 0x0000, 0x0000, 0x0000, 0x0000, 0x0000, 0x0000, 0x0000, 0x0000, 0x0000, 0x0000, 0x0000, 0x0000, 0x0000, 0x0000, 0x0000, 0x0000, 0x0000, 0x0000, 0x0000, 0x0000, 0x0000, 0x0000, 0x0000, 0x0000, 0x0000, 0x0000, 0x0000, 0x0000, 0x0000, 0x0000, 0x0000, 0x0000, 0x0000, 0x0000, 0x0000, 0x0000, 0x0000, 0x0000, 0x0000, 0x0000, 0x0000, 0x0000, 0x0000, 0x0000, 0x0000, 0x0000, 0x0000,
    0x0000, 0x0000, 0x0000, 0x0000, 0x0000, 0x0000, 0x0000, 0x0000, 0x0000, 0x0000, 0x0000, 0x0000, 0x0000, 0x0000, 0x0000, 0x0000, 0x0000, 0x0000, 0x0000, 0x0000, 0x0000, 0x0000, 0x0000, 0x0000, 0x0000, 0x0000, 0x0000, 0x0000, 0x0000, 0x0000, 0x0000, 0x0000, 0x0000, 0x0000, 0x0000, 0x0000, 0x0000, 0x0000, 0x0000, 0x0000, 0x0000, 0x0000, 0x0000, 0x0000, 0x0000, 0x0000, 0x0000, 0x0000,
    0x0000, 0x0000, 0x0000, 0x0000, 0x0000, 0x0000, 0x0000, 0x0000, 0x0000, 0x0000, 0x0000, 0x0000, 0x0000, 0x0000, 0x0000, 0x0000, 0x0000, 0x0000, 0x0000, 0x0000, 0x0000, 0x0000, 0x0000, 0x0000, 0x0000, 0x0000, 0x0000, 0x0000, 0x0000, 0x0000, 0x0000, 0x0000, 0x0000, 0x0000, 0x0000, 0x0000, 0x0000, 0x0000, 0x0000, 0x0000, 0x0000, 0x0000, 0x0000, 0x0000, 0x0000, 0x0000, 0x0000, 0x0000,
    0x0000, 0x0000, 0x0000, 0x0000, 0x0000, 0x0000, 0x0000, 0x0000, 0x0000, 0x0000, 0x0000, 0x0000, 0x0000, 0x0000, 0x0000, 0x0000, 0x0000, 0x0000, 0x0000, 0x0000, 0x0000, 0x0000, 0x0000, 0x0000, 0x0000, 0x0000, 0x0000, 0x0000, 0x0000, 0x0000, 0x0000, 0x0000, 0x0000, 0x0000, 0x0000, 0x0000, 0x0000, 0x0000, 0x0000, 0x0000, 0x0000, 0x0000, 0x0000, 0x0000, 0x0000, 0x0000, 0x0000, 0x0000,
    0x0000, 0x0000, 0x0000, 0x0000, 0x0000, 0x0000, 0x0000, 0x0000, 0x0000, 0x0000, 0x0000, 0x0000, 0x0000, 0x73ae, 0x73ae, 0x73ae, 0x73ae, 0x73ae, 0x73ae, 0x73ae, 0x0000, 0x0000, 0x0000, 0x0000, 0x0000, 0x0000, 0x0000, 0x0000, 0x0000, 0x0000, 0x0000, 0x0000, 0x0000, 0x0000, 0x0000, 0x0000, 0x0000, 0x0000, 0x0000, 0x0000, 0x0000, 0x0000, 0x0000, 0x0000, 0x0000, 0x0000, 0x0000, 0x0000,
    0x0000, 0x0000, 0x0000, 0x0000, 0x0000, 0x0000, 0x0000, 0x0000, 0x0000, 0x0000, 0x0000, 0x73ae, 0x73ae, 0xc618, 0xc618, 0xc618, 0xc618, 0xc618, 0xc618, 0xb596, 0x73ae, 0x73ae, 0x0000, 0x0000, 0x0000, 0x0000, 0x0000, 0x0000, 0x0000, 0x0000, 0x0000, 0x0000, 0x0000, 0x0000, 0x0000, 0x0000, 0x0000, 0x0000, 0x0000, 0x0000, 0x0000, 0x0000, 0x0000, 0x0000, 0x0000, 0x0000, 0x0000, 0x0000,
    0x0000, 0x0000, 0x0000, 0x0000, 0x0000, 0x0000, 0x0000, 0x0000, 0x0000, 0x73ae, 0x73ae, 0xc618, 0xc618, 0xce79, 0xce79, 0xce79, 0xc618, 0xce79, 0xc618, 0xc618, 0xb596, 0xb596, 0x73ae, 0x73ae, 0x0000, 0x0000, 0x0000, 0x0000, 0x0000, 0x0000, 0x0000, 0x0000, 0x0000, 0x0000, 0x0000, 0x0000, 0x0000, 0x0000, 0x0000, 0x0000, 0x0000, 0x0000, 0x0000, 0x0000, 0x0000, 0x0000, 0x0000, 0x0000,
    0x0000, 0x0000, 0x0000, 0x0000, 0x0000, 0x0000, 0x0000, 0x0000, 0x8430, 0xffdf, 0xffdf, 0xe73a, 0xef5d, 0xce79, 0xce79, 0xce79, 0xce79, 0xc618, 0xce79, 0xc618, 0xc618, 0xb596, 0xb596, 0x9cd3, 0x73ae, 0x73ae, 0x73ae, 0x73ae, 0x73ae, 0x73ae, 0x73ae, 0x73ae, 0x0000, 0x0000, 0x0000, 0x0000, 0x0000, 0x0000, 0x0000, 0x0000, 0x0000, 0x0000, 0x0000, 0x0000, 0x0000, 0x0000, 0x0000, 0x0000,
    0x0000, 0x0000, 0x0000, 0x0000, 0x0000, 0x0000, 0x0000, 0x0000, 0x8430, 0xffdf, 0xef5d, 0xef5d, 0xffdf, 0xe73a, 0xe73a, 0xce79, 0xc618, 0xce79, 0xc618, 0xce79, 0xc618, 0xc618, 0xb596, 0xb596, 0x9cd3, 0xa514, 0x73ae, 0x73ae, 0xc618, 0xc618, 0xc618, 0xb596, 0x73ae, 0x73ae, 0x0000, 0x0000, 0x0000, 0x0000, 0x0000, 0x0000, 0x0000, 0x0000, 0x0000, 0x0000, 0x0000, 0x0000, 0x0000, 0x0000,
    0x0000, 0x0000, 0x0000, 0x0000, 0x0000, 0x0000, 0x0000, 0x0000, 0x8430, 0xffdf, 0xef5d, 0xe73a, 0xe73a, 0xef5d, 0xffdf, 0xef5d, 0xe73a, 0xce79, 0xce79, 0xc618, 0xce79, 0xc618, 0xc618, 0xb596, 0xb596, 0x9cd3, 0xa514, 0x9cd3, 0x73ae, 0x73ae, 0xc618, 0xc618, 0xb596, 0x9cd3, 0x73ae, 0x73ae, 0x0000, 0x0000, 0x0000, 0x0000, 0x0000, 0x0000, 0x0000, 0x0000, 0x0000, 0x0000, 0x0000, 0x0000,
    0x0000, 0x0000, 0x0000, 0x0000, 0x0000, 0x0000, 0x0000, 0x0000, 0x8430, 0xffdf, 0xef5d, 0xce79, 0xc618, 0xe73a, 0xe73a, 0xef5d, 0xffdf, 0xe73a, 0xe73a, 0xce79, 0xc618, 0xc618, 0xc618, 0xc618, 0xb596, 0xb596, 0xa514, 0xa514, 0x9cd3, 0x9cd3, 0x73ae, 0x73ae, 0xc618, 0xb596, 0x9cd3, 0x8430, 0x73ae, 0x73ae, 0x0000, 0x0000, 0x0000, 0x0000, 0x0000, 0x0000, 0x0000, 0x0000, 0x0000, 0x0000,
    0x0000, 0x0000, 0x0000, 0x0000, 0x0000, 0x0000, 0x0000, 0x0000, 0x8430, 0xffdf, 0xef5d, 0xce79, 0x4a69, 0x8430, 0xc618, 0xe73a, 0xe73a, 0xef5d, 0xffdf, 0xe73a, 0xce79, 0xc618, 0xc618, 0xc618, 0xc618, 0xb596, 0xb596, 0xb596, 0xa514, 0xa514, 0x9cd3, 0x9cd3, 0x73ae, 0x73ae, 0xb596, 0xb596, 0x9cd3, 0x8430, 0x1082, 0x0000, 0x0000, 0x0000, 0x0000, 0x0000, 0x0000, 0x0000, 0x0000, 0x0000,
    0x0000, 0x0000, 0x0000, 0x0000, 0x0000, 0x0000, 0x0000, 0x0000, 0x8430, 0xffdf, 0xef5d, 0xce79, 0x300c, 0x0010, 0x8430, 0x8430, 0xc618, 0xe73a, 0xe73a, 0xef5d, 0xffdf, 0xe73a, 0xce79, 0xc618, 0xc618, 0xc618, 0xb596, 0xb596, 0xb596, 0xb596, 0xa514, 0xa514, 0x9cd3, 0x9cd3, 0x0000, 0xb596, 0x9cd3, 0x9cd3, 0x73ae, 0x0000, 0x0000, 0x0000, 0x0000, 0x0000, 0x0000, 0x0000, 0x0000, 0x0000,
    0x0000, 0x0000, 0x0000, 0x0000, 0x0000, 0x0000, 0x0000, 0x0000, 0x8430, 0xffdf, 0xef5d, 0xce79, 0x300c, 0x3019, 0x0010, 0x0010, 0x73ae, 0x8430, 0xc618, 0xe73a, 0xe73a, 0xef5d, 0xffdf, 0xe73a, 0xce79, 0xc618, 0xc618, 0xb596, 0xb596, 0xb596, 0xa514, 0x94b2, 0x8430, 0x73ae, 0x0000, 0x9cd3, 0x94b2, 0x8430, 0x73ae, 0x0000, 0x0000, 0x0000, 0x0000, 0x0000, 0x0000, 0x0000, 0x0000, 0x0000,
    0x0000, 0x0000, 0x0000, 0x0000, 0x0000, 0x0000, 0x0000, 0x0000, 0x8430, 0xffdf, 0xef5d, 0xce79, 0x300c, 0x3019, 0x3019, 0x3019, 0x0010, 0x0010, 0x73ae, 0x8430, 0xc618, 0xe73a, 0xe73a, 0xef5d, 0xffdf, 0xe73a, 0xc618, 0xc618, 0xb596, 0xb596, 0x9cd3, 0x94b2, 0x8430, 0x73ae, 0x0000, 0x9cd3, 0x94b2, 0x8430, 0x73ae, 0x0000, 0x0000, 0x0000, 0x0000, 0x0000, 0x0000, 0x0000, 0x0000, 0x0000,
    0x0000, 0x0000, 0x0000, 0x0000, 0x0000, 0x0000, 0x0000, 0x0000, 0x8430, 0xffdf, 0xef5d, 0xce79, 0x300c, 0x001f, 0x3019, 0x001f, 0x3019, 0x3193, 0x0010, 0x0010, 0x73ae, 0x8430, 0xc618, 0xe73a, 0xe73a, 0xef5d, 0xffdf, 0xe73a, 0xc618, 0xc618, 0x9cd3, 0x94b2, 0x8430, 0x73ae, 0x0000, 0x9cd3, 0x94b2, 0x8430, 0x73ae, 0x0000, 0x0000, 0x0000, 0x0000, 0x0000, 0x0000, 0x0000, 0x0000, 0x0000,
    0x0000, 0x0000, 0x0000, 0x0000, 0x0000, 0x0000, 0x0000, 0x0000, 0x8430, 0xffdf, 0xef5d, 0xce79, 0x300c, 0x07ff, 0x001f, 0x3019, 0x001f, 0x3019, 0x001f, 0x3193, 0x0010, 0x0010, 0x73ae, 0x8430, 0xc618, 0xce79, 0xce79, 0xce79, 0xc618, 0xc618, 0x9cd3, 0x94b2, 0x8430, 0x73ae, 0x0000, 0x9cd3, 0x94b2, 0x8430, 0x73ae, 0x0841, 0x0000, 0x0000, 0x0000, 0x0000, 0x0000, 0x0000, 0x0000, 0x0000,
    0x0000, 0x0000, 0x0000, 0x0000, 0x0000, 0x0000, 0x0000, 0x0000, 0x8430, 0xffdf, 0xef5d, 0xce79, 0x300c, 0x3019, 0x3019, 0x001f, 0x001f, 0x07ff, 0x001f, 0x001f, 0x001f, 0x3019, 0x0010, 0x0010, 0x8430, 0xb596, 0xd6ba, 0xce79, 0xc618, 0xc618, 0x9cd3, 0x94b2, 0x8430, 0x73ae, 0x0000, 0x9cd3, 0x94b2, 0x8430, 0x73ae, 0x0000, 0x0000, 0x0000, 0x0000, 0x0000, 0x0000, 0x0000, 0x0000, 0x0000,
    0x0000, 0x0000, 0x0000, 0x0000, 0x0000, 0x0000, 0x0000, 0x0000, 0x8430, 0xffdf, 0xef5d, 0xce79, 0x300c, 0x3019, 0x001f, 0x07ff, 0x001f, 0x001f, 0x001f, 0x001f, 0x07ff, 0x3019, 0x3019, 0x0010, 0x0010, 0xc618, 0xce79, 0xce79, 0xc618, 0xc618, 0x9cd3, 0x94b2, 0x8430, 0x73ae, 0x0000, 0x9cd3, 0x94b2, 0x8430, 0x73ae, 0x0000, 0x0000, 0x0000, 0x0000, 0x0000, 0x0000, 0x0000, 0x0000, 0x0000,
    0x0000, 0x0000, 0x0000, 0x0000, 0x0000, 0x0000, 0x0000, 0x0000, 0x8430, 0xffdf, 0xef5d, 0xce79, 0x300c, 0x3019, 0x001f, 0x001f, 0x07ff, 0x001f, 0x001f, 0x07ff, 0x001f, 0x001f, 0x3019, 0x3019, 0x0010, 0xc618, 0xce79, 0xce79, 0xc618, 0xc618, 0x9cd3, 0x94b2, 0x8430, 0x73ae, 0x0000, 0x9cd3, 0x94b2, 0x8430, 0x73ae, 0x0000, 0x0000, 0x0000, 0x0000, 0x0000, 0x0000, 0x0000, 0x0000, 0x0000,
    0x0000, 0x0000, 0x0000, 0x0000, 0x0000, 0x0000, 0x0000, 0x0000, 0x8430, 0xffdf, 0xef5d, 0xce79, 0x300c, 0x3019, 0x001f, 0x001f, 0x001f, 0xffdf, 0xffe0, 0x001f, 0x001f, 0x001f, 0x001f, 0x3019, 0x0010, 0xc618, 0xce79, 0xce79, 0xc618, 0xc618, 0x9cd3, 0x94b2, 0x8430, 0x73ae, 0x0000, 0x9cd3, 0x94b2, 0x8430, 0x73ae, 0x0841, 0x0000, 0x0000, 0x0000, 0x0000, 0x0000, 0x0000, 0x0000, 0x0000,
    0x0000, 0x0000, 0x0000, 0x0000, 0x0000, 0x0000, 0x0000, 0x0000, 0x8430, 0xffdf, 0xef5d, 0xce79, 0x300c, 0x3019, 0x07ff, 0x001f, 0x001f, 0xffe0, 0x07ff, 0x001f, 0x07ff, 0x001f, 0x07ff, 0x3019, 0x0010, 0xc618, 0xce79, 0xce79, 0xc618, 0xc618, 0x9cd3, 0x94b2, 0x8430, 0x73ae, 0x0000, 0x9cd3, 0x94b2, 0x8430, 0x73ae, 0x0000, 0x0000, 0x0000, 0x0000, 0x0000, 0x0000, 0x0000, 0x0000, 0x0000,
    0x0000, 0x0000, 0x0000, 0x0000, 0x0000, 0x0000, 0x0000, 0x0000, 0x8430, 0xffdf, 0xef5d, 0xce79, 0x300c, 0x0013, 0x3019, 0x001f, 0x07ff, 0x001f, 0x001f, 0x07ff, 0x001f, 0x001f, 0x001f, 0x3019, 0x0010, 0xc618, 0xce79, 0xce79, 0xc618, 0xc618, 0x9cd3, 0x94b2, 0x8430, 0x73ae, 0x0000, 0x9cd3, 0x94b2, 0x8430, 0x73ae, 0x0000, 0x0000, 0x0000, 0x0000, 0x0000, 0x0000, 0x0000, 0x0000, 0x0000,
    0x0000, 0x0000, 0x0000, 0x0000, 0x0000, 0x0000, 0x0000, 0x0000, 0x8430, 0xffdf, 0xef5d, 0xce79, 0x300c, 0x0013, 0x3019, 0x07ff, 0x001f, 0x001f, 0x001f, 0x001f, 0x07ff, 0x001f, 0x3019, 0x3019, 0x0010, 0xc618, 0xce79, 0xce79, 0xc618, 0xc618, 0x9cd3, 0x94b2, 0x8430, 0x73ae, 0x0000, 0x9cd3, 0x94b2, 0x8430, 0x73ae, 0x0841, 0x0000, 0x0000, 0x0000, 0x0000, 0x0000, 0x0000, 0x0000, 0x0000,
    0x0000, 0x0000, 0x0000, 0x0000, 0x0000, 0x0000, 0x0000, 0x0000, 0x8430, 0xef5d, 0xef5d, 0xce79, 0x9cd3, 0x0010, 0x0013, 0x3019, 0x001f, 0x07ff, 0x001f, 0x001f, 0x001f, 0x3019, 0x001f, 0x3019, 0x0010, 0xc618, 0xce79, 0xce79, 0xc618, 0xc618, 0x9cd3, 0x94b2, 0x8430, 0x73ae, 0x0000, 0x9cd3, 0x94b2, 0x8430, 0x73ae, 0x0000, 0x0000, 0x0000, 0x0000, 0x0000, 0x0000, 0x0000, 0x0000, 0x0000,
    0x0000, 0x0000, 0x0000, 0x0000, 0x0000, 0x0000, 0x0000, 0x0000, 0x8430, 0x9cd3, 0xe73a, 0xe73a, 0xce79, 0xc618, 0x0010, 0x0010, 0x0013, 0x001f, 0x3019, 0x001f, 0x3019, 0x001f, 0x07ff, 0x3019, 0x0010, 0xc618, 0xce79, 0xce79, 0xc618, 0xc618, 0x9cd3, 0x94b2, 0x8430, 0x73ae, 0x0000, 0x9cd3, 0x94b2, 0x8430, 0x0000, 0x0000, 0x0000, 0x0000, 0x0000, 0x0000, 0x0000, 0x0000, 0x0000, 0x0000,
    0x0000, 0x0000, 0x0000, 0x0000, 0x0000, 0x0000, 0x0000, 0x0000, 0x8430, 0x52aa, 0x73ae, 0x9cd3, 0xce79, 0xce79, 0xc618, 0xc618, 0x0010, 0x0010, 0x001f, 0x3019, 0x001f, 0x3019, 0x001f, 0x3019, 0x0010, 0xc618, 0xce79, 0xce79, 0xc618, 0xc618, 0x9cd3, 0x94b2, 0x8430, 0x73ae, 0x0000, 0x9cd3, 0x8430, 0x0000, 0x0000, 0x0000, 0x0000, 0x0000, 0x0000, 0x0000, 0x0000, 0x0000, 0x0000, 0x0000,
    0x0000, 0x0000, 0x0000, 0x0000, 0x0000, 0x0000, 0x0000, 0x0000, 0x0000, 0x0000, 0x52aa, 0x52aa, 0x73ae, 0x9cd3, 0xce79, 0xce79, 0xc618, 0xc618, 0x0010, 0x0010, 0x3019, 0x001f, 0x3019, 0x3019, 0x0010, 0xc618, 0xce79, 0xce79, 0xc618, 0xc618, 0x9cd3, 0x94b2, 0x8430, 0x73ae, 0x0000, 0x8430, 0x0000, 0x0000, 0x0000, 0x0000, 0x0000, 0x0000, 0x0000, 0x0000, 0x0000, 0x0000, 0x0000, 0x0000,
    0x0000, 0x0000, 0x0000, 0x0000, 0x0000, 0x0000, 0x0000, 0x0000, 0x0000, 0x0000, 0x0000, 0x0000, 0x52aa, 0x52aa, 0x73ae, 0x9cd3, 0xce79, 0xce79, 0xc618, 0xc618, 0x0010, 0x0010, 0x3019, 0x3019, 0x0010, 0xc618, 0xce79, 0xce79, 0xc618, 0xc618, 0x9cd3, 0x94b2, 0x8430, 0x73ae, 0x0000, 0x0000, 0x0000, 0x0000, 0x0000, 0x0000, 0x0000, 0x0000, 0x0000, 0x0000, 0x0000, 0x0000, 0x0000, 0x0000,
    0x0000, 0x0000, 0x0000, 0x0000, 0x0000, 0x0000, 0x0000, 0x0000, 0x0000, 0x0000, 0x0000, 0x0000, 0x0000, 0x0000, 0x52aa, 0x52aa, 0x73ae, 0x9cd3, 0xce79, 0xce79, 0xc618, 0xc618, 0x0010, 0x0010, 0x0010, 0xc618, 0xce79, 0xce79, 0xc618, 0xc618, 0x9cd3, 0x94b2, 0x8430, 0x73ae, 0x0000, 0x0000, 0x0000, 0x0000, 0x0000, 0x0000, 0x0000, 0x0000, 0x0000, 0x0000, 0x0000, 0x0000, 0x0000, 0x0000,
    0x0000, 0x0000, 0x0000, 0x0000, 0x0000, 0x0000, 0x0000, 0x0000, 0x0000, 0x0000, 0x0000, 0x0000, 0x0000, 0x0000, 0x0000, 0x0000, 0x52aa, 0x52aa, 0x73ae, 0x9cd3, 0xce79, 0xce79, 0xce79, 0x9cd3, 0x0010, 0xc618, 0xce79, 0xce79, 0xc618, 0xc618, 0x9cd3, 0x94b2, 0x8430, 0x73ae, 0x0000, 0x0000, 0x0000, 0x0000, 0x0000, 0x0000, 0x0000, 0x0000, 0x0000, 0x0000, 0x0000, 0x0000, 0x0000, 0x0000,
    0x0000, 0x0000, 0x0000, 0x0000, 0x0000, 0x0000, 0x0000, 0x0000, 0x0000, 0x0000, 0x0000, 0x0000, 0x0000, 0x0000, 0x0000, 0x0000, 0x0000, 0x0000, 0x52aa, 0x52aa, 0x73ae, 0x9cd3, 0x9cd3, 0xce79, 0xce79, 0xc618, 0xce79, 0xce79, 0xc618, 0xc618, 0x9cd3, 0x94b2, 0x8430, 0x73ae, 0x0000, 0x0000, 0x0000, 0x0000, 0x0000, 0x0000, 0x0000, 0x0000, 0x0000, 0x0000, 0x0000, 0x0000, 0x0000, 0x0000,
    0x0000, 0x0000, 0x0000, 0x0000, 0x0000, 0x0000, 0x0000, 0x0000, 0x0000, 0x0000, 0x0000, 0x0000, 0x0000, 0x0000, 0x0000, 0x0000, 0x0000, 0x0000, 0x0000, 0x0000, 0x52aa, 0x52aa, 0x73ae, 0x9cd3, 0x9cd3, 0xce79, 0xce79, 0xce79, 0xc618, 0xc618, 0x9cd3, 0x94b2, 0x73ae, 0x73ae, 0x0000, 0x0000, 0x0000, 0x0000, 0x0000, 0x0000, 0x0000, 0x0000, 0x0000, 0x0000, 0x0000, 0x0000, 0x0000, 0x0000,
    0x0000, 0x0000, 0x0000, 0x0000, 0x0000, 0x0000, 0x0000, 0x0000, 0x0000, 0x0000, 0x0000, 0x0000, 0x0000, 0x0000, 0x0000, 0x0000, 0x0000, 0x0000, 0x0000, 0x0000, 0x0000, 0x0000, 0x52aa, 0x52aa, 0x73ae, 0x9cd3, 0xc618, 0xc618, 0xc618, 0xc618, 0x8430, 0x8430, 0x0000, 0x0000, 0x0000, 0x0000, 0x0000, 0x0000, 0x0000, 0x0000, 0x0000, 0x0000, 0x0000, 0x0000, 0x0000, 0x0000, 0x0000, 0x0000,
    0x0000, 0x0000, 0x0000, 0x0000, 0x0000, 0x0000, 0x0000, 0x0000, 0x0000, 0x0000, 0x0000, 0x0000, 0x0000, 0x0000, 0x0000, 0x0000, 0x0000, 0x0000, 0x0000, 0x0000, 0x0000, 0x0000, 0x0000, 0x0000, 0x52aa, 0x52aa, 0x9cd3, 0x9cd3, 0x9cd3, 0x9cd3, 0x0000, 0x0000, 0x0000, 0x0000, 0x0000, 0x0000, 0x0000, 0x0000, 0x0000, 0x0000, 0x0000, 0x0000, 0x0000, 0x0000, 0x0000, 0x0000, 0x0000, 0x0000,
    0x0000, 0x0000, 0x0000, 0x0000, 0x0000, 0x0000, 0x0000, 0x0000, 0x0000, 0x0000, 0x0000, 0x0000, 0x0000, 0x0000, 0x0000, 0x0000, 0x0000, 0x0000, 0x0000, 0x0000, 0x0000, 0x0000, 0x0000, 0x0000, 0x0000, 0x0000, 0x52aa, 0x52aa, 0x52aa, 0x0841, 0x0000, 0x0000, 0x0000, 0x0000, 0x0000, 0x0000, 0x0000, 0x0000, 0x0000, 0x0000, 0x0000, 0x0000, 0x0000, 0x0000, 0x0000, 0x0000, 0x0000, 0x0000,
    0x0000, 0x0000, 0x0000, 0x0000, 0x0000, 0x0000, 0x0000, 0x0000, 0x0000, 0x0000, 0x0000, 0x0000, 0x0000, 0x0000, 0x0000, 0x0000, 0x0000, 0x0000, 0x0000, 0x0000, 0x0000, 0x0000, 0x0000, 0x0000, 0x0000, 0x0000, 0x0000, 0x0000, 0x0000, 0x0000, 0x0000, 0x0000, 0x0000, 0x0000, 0x0000, 0x0000, 0x0000, 0x0000, 0x0000, 0x0000, 0x0000, 0x0000, 0x0000, 0x0000, 0x0000, 0x0000, 0x0000, 0x0000,
    0x0000, 0x0000, 0x0000, 0x0000, 0x0000, 0x0000, 0x0000, 0x0000, 0x0000, 0x0000, 0x0000, 0x0000, 0x0000, 0x0000, 0x0000, 0x0000, 0x0000, 0x0000, 0x0000, 0x0000, 0x0000, 0x0000, 0x0000, 0x0000, 0x0000, 0x0000, 0x0000, 0x0000, 0x0000, 0x0000, 0x0000, 0x0000, 0x0000, 0x0000, 0x0000, 0x0000, 0x0000, 0x0000, 0x0000, 0x0000, 0x0000, 0x0000, 0x0000, 0x0000, 0x0000, 0x0000, 0x0000, 0x0000,
    0x0000, 0x0000, 0x0000, 0x0000, 0x0000, 0x0000, 0x0000, 0x0000, 0x0000, 0x0000, 0x0000, 0x0000, 0x0000, 0x0000, 0x0000, 0x0000, 0x0000, 0x0000, 0x0000, 0x0000, 0x0000, 0x0000, 0x0000, 0x0000, 0x0000, 0x0000, 0x0000, 0x0000, 0x0000, 0x0000, 0x0000, 0x0000, 0x0000, 0x0000, 0x0000, 0x0000, 0x0000, 0x0000, 0x0000, 0x0000, 0x0000, 0x0000, 0x0000, 0x0000, 0x0000, 0x0000, 0x0000, 0x0000,
    0x0000, 0x0000, 0x0000, 0x0000, 0x0000, 0x0000, 0x0000, 0x0000, 0x0000, 0x0000, 0x0000, 0x0000, 0x0000, 0x0000, 0x0000, 0x0000, 0x0000, 0x0000, 0x0000, 0x0000, 0x0000, 0x0000, 0x0000, 0x0000, 0x0000, 0x0000, 0x0000, 0x0000, 0x0000, 0x0000, 0x0000, 0x0000, 0x0000, 0x0000, 0x0000, 0x0000, 0x0000, 0x0000, 0x0000, 0x0000, 0x0000, 0x0000, 0x0000, 0x0000, 0x0000, 0x0000, 0x0000, 0x0000,
    0x0000, 0x0000, 0x0000, 0x0000, 0x0000, 0x0000, 0x0000, 0x0000, 0x0000, 0x0000, 0x0000, 0x0000, 0x0000, 0x0000, 0x0000, 0x0000, 0x0000, 0x0000, 0x0000, 0x0000, 0x0000, 0x0000, 0x0000, 0x0000, 0x0000, 0x0000, 0x0000, 0x0000, 0x0000, 0x0000, 0x0000, 0x0000, 0x0000, 0x0000, 0x0000, 0x0000, 0x0000, 0x0000, 0x0000, 0x0000, 0x0000, 0x0000, 0x0000, 0x0000, 0x0000, 0x0000, 0x0000, 0x0000,
    0x0000, 0x0000, 0x0000, 0x0000, 0x0000, 0x0000, 0x0000, 0x0000, 0x0000, 0x0000, 0x0000, 0x0000, 0x0000, 0x0000, 0x0000, 0x0000, 0x0000, 0x0000, 0x0000, 0x0000, 0x0000, 0x0000, 0x0000, 0x0000, 0x0000, 0x0000, 0x0000, 0x0000, 0x0000, 0x0000, 0x0000, 0x0000, 0x0000, 0x0000, 0x0000, 0x0000, 0x0000, 0x0000, 0x0000, 0x0000, 0x0000, 0x0000, 0x0000, 0x0000, 0x0000, 0x0000, 0x0000, 0x0000,
    0x0000, 0x0000, 0x0000, 0x0000, 0x0000, 0x0000, 0x0000, 0x0000, 0x0000, 0x0000, 0x0000, 0x0000, 0x0000, 0x0000, 0x0000, 0x0000, 0x0000, 0x0000, 0x0000, 0x0000, 0x0000, 0x0000, 0x0000, 0x0000, 0x0000, 0x0000, 0x0000, 0x0000, 0x0000, 0x0000, 0x0000, 0x0000, 0x0000, 0x0000, 0x0000, 0x0000, 0x0000, 0x0000, 0x0000, 0x0000, 0x0000, 0x0000, 0x0000, 0x0000, 0x0000, 0x0000, 0x0000, 0x0000,
    0x0000, 0x0000, 0x0000, 0x0000, 0x0000, 0x0000, 0x0000, 0x0000, 0x0000, 0x0000, 0x0000, 0x0000, 0x0000, 0x0000, 0x0000, 0x0000, 0x0000, 0x0000, 0x0000, 0x0000, 0x0000, 0x0000, 0x0000, 0x0000, 0x0000, 0x0000, 0x0000, 0x0000, 0x0000, 0x0000, 0x0000, 0x0000, 0x0000, 0x0000, 0x0000, 0x0000, 0x0000, 0x0000, 0x0000, 0x0000, 0x0000, 0x0000, 0x0000, 0x0000, 0x0000, 0x0000, 0x0000, 0x0000,
};
static const uint8_t W98_POWER_A[48 * 48] = {
      0,   0,   0,   0,   0,   0,   0,   0,   0,   0,   0,   0,   0,   0,   0,   0,   0,   0,   0,   0,   0,   0,   0,   0,   0,   0,   0,   0,   0,   0,   0,   0,   0,   0,   0,   0,   0,   0,   0,   0,   0,   0,   0,   0,   0,   0,   0,   0,
      0,   0,   0,   0,   0,   0,   0,   0,   0,   0,   0,   0,   0,   0,   0,   0,   0,   0,   0,   0,   0,   0,   0,   0,   0,   0,   0,   0,   0,   0,   0,   0,   0,   0,   0,   0,   0,   0,   0,   0,   0,   0,   0,   0,   0,   0,   0,   0,
      0,   0,   0,   0,   0,   0,   0,   0,   0,   0,   0,   0,   0,   0,   0,   0,   0,   0,   0,   0,   0,   0,   0,   0,   0,   0,   0,   0,   0,   0,   0,   0,   0,   0,   0,   0,   0,   0,   0,   0,   0,   0,   0,   0,   0,   0,   0,   0,
      0,   0,   0,   0,   0,   0,   0,   0,   0,   0,   0,   0,   0,   0,   0,   0,   0,   0,   0,   0,   0,   0,   0,   0,   0,   0,   0,   0,   0,   0,   0,   0,   0,   0,   0,   0,   0,   0,   0,   0,   0,   0,   0,   0,   0,   0,   0,   0,
      0,   0,   0,   0,   0,   0,   0,   0,   0,   0,   0,   0,   0,   0,   0,   0,   0,   0,   0,   0,   0,   0,   0,   0,   0,   0,   0,   0,   0,   0,   0,   0,   0,   0,   0,   0,   0,   0,   0,   0,   0,   0,   0,   0,   0,   0,   0,   0,
      0,   0,   0,   0,   0,   0,   0,   0,   0,   0,   0,   0,   0,   0,   0,   0,   0,   0,   0,   0,   0,   0,   0,   0,   0,   0,   0,   0,   0,   0,   0,   0,   0,   0,   0,   0,   0,   0,   0,   0,   0,   0,   0,   0,   0,   0,   0,   0,
      0,   0,   0,   0,   0,   0,   0,   0,   0,   0,   0,   0,   0,   0,   0,   0,   0,   0,   0,   0,   0,   0,   0,   0,   0,   0,   0,   0,   0,   0,   0,   0,   0,   0,   0,   0,   0,   0,   0,   0,   0,   0,   0,   0,   0,   0,   0,   0,
      0,   0,   0,   0,   0,   0,   0,   0,   0,   0,   0,   0,   0,   0,   0,   0,   0,   0,   0,   0,   0,   0,   0,   0,   0,   0,   0,   0,   0,   0,   0,   0,   0,   0,   0,   0,   0,   0,   0,   0,   0,   0,   0,   0,   0,   0,   0,   0,
      0,   0,   0,   0,   0,   0,   0,   0,   0,   0,   0,   0,   0, 255, 255, 255, 255, 255, 255, 255,   0,   0,   0,   0,   0,   0,   0,   0,   0,   0,   0,   0,   0,   0,   0,   0,   0,   0,   0,   0,   0,   0,   0,   0,   0,   0,   0,   0,
      0,   0,   0,   0,   0,   0,   0,   0,   0,   0,   0, 255, 255, 255, 255, 255, 255, 255, 255, 255, 255, 255,   0,   0,   0,   0,   0,   0,   0,   0,   0,   0,   0,   0,   0,   0,   0,   0,   0,   0,   0,   0,   0,   0,   0,   0,   0,   0,
      0,   0,   0,   0,   0,   0,   0,   0,   0, 255, 255, 255, 255, 255, 255, 255, 255, 255, 255, 255, 255, 255, 255, 255,   0,   0,   0,   0,   0,   0,   0,   0,   0,   0,   0,   0,   0,   0,   0,   0,   0,   0,   0,   0,   0,   0,   0,   0,
      0,   0,   0,   0,   0,   0,   0,   0, 255, 255, 255, 255, 255, 255, 255, 255, 255, 255, 255, 255, 255, 255, 255, 255, 255, 255, 255, 255, 255, 255, 255, 255,   0,   0,   0,   0,   0,   0,   0,   0,   0,   0,   0,   0,   0,   0,   0,   0,
      0,   0,   0,   0,   0,   0,   0,   0, 255, 255, 255, 255, 255, 255, 255, 255, 255, 255, 255, 255, 255, 255, 255, 255, 255, 255, 255, 255, 255, 255, 255, 255, 255, 255,   0,   0,   0,   0,   0,   0,   0,   0,   0,   0,   0,   0,   0,   0,
      0,   0,   0,   0,   0,   0,   0,   0, 255, 255, 255, 255, 255, 255, 255, 255, 255, 255, 255, 255, 255, 255, 255, 255, 255, 255, 255, 255, 255, 255, 255, 255, 255, 255, 255, 255,   0,   0,   0,   0,   0,   0,   0,   0,   0,   0,   0,   0,
      0,   0,   0,   0,   0,   0,   0,   0, 255, 255, 255, 255, 255, 255, 255, 255, 255, 255, 255, 255, 255, 255, 255, 255, 255, 255, 255, 255, 255, 255, 255, 255, 255, 255, 255, 255, 255, 255,   0,   0,   0,   0,   0,   0,   0,   0,   0,   0,
      0,   0,   0,   0,   0,   0,   0,   0, 255, 255, 255, 255, 255, 255, 255, 255, 255, 255, 255, 255, 255, 255, 255, 255, 255, 255, 255, 255, 255, 255, 255, 255, 255, 255, 255, 255, 255, 255, 255,   0,   0,   0,   0,   0,   0,   0,   0,   0,
      0,   0,   0,   0,   0,   0,   0,   0, 255, 255, 255, 255, 255, 255, 255, 255, 255, 255, 255, 255, 255, 255, 255, 255, 255, 255, 255, 255, 255, 255, 255, 255, 255, 255, 255, 255, 255, 255, 255, 255,   0,   0,   0,   0,   0,   0,   0,   0,
      0,   0,   0,   0,   0,   0,   0,   0, 255, 255, 255, 255, 255, 255, 255, 255, 255, 255, 255, 255, 255, 255, 255, 255, 255, 255, 255, 255, 255, 255, 255, 255, 255, 255, 255, 255, 255, 255, 255, 255,   0,   0,   0,   0,   0,   0,   0,   0,
      0,   0,   0,   0,   0,   0,   0,   0, 255, 255, 255, 255, 255, 255, 255, 255, 255, 255, 255, 255, 255, 255, 255, 255, 255, 255, 255, 255, 255, 255, 255, 255, 255, 255, 255, 255, 255, 255, 255, 255,   0,   0,   0,   0,   0,   0,   0,   0,
      0,   0,   0,   0,   0,   0,   0,   0, 255, 255, 255, 255, 255, 255, 255, 255, 255, 255, 255, 255, 255, 255, 255, 255, 255, 255, 255, 255, 255, 255, 255, 255, 255, 255, 255, 255, 255, 255, 255, 255,   0,   0,   0,   0,   0,   0,   0,   0,
      0,   0,   0,   0,   0,   0,   0,   0, 255, 255, 255, 255, 255, 255, 255, 255, 255, 255, 255, 255, 255, 255, 255, 255, 255, 255, 255, 255, 255, 255, 255, 255, 255, 255, 255, 255, 255, 255, 255, 255,   0,   0,   0,   0,   0,   0,   0,   0,
      0,   0,   0,   0,   0,   0,   0,   0, 255, 255, 255, 255, 255, 255, 255, 255, 255, 255, 255, 255, 255, 255, 255, 255, 255, 255, 255, 255, 255, 255, 255, 255, 255, 255, 255, 255, 255, 255, 255, 255,   0,   0,   0,   0,   0,   0,   0,   0,
      0,   0,   0,   0,   0,   0,   0,   0, 255, 255, 255, 255, 255, 255, 255, 255, 255, 255, 255, 255, 255, 255, 255, 255, 255, 255, 255, 255, 255, 255, 255, 255, 255, 255, 255, 255, 255, 255, 255, 255,   0,   0,   0,   0,   0,   0,   0,   0,
      0,   0,   0,   0,   0,   0,   0,   0, 255, 255, 255, 255, 255, 255, 255, 255, 255, 255, 255, 255, 255, 255, 255, 255, 255, 255, 255, 255, 255, 255, 255, 255, 255, 255, 255, 255, 255, 255, 255, 255,   0,   0,   0,   0,   0,   0,   0,   0,
      0,   0,   0,   0,   0,   0,   0,   0, 255, 255, 255, 255, 255, 255, 255, 255, 255, 255, 255, 255, 255, 255, 255, 255, 255, 255, 255, 255, 255, 255, 255, 255, 255, 255, 255, 255, 255, 255, 255, 255,   0,   0,   0,   0,   0,   0,   0,   0,
      0,   0,   0,   0,   0,   0,   0,   0, 255, 255, 255, 255, 255, 255, 255, 255, 255, 255, 255, 255, 255, 255, 255, 255, 255, 255, 255, 255, 255, 255, 255, 255, 255, 255, 255, 255, 255, 255, 255, 255,   0,   0,   0,   0,   0,   0,   0,   0,
      0,   0,   0,   0,   0,   0,   0,   0, 255, 255, 255, 255, 255, 255, 255, 255, 255, 255, 255, 255, 255, 255, 255, 255, 255, 255, 255, 255, 255, 255, 255, 255, 255, 255, 255, 255, 255, 255, 255, 255,   0,   0,   0,   0,   0,   0,   0,   0,
      0,   0,   0,   0,   0,   0,   0,   0, 255, 255, 255, 255, 255, 255, 255, 255, 255, 255, 255, 255, 255, 255, 255, 255, 255, 255, 255, 255, 255, 255, 255, 255, 255, 255, 255, 255, 255, 255, 255, 255,   0,   0,   0,   0,   0,   0,   0,   0,
      0,   0,   0,   0,   0,   0,   0,   0, 255, 255, 255, 255, 255, 255, 255, 255, 255, 255, 255, 255, 255, 255, 255, 255, 255, 255, 255, 255, 255, 255, 255, 255, 255, 255, 255, 255, 255, 255, 255, 255,   0,   0,   0,   0,   0,   0,   0,   0,
      0,   0,   0,   0,   0,   0,   0,   0, 255, 255, 255, 255, 255, 255, 255, 255, 255, 255, 255, 255, 255, 255, 255, 255, 255, 255, 255, 255, 255, 255, 255, 255, 255, 255, 255, 255, 255, 255, 255,   0,   0,   0,   0,   0,   0,   0,   0,   0,
      0,   0,   0,   0,   0,   0,   0,   0, 255, 255, 255, 255, 255, 255, 255, 255, 255, 255, 255, 255, 255, 255, 255, 255, 255, 255, 255, 255, 255, 255, 255, 255, 255, 255, 255, 255, 255, 255,   0,   0,   0,   0,   0,   0,   0,   0,   0,   0,
      0,   0,   0,   0,   0,   0,   0,   0,   0,   0, 255, 255, 255, 255, 255, 255, 255, 255, 255, 255, 255, 255, 255, 255, 255, 255, 255, 255, 255, 255, 255, 255, 255, 255, 255, 255, 255,   0,   0,   0,   0,   0,   0,   0,   0,   0,   0,   0,
      0,   0,   0,   0,   0,   0,   0,   0,   0,   0,   0,   0, 255, 255, 255, 255, 255, 255, 255, 255, 255, 255, 255, 255, 255, 255, 255, 255, 255, 255, 255, 255, 255, 255, 255, 255,   0,   0,   0,   0,   0,   0,   0,   0,   0,   0,   0,   0,
      0,   0,   0,   0,   0,   0,   0,   0,   0,   0,   0,   0,   0,   0, 255, 255, 255, 255, 255, 255, 255, 255, 255, 255, 255, 255, 255, 255, 255, 255, 255, 255, 255, 255, 255,   0,   0,   0,   0,   0,   0,   0,   0,   0,   0,   0,   0,   0,
      0,   0,   0,   0,   0,   0,   0,   0,   0,   0,   0,   0,   0,   0,   0,   0, 255, 255, 255, 255, 255, 255, 255, 255, 255, 255, 255, 255, 255, 255, 255, 255, 255, 255, 255,   0,   0,   0,   0,   0,   0,   0,   0,   0,   0,   0,   0,   0,
      0,   0,   0,   0,   0,   0,   0,   0,   0,   0,   0,   0,   0,   0,   0,   0,   0,   0, 255, 255, 255, 255, 255, 255, 255, 255, 255, 255, 255, 255, 255, 255, 255, 255, 255,   0,   0,   0,   0,   0,   0,   0,   0,   0,   0,   0,   0,   0,
      0,   0,   0,   0,   0,   0,   0,   0,   0,   0,   0,   0,   0,   0,   0,   0,   0,   0,   0,   0, 255, 255, 255, 255, 255, 255, 255, 255, 255, 255, 255, 255, 255, 255, 255,   0,   0,   0,   0,   0,   0,   0,   0,   0,   0,   0,   0,   0,
      0,   0,   0,   0,   0,   0,   0,   0,   0,   0,   0,   0,   0,   0,   0,   0,   0,   0,   0,   0,   0,   0, 255, 255, 255, 255, 255, 255, 255, 255, 255, 255, 255, 255,   0,   0,   0,   0,   0,   0,   0,   0,   0,   0,   0,   0,   0,   0,
      0,   0,   0,   0,   0,   0,   0,   0,   0,   0,   0,   0,   0,   0,   0,   0,   0,   0,   0,   0,   0,   0,   0,   0, 255, 255, 255, 255, 255, 255, 255, 255,   0,   0,   0,   0,   0,   0,   0,   0,   0,   0,   0,   0,   0,   0,   0,   0,
      0,   0,   0,   0,   0,   0,   0,   0,   0,   0,   0,   0,   0,   0,   0,   0,   0,   0,   0,   0,   0,   0,   0,   0,   0,   0, 255, 255, 255, 255,   0,   0,   0,   0,   0,   0,   0,   0,   0,   0,   0,   0,   0,   0,   0,   0,   0,   0,
      0,   0,   0,   0,   0,   0,   0,   0,   0,   0,   0,   0,   0,   0,   0,   0,   0,   0,   0,   0,   0,   0,   0,   0,   0,   0,   0,   0,   0,   0,   0,   0,   0,   0,   0,   0,   0,   0,   0,   0,   0,   0,   0,   0,   0,   0,   0,   0,
      0,   0,   0,   0,   0,   0,   0,   0,   0,   0,   0,   0,   0,   0,   0,   0,   0,   0,   0,   0,   0,   0,   0,   0,   0,   0,   0,   0,   0,   0,   0,   0,   0,   0,   0,   0,   0,   0,   0,   0,   0,   0,   0,   0,   0,   0,   0,   0,
      0,   0,   0,   0,   0,   0,   0,   0,   0,   0,   0,   0,   0,   0,   0,   0,   0,   0,   0,   0,   0,   0,   0,   0,   0,   0,   0,   0,   0,   0,   0,   0,   0,   0,   0,   0,   0,   0,   0,   0,   0,   0,   0,   0,   0,   0,   0,   0,
      0,   0,   0,   0,   0,   0,   0,   0,   0,   0,   0,   0,   0,   0,   0,   0,   0,   0,   0,   0,   0,   0,   0,   0,   0,   0,   0,   0,   0,   0,   0,   0,   0,   0,   0,   0,   0,   0,   0,   0,   0,   0,   0,   0,   0,   0,   0,   0,
      0,   0,   0,   0,   0,   0,   0,   0,   0,   0,   0,   0,   0,   0,   0,   0,   0,   0,   0,   0,   0,   0,   0,   0,   0,   0,   0,   0,   0,   0,   0,   0,   0,   0,   0,   0,   0,   0,   0,   0,   0,   0,   0,   0,   0,   0,   0,   0,
      0,   0,   0,   0,   0,   0,   0,   0,   0,   0,   0,   0,   0,   0,   0,   0,   0,   0,   0,   0,   0,   0,   0,   0,   0,   0,   0,   0,   0,   0,   0,   0,   0,   0,   0,   0,   0,   0,   0,   0,   0,   0,   0,   0,   0,   0,   0,   0,
      0,   0,   0,   0,   0,   0,   0,   0,   0,   0,   0,   0,   0,   0,   0,   0,   0,   0,   0,   0,   0,   0,   0,   0,   0,   0,   0,   0,   0,   0,   0,   0,   0,   0,   0,   0,   0,   0,   0,   0,   0,   0,   0,   0,   0,   0,   0,   0,
      0,   0,   0,   0,   0,   0,   0,   0,   0,   0,   0,   0,   0,   0,   0,   0,   0,   0,   0,   0,   0,   0,   0,   0,   0,   0,   0,   0,   0,   0,   0,   0,   0,   0,   0,   0,   0,   0,   0,   0,   0,   0,   0,   0,   0,   0,   0,   0,
};

/* BATTERY - w98_battery.ico, 32x32 at best bpp, drawn at 1x.
 * Viewfinder status only, drawn at 1:1 rather than scaled to the tile box. */
static const uint16_t W98_BATTERY_RGB[32 * 32] = {
    0x0000, 0x0000, 0x0000, 0x0000, 0x0000, 0x0000, 0x0000, 0x0000, 0x0000, 0x0000, 0x0000, 0x0000, 0x0000, 0x0000, 0x0000, 0x0000, 0x0000, 0x0000, 0x0000, 0x0000, 0x0000, 0x0000, 0x0000, 0x0000, 0x0000, 0x0000, 0x0000, 0x0000, 0x0000, 0x0000, 0x0000, 0x0000,
    0x0000, 0x0000, 0x0000, 0x0000, 0x0000, 0x0000, 0x0000, 0x0000, 0x0000, 0x0000, 0x0000, 0x0000, 0x0000, 0x0000, 0x0000, 0x0000, 0x0000, 0x0000, 0x0000, 0x0000, 0x0000, 0x0000, 0x0000, 0x0000, 0x0000, 0x0000, 0x0000, 0x0000, 0x0000, 0x0000, 0x0000, 0x0000,
    0x0000, 0x0000, 0x0000, 0x0000, 0x0000, 0x0000, 0x0000, 0x0000, 0x0000, 0x0000, 0x0000, 0x0000, 0x0000, 0x0000, 0x0000, 0x0000, 0x0000, 0x0000, 0x0000, 0x0000, 0x0000, 0x0000, 0x0000, 0x0000, 0x0000, 0x0000, 0x0000, 0x0000, 0x0000, 0x0000, 0x0000, 0x0000,
    0x0000, 0x0000, 0x0000, 0x0000, 0x0000, 0x0000, 0x0000, 0x0000, 0x0000, 0x0000, 0x0000, 0x0000, 0x0000, 0x0000, 0x0000, 0x0000, 0x0000, 0x0000, 0x0000, 0x0000, 0x0000, 0x0000, 0x0000, 0x0000, 0x0000, 0x0000, 0x0000, 0x0000, 0x0000, 0x0000, 0x0000, 0x0000,
    0x0000, 0x0000, 0x0000, 0x0000, 0x0000, 0x0000, 0x0000, 0x0000, 0x0000, 0x0000, 0x0000, 0x0000, 0x0000, 0x0000, 0x0000, 0xffff, 0xffff, 0x0000, 0x0000, 0x0000, 0x0000, 0x0000, 0x0000, 0x0000, 0x0000, 0x0000, 0x0000, 0x0000, 0x0000, 0x0000, 0x0000, 0x0000,
    0x0000, 0x0000, 0x0000, 0x0000, 0x0000, 0x0000, 0x0000, 0x0000, 0x0000, 0x0000, 0x0000, 0x0000, 0xc618, 0xc618, 0x8410, 0xffff, 0xc618, 0x0000, 0x8410, 0x8410, 0x0000, 0x0000, 0x0000, 0x0000, 0x0000, 0x0000, 0x0000, 0x0000, 0x0000, 0x0000, 0x0000, 0x0000,
    0x0000, 0x0000, 0x0000, 0x0000, 0x0000, 0x0000, 0x0000, 0x0000, 0x0000, 0x0000, 0xffff, 0x8410, 0x8410, 0xc618, 0xc618, 0x8410, 0x8410, 0x8410, 0x8410, 0x8410, 0x8410, 0xffff, 0x0000, 0x0000, 0x0000, 0x0000, 0x0000, 0x0000, 0x0000, 0x0000, 0x0000, 0x0000,
    0x0000, 0x0000, 0x0000, 0x0000, 0x0000, 0x0000, 0x0000, 0x0000, 0x0000, 0x0000, 0xc618, 0xffff, 0xffff, 0x8410, 0x8410, 0xc618, 0xc618, 0xc618, 0xc618, 0xffff, 0xffff, 0x8400, 0x0000, 0x0000, 0x0000, 0x0000, 0x0000, 0x0000, 0x0000, 0x0000, 0x0000, 0x0000,
    0x0000, 0x0000, 0x0000, 0x0000, 0x0000, 0x0000, 0x0000, 0x0000, 0x0000, 0x0000, 0xffe0, 0xc618, 0xffff, 0xffff, 0xffff, 0xffff, 0xffff, 0xffff, 0xffff, 0xc618, 0x8400, 0x8400, 0x0000, 0x0000, 0x0000, 0x0000, 0x0000, 0x0000, 0x0000, 0x0000, 0x0000, 0x0000,
    0x0000, 0x0000, 0x0000, 0x0000, 0x0000, 0x0000, 0x0000, 0x0000, 0x0000, 0x0000, 0xc618, 0xffe0, 0xffff, 0xffe0, 0xc618, 0xffe0, 0xf800, 0xffe0, 0xc618, 0xc618, 0x8400, 0x8400, 0x0000, 0x0000, 0x0000, 0x0000, 0x0000, 0x0000, 0x0000, 0x0000, 0x0000, 0x0000,
    0x0000, 0x0000, 0x0000, 0x0000, 0x0000, 0x0000, 0x0000, 0x0000, 0x0000, 0x0000, 0xffe0, 0xc618, 0xffff, 0xffff, 0xffe0, 0xc618, 0xf800, 0xc618, 0xc618, 0xc618, 0x8400, 0x8400, 0x0000, 0x0000, 0x0000, 0x0000, 0x0000, 0x0000, 0x0000, 0x0000, 0x0000, 0x0000,
    0x0000, 0x0000, 0x0000, 0x0000, 0x0000, 0x0000, 0x0000, 0x0000, 0x0000, 0x0000, 0xc618, 0xffe0, 0xffff, 0xffe0, 0xf800, 0xf800, 0xf800, 0xf800, 0xf800, 0xc618, 0x8400, 0x8400, 0x0000, 0x0000, 0x0000, 0x0000, 0x0000, 0x0000, 0x0000, 0x0000, 0x0000, 0x0000,
    0x0000, 0x0000, 0x0000, 0x0000, 0x0000, 0x0000, 0x0000, 0x0000, 0x0000, 0x0000, 0xffe0, 0xc618, 0xffff, 0xffff, 0xffe0, 0xc618, 0xf800, 0xc618, 0xc618, 0xc618, 0x8400, 0x8400, 0x0000, 0x0000, 0x0000, 0x0000, 0x0000, 0x0000, 0x0000, 0x0000, 0x0000, 0x0000,
    0x0000, 0x0000, 0x0000, 0x0000, 0x0000, 0x0000, 0x0000, 0x0000, 0x0000, 0x0000, 0xc618, 0xffe0, 0xffff, 0xffe0, 0xffff, 0xffe0, 0xf800, 0xffe0, 0xc618, 0xc618, 0x8400, 0x0000, 0x0000, 0x0000, 0x0000, 0x0000, 0x0000, 0x0000, 0x0000, 0x0000, 0x0000, 0x0000,
    0x0000, 0x0000, 0x0000, 0x0000, 0x0000, 0x0000, 0x0000, 0x0000, 0x0000, 0x0000, 0x8410, 0xc618, 0xc618, 0xffff, 0xffe0, 0xc618, 0xffe0, 0xc618, 0xc618, 0x8410, 0x0000, 0x8410, 0x0000, 0x0000, 0x0000, 0x0000, 0x0000, 0x0000, 0x0000, 0x0000, 0x0000, 0x0000,
    0x0000, 0x0000, 0x0000, 0x0000, 0x0000, 0x0000, 0x0000, 0x0000, 0x0000, 0x0000, 0x8410, 0x8410, 0xc618, 0x8410, 0xc618, 0x8410, 0x8410, 0x8410, 0x8410, 0x8410, 0x8410, 0x0000, 0x0000, 0x0000, 0x0000, 0x0000, 0x0000, 0x0000, 0x0000, 0x0000, 0x0000, 0x0000,
    0x0000, 0x0000, 0x0000, 0x0000, 0x0000, 0x0000, 0x0000, 0x0000, 0x0000, 0x0000, 0x8410, 0xc618, 0xc618, 0xc618, 0x8410, 0x8410, 0x8410, 0x8410, 0x8410, 0x8410, 0x0000, 0x8410, 0x0000, 0x0000, 0x0000, 0x0000, 0x0000, 0x0000, 0x0000, 0x0000, 0x0000, 0x0000,
    0x0000, 0x0000, 0x0000, 0x0000, 0x0000, 0x0000, 0x0000, 0x0000, 0x0000, 0x0000, 0x8410, 0x8410, 0xc618, 0x8410, 0xc618, 0x8410, 0x8410, 0x8410, 0x8410, 0x8410, 0x8410, 0x0000, 0x0000, 0x0000, 0x0000, 0x0000, 0x0000, 0x0000, 0x0000, 0x0000, 0x0000, 0x0000,
    0x0000, 0x0000, 0x0000, 0x0000, 0x0000, 0x0000, 0x0000, 0x0000, 0x0000, 0x0000, 0x8410, 0xc618, 0xc618, 0xc618, 0x8410, 0x8410, 0x8410, 0x8410, 0x8410, 0x8410, 0x0000, 0x8410, 0x0000, 0x0000, 0x0000, 0x0000, 0x0000, 0x0000, 0x0000, 0x0000, 0x0000, 0x0000,
    0x0000, 0x0000, 0x0000, 0x0000, 0x0000, 0x0000, 0x0000, 0x0000, 0x0000, 0x0000, 0x8410, 0x8410, 0xc618, 0x8410, 0xc618, 0x8410, 0x8410, 0x8410, 0x8410, 0x8410, 0x8410, 0x0000, 0x0000, 0x0000, 0x0000, 0x0000, 0x0000, 0x0000, 0x0000, 0x0000, 0x0000, 0x0000,
    0x0000, 0x0000, 0x0000, 0x0000, 0x0000, 0x0000, 0x0000, 0x0000, 0x0000, 0x0000, 0x8410, 0xc618, 0xc618, 0xc618, 0x8410, 0x8410, 0x8410, 0x8410, 0x8410, 0x8410, 0x0000, 0x8410, 0x0000, 0x0000, 0x0000, 0x0000, 0x0000, 0x0000, 0x0000, 0x0000, 0x0000, 0x0000,
    0x0000, 0x0000, 0x0000, 0x0000, 0x0000, 0x0000, 0x0000, 0x0000, 0x0000, 0x0000, 0x8410, 0x8410, 0xc618, 0x8410, 0xc618, 0x8410, 0x8410, 0x8410, 0x8410, 0x8410, 0x8410, 0x0000, 0x0000, 0x0000, 0x0000, 0x0000, 0x0000, 0x0000, 0x0000, 0x0000, 0x0000, 0x0000,
    0x0000, 0x0000, 0x0000, 0x0000, 0x0000, 0x0000, 0x0000, 0x0000, 0x0000, 0x0000, 0x8410, 0xc618, 0xc618, 0xc618, 0x8410, 0x8410, 0x8410, 0x8410, 0x8410, 0x8410, 0x0000, 0x8410, 0x0000, 0x0000, 0x0000, 0x0000, 0x0000, 0x0000, 0x0000, 0x0000, 0x0000, 0x0000,
    0x0000, 0x0000, 0x0000, 0x0000, 0x0000, 0x0000, 0x0000, 0x0000, 0x0000, 0x0000, 0x8410, 0x8410, 0xc618, 0x8410, 0x0000, 0x0000, 0x0000, 0x0000, 0x0000, 0x8410, 0x8410, 0x0000, 0x0000, 0x0000, 0x0000, 0x0000, 0x0000, 0x0000, 0x0000, 0x0000, 0x0000, 0x0000,
    0x0000, 0x0000, 0x0000, 0x0000, 0x0000, 0x0000, 0x0000, 0x0000, 0x0000, 0x0000, 0x8410, 0xc618, 0xc618, 0xc618, 0x8410, 0x8410, 0x8410, 0x8410, 0x8410, 0x8410, 0x0000, 0x8410, 0x0000, 0x0000, 0x0000, 0x0000, 0x0000, 0x0000, 0x0000, 0x0000, 0x0000, 0x0000,
    0x0000, 0x0000, 0x0000, 0x0000, 0x0000, 0x0000, 0x0000, 0x0000, 0x0000, 0x0000, 0x0000, 0x8410, 0xc618, 0x8410, 0xc618, 0x8410, 0x8410, 0x8410, 0x8410, 0x8410, 0x8410, 0x0000, 0x0000, 0x0000, 0x0000, 0x0000, 0x0000, 0x0000, 0x0000, 0x0000, 0x0000, 0x0000,
    0x0000, 0x0000, 0x0000, 0x0000, 0x0000, 0x0000, 0x0000, 0x0000, 0x0000, 0x0000, 0x0000, 0x0000, 0x0000, 0xc618, 0x8410, 0x8410, 0x8410, 0x8410, 0x8410, 0x0000, 0x0000, 0x0000, 0x0000, 0x0000, 0x0000, 0x0000, 0x0000, 0x0000, 0x0000, 0x0000, 0x0000, 0x0000,
    0x0000, 0x0000, 0x0000, 0x0000, 0x0000, 0x0000, 0x0000, 0x0000, 0x0000, 0x0000, 0x0000, 0x0000, 0x0000, 0x0000, 0x0000, 0x0000, 0x0000, 0x0000, 0x0000, 0x0000, 0x0000, 0x0000, 0x0000, 0x0000, 0x0000, 0x0000, 0x0000, 0x0000, 0x0000, 0x0000, 0x0000, 0x0000,
    0x0000, 0x0000, 0x0000, 0x0000, 0x0000, 0x0000, 0x0000, 0x0000, 0x0000, 0x0000, 0x0000, 0x0000, 0x0000, 0x0000, 0x0000, 0x0000, 0x0000, 0x0000, 0x0000, 0x0000, 0x0000, 0x0000, 0x0000, 0x0000, 0x0000, 0x0000, 0x0000, 0x0000, 0x0000, 0x0000, 0x0000, 0x0000,
    0x0000, 0x0000, 0x0000, 0x0000, 0x0000, 0x0000, 0x0000, 0x0000, 0x0000, 0x0000, 0x0000, 0x0000, 0x0000, 0x0000, 0x0000, 0x0000, 0x0000, 0x0000, 0x0000, 0x0000, 0x0000, 0x0000, 0x0000, 0x0000, 0x0000, 0x0000, 0x0000, 0x0000, 0x0000, 0x0000, 0x0000, 0x0000,
    0x0000, 0x0000, 0x0000, 0x0000, 0x0000, 0x0000, 0x0000, 0x0000, 0x0000, 0x0000, 0x0000, 0x0000, 0x0000, 0x0000, 0x0000, 0x0000, 0x0000, 0x0000, 0x0000, 0x0000, 0x0000, 0x0000, 0x0000, 0x0000, 0x0000, 0x0000, 0x0000, 0x0000, 0x0000, 0x0000, 0x0000, 0x0000,
    0x0000, 0x0000, 0x0000, 0x0000, 0x0000, 0x0000, 0x0000, 0x0000, 0x0000, 0x0000, 0x0000, 0x0000, 0x0000, 0x0000, 0x0000, 0x0000, 0x0000, 0x0000, 0x0000, 0x0000, 0x0000, 0x0000, 0x0000, 0x0000, 0x0000, 0x0000, 0x0000, 0x0000, 0x0000, 0x0000, 0x0000, 0x0000,
};
static const uint8_t W98_BATTERY_A[32 * 32] = {
      0,   0,   0,   0,   0,   0,   0,   0,   0,   0,   0,   0,   0,   0,   0,   0,   0,   0,   0,   0,   0,   0,   0,   0,   0,   0,   0,   0,   0,   0,   0,   0,
      0,   0,   0,   0,   0,   0,   0,   0,   0,   0,   0,   0,   0,   0,   0,   0,   0,   0,   0,   0,   0,   0,   0,   0,   0,   0,   0,   0,   0,   0,   0,   0,
      0,   0,   0,   0,   0,   0,   0,   0,   0,   0,   0,   0,   0,   0,   0,   0,   0,   0,   0,   0,   0,   0,   0,   0,   0,   0,   0,   0,   0,   0,   0,   0,
      0,   0,   0,   0,   0,   0,   0,   0,   0,   0,   0,   0,   0,   0,   0, 255, 255,   0,   0,   0,   0,   0,   0,   0,   0,   0,   0,   0,   0,   0,   0,   0,
      0,   0,   0,   0,   0,   0,   0,   0,   0,   0,   0,   0, 255, 255, 255, 255, 255, 255, 255, 255,   0,   0,   0,   0,   0,   0,   0,   0,   0,   0,   0,   0,
      0,   0,   0,   0,   0,   0,   0,   0,   0,   0, 255, 255, 255, 255, 255, 255, 255, 255, 255, 255, 255, 255,   0,   0,   0,   0,   0,   0,   0,   0,   0,   0,
      0,   0,   0,   0,   0,   0,   0,   0,   0, 255, 255, 255, 255, 255, 255, 255, 255, 255, 255, 255, 255, 255, 255,   0,   0,   0,   0,   0,   0,   0,   0,   0,
      0,   0,   0,   0,   0,   0,   0,   0,   0, 255, 255, 255, 255, 255, 255, 255, 255, 255, 255, 255, 255, 255, 255,   0,   0,   0,   0,   0,   0,   0,   0,   0,
      0,   0,   0,   0,   0,   0,   0,   0,   0, 255, 255, 255, 255, 255, 255, 255, 255, 255, 255, 255, 255, 255, 255,   0,   0,   0,   0,   0,   0,   0,   0,   0,
      0,   0,   0,   0,   0,   0,   0,   0,   0, 255, 255, 255, 255, 255, 255, 255, 255, 255, 255, 255, 255, 255, 255,   0,   0,   0,   0,   0,   0,   0,   0,   0,
      0,   0,   0,   0,   0,   0,   0,   0,   0, 255, 255, 255, 255, 255, 255, 255, 255, 255, 255, 255, 255, 255, 255,   0,   0,   0,   0,   0,   0,   0,   0,   0,
      0,   0,   0,   0,   0,   0,   0,   0,   0, 255, 255, 255, 255, 255, 255, 255, 255, 255, 255, 255, 255, 255, 255,   0,   0,   0,   0,   0,   0,   0,   0,   0,
      0,   0,   0,   0,   0,   0,   0,   0,   0, 255, 255, 255, 255, 255, 255, 255, 255, 255, 255, 255, 255, 255, 255,   0,   0,   0,   0,   0,   0,   0,   0,   0,
      0,   0,   0,   0,   0,   0,   0,   0,   0, 255, 255, 255, 255, 255, 255, 255, 255, 255, 255, 255, 255, 255, 255,   0,   0,   0,   0,   0,   0,   0,   0,   0,
      0,   0,   0,   0,   0,   0,   0,   0,   0, 255, 255, 255, 255, 255, 255, 255, 255, 255, 255, 255, 255, 255, 255,   0,   0,   0,   0,   0,   0,   0,   0,   0,
      0,   0,   0,   0,   0,   0,   0,   0,   0, 255, 255, 255, 255, 255, 255, 255, 255, 255, 255, 255, 255, 255, 255,   0,   0,   0,   0,   0,   0,   0,   0,   0,
      0,   0,   0,   0,   0,   0,   0,   0,   0, 255, 255, 255, 255, 255, 255, 255, 255, 255, 255, 255, 255, 255, 255,   0,   0,   0,   0,   0,   0,   0,   0,   0,
      0,   0,   0,   0,   0,   0,   0,   0,   0, 255, 255, 255, 255, 255, 255, 255, 255, 255, 255, 255, 255, 255, 255,   0,   0,   0,   0,   0,   0,   0,   0,   0,
      0,   0,   0,   0,   0,   0,   0,   0,   0, 255, 255, 255, 255, 255, 255, 255, 255, 255, 255, 255, 255, 255, 255,   0,   0,   0,   0,   0,   0,   0,   0,   0,
      0,   0,   0,   0,   0,   0,   0,   0,   0, 255, 255, 255, 255, 255, 255, 255, 255, 255, 255, 255, 255, 255, 255,   0,   0,   0,   0,   0,   0,   0,   0,   0,
      0,   0,   0,   0,   0,   0,   0,   0,   0, 255, 255, 255, 255, 255, 255, 255, 255, 255, 255, 255, 255, 255, 255,   0,   0,   0,   0,   0,   0,   0,   0,   0,
      0,   0,   0,   0,   0,   0,   0,   0,   0, 255, 255, 255, 255, 255, 255, 255, 255, 255, 255, 255, 255, 255, 255,   0,   0,   0,   0,   0,   0,   0,   0,   0,
      0,   0,   0,   0,   0,   0,   0,   0,   0, 255, 255, 255, 255, 255, 255, 255, 255, 255, 255, 255, 255, 255, 255,   0,   0,   0,   0,   0,   0,   0,   0,   0,
      0,   0,   0,   0,   0,   0,   0,   0,   0, 255, 255, 255, 255, 255, 255, 255, 255, 255, 255, 255, 255, 255, 255,   0,   0,   0,   0,   0,   0,   0,   0,   0,
      0,   0,   0,   0,   0,   0,   0,   0,   0, 255, 255, 255, 255, 255, 255, 255, 255, 255, 255, 255, 255, 255, 255,   0,   0,   0,   0,   0,   0,   0,   0,   0,
      0,   0,   0,   0,   0,   0,   0,   0,   0,   0, 255, 255, 255, 255, 255, 255, 255, 255, 255, 255, 255, 255,   0,   0,   0,   0,   0,   0,   0,   0,   0,   0,
      0,   0,   0,   0,   0,   0,   0,   0,   0,   0,   0, 255, 255, 255, 255, 255, 255, 255, 255, 255, 255,   0,   0,   0,   0,   0,   0,   0,   0,   0,   0,   0,
      0,   0,   0,   0,   0,   0,   0,   0,   0,   0,   0,   0,   0, 255, 255, 255, 255, 255, 255,   0,   0,   0,   0,   0,   0,   0,   0,   0,   0,   0,   0,   0,
      0,   0,   0,   0,   0,   0,   0,   0,   0,   0,   0,   0,   0,   0,   0,   0,   0,   0,   0,   0,   0,   0,   0,   0,   0,   0,   0,   0,   0,   0,   0,   0,
      0,   0,   0,   0,   0,   0,   0,   0,   0,   0,   0,   0,   0,   0,   0,   0,   0,   0,   0,   0,   0,   0,   0,   0,   0,   0,   0,   0,   0,   0,   0,   0,
      0,   0,   0,   0,   0,   0,   0,   0,   0,   0,   0,   0,   0,   0,   0,   0,   0,   0,   0,   0,   0,   0,   0,   0,   0,   0,   0,   0,   0,   0,   0,   0,
      0,   0,   0,   0,   0,   0,   0,   0,   0,   0,   0,   0,   0,   0,   0,   0,   0,   0,   0,   0,   0,   0,   0,   0,   0,   0,   0,   0,   0,   0,   0,   0,
};

/* Menu order: MODE, LOOK, GALLERY, ROLL, SETTINGS, POWER, then BATTERY. */
static const w98_icon_t W98_ICONS[W98_COUNT] = {
    {"w98_multimedia", 48, 3, W98_MODE_RGB, W98_MODE_A},
    {"w98_color_profile", 32, 4, W98_LOOK_RGB, W98_LOOK_A},
    {"w98_directory_pictures", 48, 3, W98_GALLERY_RGB, W98_GALLERY_A},
    {"w98_camera3_network", 48, 3, W98_ROLL_RGB, W98_ROLL_A},
    {"w98_settings_gear", 48, 3, W98_SETTINGS_RGB, W98_SETTINGS_A},
    {"w98_shut_down_normal", 48, 3, W98_POWER_RGB, W98_POWER_A},
    {"w98_battery", 32, 1, W98_BATTERY_RGB, W98_BATTERY_A},
};

/* Index of the battery, which is drawn at 1:1 in the viewfinder header. */
#define W98_BATTERY_IDX 6

#endif
