// Generated by scripts/bake-xp-icons.mjs. Do not edit by hand.
//
// The six home-screen icons from the Windows XP (Luna) set, at the 48x48
// grid they were drawn on. icons.c expands them to ICON_PX with the
// scanlines and phosphor bloom of a period display; expanding here instead
// would cost twelve times the flash to store an upscale the device can do
// at boot in a few milliseconds.
//
// Source: https://github.com/softwarehistorysociety/XPIcons
// Commit: 3887f20148463a100b2cc6fb053fc620fefd0858
//
// The artwork is Microsoft's and is not covered by this repository's MIT
// grant. See THIRD_PARTY_NOTICES.md.
//
// SPDX-FileCopyrightText: Microsoft Corporation
// SPDX-License-Identifier: LicenseRef-Microsoft-Proprietary
#ifndef P4_ICONS_XP_H
#define P4_ICONS_XP_H

#include <stdint.h>

#define XP_ICON_N 48
#define XP_ICON_COUNT 6

typedef struct {
  const char *name;             /* the XP file this came from */
  const uint16_t *rgb;          /* RGB565, 48x48, row-major */
  const uint8_t *alpha;         /* coverage, same layout */
} xp_icon_t;

/* MODE - DigitalCamera.png. A camera. The tile picks how it shoots. */
static const uint16_t XP_MODE_RGB[48 * 48] = {
    0x0000, 0x0000, 0x0000, 0x0000, 0x0000, 0x0000, 0x0000, 0x0000, 0x0000, 0x0000, 0x0000, 0x0000, 0x0000, 0x0000, 0x0000, 0x0000, 0x0000, 0x0000, 0x0000, 0x0000, 0x0000, 0x0000, 0x0000, 0x0000, 0x0000, 0x0000, 0x0000, 0x0000, 0x0000, 0x0000, 0x0000, 0x0000, 0x0000, 0x0000, 0x0000, 0x0000, 0x0000, 0x0000, 0x0000, 0x0000, 0x0000, 0x0000, 0x0000, 0x0000, 0x0000, 0x0000, 0x0000, 0x0000,
    0x0000, 0x0000, 0x0000, 0x0000, 0x0000, 0x0000, 0x0000, 0x0000, 0x0000, 0x0000, 0x0000, 0x0000, 0x0000, 0x0000, 0x0000, 0x0000, 0x0000, 0x0000, 0x0000, 0x0000, 0x0000, 0x0000, 0x0000, 0x0000, 0x0000, 0x0000, 0x0000, 0x0000, 0x0000, 0x0000, 0x0000, 0x0000, 0x0000, 0x0000, 0x0000, 0x0000, 0x0000, 0x0000, 0x0000, 0x0000, 0x0000, 0x0000, 0x0000, 0x0000, 0x0000, 0x0000, 0x0000, 0x0000,
    0x0000, 0x0000, 0x0000, 0x0000, 0x0000, 0x0000, 0x0000, 0x0000, 0x0000, 0x0000, 0x0000, 0x0000, 0x0000, 0x0000, 0x0000, 0x0000, 0x0000, 0x0000, 0x0000, 0x0000, 0x0000, 0x0000, 0x0000, 0x0000, 0x0000, 0x0000, 0x0000, 0x0000, 0x0000, 0x0000, 0x0000, 0x0841, 0x0841, 0x0841, 0x0841, 0x0000, 0x0000, 0x0000, 0x0000, 0x0000, 0x0000, 0x0000, 0x0000, 0x0000, 0x0000, 0x0000, 0x0000, 0x0000,
    0x0000, 0x0000, 0x0000, 0x0000, 0x0000, 0x0000, 0x0000, 0x0000, 0x0000, 0x0000, 0x0000, 0x0000, 0x0000, 0x0000, 0x0000, 0x0000, 0x0000, 0x0000, 0x0000, 0x0000, 0x0000, 0x0000, 0x0000, 0x0000, 0x0000, 0x0841, 0x0841, 0x0841, 0x0841, 0x0841, 0x0841, 0x0841, 0x0841, 0x0841, 0x0841, 0x0841, 0x0841, 0x0841, 0x0841, 0x0841, 0x0000, 0x0000, 0x0000, 0x0000, 0x0000, 0x0000, 0x0000, 0x0000,
    0x0000, 0x0000, 0x0000, 0x0000, 0x0000, 0x0000, 0x0000, 0x0000, 0x0000, 0x0000, 0x0000, 0x0000, 0x0000, 0x0000, 0x0000, 0x0000, 0x0000, 0x0000, 0x0000, 0x0841, 0x0841, 0x0841, 0x0841, 0x0841, 0x0841, 0x0841, 0x0841, 0x0841, 0x0841, 0x1082, 0x2124, 0x2945, 0x2965, 0x2124, 0x10a2, 0x0841, 0x0841, 0x0841, 0x0841, 0x0841, 0x0841, 0x0841, 0x0841, 0x0841, 0x0000, 0x0000, 0x0000, 0x0000,
    0x0000, 0x0000, 0x0000, 0x0000, 0x0000, 0x0000, 0x0000, 0x0000, 0x0000, 0x0000, 0x0000, 0x0000, 0x0000, 0x0841, 0x0841, 0x0841, 0x0841, 0x0841, 0x0841, 0x0841, 0x0841, 0x0841, 0x0841, 0x0882, 0x2104, 0x2945, 0x2965, 0x3186, 0x31a6, 0x4208, 0x630c, 0x7bef, 0x8430, 0x6b6d, 0x4a69, 0x31a6, 0x2986, 0x2945, 0x2104, 0x0861, 0x0841, 0x0841, 0x0841, 0x0841, 0x0841, 0x0841, 0x0000, 0x0000,
    0x0000, 0x0000, 0x0000, 0x0000, 0x0000, 0x0000, 0x0000, 0x0000, 0x0841, 0x0841, 0x0841, 0x0841, 0x0841, 0x0841, 0x0841, 0x0841, 0x0841, 0x0841, 0x18e3, 0x2145, 0x2965, 0x3186, 0x31a6, 0x39c7, 0x5acb, 0x7bcf, 0x9cd3, 0xad55, 0xad75, 0xa534, 0x8c71, 0x738e, 0x632c, 0x738e, 0x8c71, 0x9cf3, 0x94b2, 0x8c51, 0x6b4d, 0x4228, 0x3186, 0x2965, 0x2104, 0x0841, 0x0841, 0x0841, 0x0841, 0x0000,
    0x0000, 0x0000, 0x0000, 0x0841, 0x0841, 0x0841, 0x0841, 0x0841, 0x0841, 0x0841, 0x0841, 0x0841, 0x10a2, 0x2124, 0x2945, 0x3186, 0x3186, 0x31a6, 0x4a49, 0x6b6d, 0x9492, 0xb596, 0xd69a, 0xef7d, 0xf79e, 0xf79e, 0xef7d, 0xc618, 0x9492, 0x6b4d, 0x632c, 0x632c, 0x632c, 0x6b4d, 0x7bef, 0x9cd3, 0xb596, 0xbdd7, 0xa534, 0x8430, 0x52aa, 0x528a, 0x4228, 0x2124, 0x0841, 0x0841, 0x0841, 0x0000,
    0x0000, 0x0000, 0x0841, 0x0841, 0x0841, 0x0841, 0x1082, 0x2104, 0x2945, 0x2965, 0x3186, 0x31a6, 0x4228, 0x6b4d, 0x8c51, 0xad55, 0xce79, 0xef7d, 0xffdf, 0xffdf, 0xf7be, 0xf7be, 0xf7be, 0xf79e, 0xf79e, 0xf79e, 0xef7d, 0xef7d, 0xef7d, 0xe71c, 0xb5b6, 0xb596, 0xad75, 0xa514, 0x8430, 0x6b4d, 0x5aeb, 0x6b4d, 0x8410, 0x9492, 0x9492, 0x9cd3, 0xad55, 0x39e7, 0x0861, 0x0841, 0x0841, 0x0841,
    0x0000, 0x0841, 0x0841, 0x0841, 0x2965, 0x31a6, 0x39c7, 0x31a6, 0x4a49, 0x9cf3, 0xce59, 0xe73c, 0xce59, 0xbdd7, 0xbdd7, 0xc618, 0xbdf7, 0xc638, 0xf79e, 0xffdf, 0xf7be, 0xf7be, 0xf7be, 0xf79e, 0xf79e, 0xf79e, 0xef7d, 0xce59, 0xa534, 0x8410, 0x630c, 0x5acb, 0x6b6d, 0x8430, 0x9cb2, 0x9492, 0x7bcf, 0x630c, 0x4a49, 0x39c7, 0x39e7, 0x73ae, 0xb5b6, 0x4a69, 0x1082, 0x0841, 0x0841, 0x0841,
    0x0000, 0x0841, 0x0841, 0x3186, 0x5acb, 0xc638, 0xf7be, 0xdefb, 0x9cf3, 0x632c, 0x6b6d, 0x5acb, 0xc638, 0xe73c, 0xef5d, 0xef7d, 0xf79e, 0xe73c, 0x738e, 0xad75, 0xf7be, 0xf79e, 0xd69a, 0xad55, 0x8410, 0x632c, 0x5acb, 0x6b6d, 0x8410, 0x9cf3, 0xad75, 0xad75, 0xb575, 0xa534, 0x39c7, 0x4208, 0x4a69, 0x52aa, 0x5aeb, 0x632c, 0x630c, 0x7bcf, 0xbdd7, 0x4a69, 0x1082, 0x0841, 0x0841, 0x0841,
    0x0841, 0x0841, 0x2124, 0x4a49, 0xe73c, 0xf7be, 0xffdf, 0xffdf, 0xffff, 0xffff, 0xad75, 0x4208, 0x8430, 0xa534, 0xb5b6, 0xb5b6, 0xad75, 0x94b2, 0x4228, 0x4228, 0x632c, 0x5aeb, 0x6b6d, 0x8430, 0x9cd3, 0xad55, 0xad34, 0x94b2, 0x8c51, 0x7bef, 0x8430, 0xb596, 0xb596, 0xad55, 0x632c, 0x632c, 0x632c, 0x632c, 0x632c, 0x5aeb, 0x528a, 0x7bcf, 0xbdd7, 0x4a69, 0x1082, 0x0841, 0x0841, 0x0841,
    0x0841, 0x0841, 0x2965, 0x8c71, 0xf79e, 0xf7be, 0xf7be, 0xffdf, 0xffdf, 0xffff, 0xffff, 0xe73c, 0xad55, 0x8410, 0x6b6d, 0x52aa, 0x39c7, 0x5acb, 0x8410, 0x9cf3, 0xad55, 0xad55, 0xad55, 0xad75, 0xad75, 0xad75, 0x94b2, 0x632c, 0x632c, 0x632c, 0x7bef, 0xb596, 0xb596, 0xad55, 0x5aeb, 0x52aa, 0x4a49, 0x528a, 0x632c, 0x8430, 0xa514, 0xbdd7, 0xbdf7, 0x4a69, 0x1082, 0x0841, 0x0841, 0x0841,
    0x0841, 0x0841, 0x2965, 0x7bef, 0xce79, 0xef7d, 0xf7be, 0xffdf, 0xffdf, 0xffff, 0xffff, 0xffff, 0xffff, 0xffff, 0xef7d, 0x5acb, 0x94b2, 0xad55, 0xad55, 0xad55, 0xad55, 0xad75, 0xad75, 0xad75, 0xad75, 0xb575, 0x9cf3, 0x8c51, 0x9cb2, 0xb5b6, 0xd69a, 0xdedb, 0xd6ba, 0xc618, 0x6b6d, 0x8c51, 0xad55, 0xbdd7, 0xbdf7, 0xbdf7, 0xbdf7, 0xbdf7, 0xc618, 0x4a69, 0x1082, 0x0841, 0x0841, 0x0841,
    0x0841, 0x0841, 0x2965, 0x8c71, 0xbdd7, 0xa514, 0xad75, 0xce79, 0xef7d, 0xffdf, 0xffff, 0xffff, 0xffff, 0xffff, 0x9492, 0x8c71, 0xad55, 0xad55, 0xad75, 0xad75, 0xad75, 0xad75, 0xad75, 0xb575, 0xb596, 0xb596, 0xb596, 0xce79, 0xf79e, 0xffff, 0xffff, 0xffff, 0xffff, 0xffff, 0xffdf, 0xdefb, 0xbdf7, 0xbdf7, 0xbdf7, 0xc617, 0xc618, 0xc618, 0xc618, 0x4a49, 0x1082, 0x0841, 0x0841, 0x0841,
    0x0841, 0x0841, 0x2965, 0x9cf3, 0xef7d, 0xef7d, 0xdedb, 0xbdf7, 0xa514, 0xad55, 0xce59, 0xf7be, 0xffff, 0xffff, 0x6b6d, 0x7bcf, 0x9492, 0xad55, 0xad75, 0xad75, 0xb575, 0xb596, 0xb596, 0xb596, 0xb596, 0xbdb6, 0xe73c, 0xffdf, 0xffdf, 0xffdf, 0xffff, 0xffff, 0xffff, 0xffff, 0xffff, 0xffff, 0xf79e, 0xc638, 0xc618, 0xc618, 0xc638, 0xc638, 0xc638, 0x4a49, 0x1082, 0x0841, 0x0841, 0x0841,
    0x0841, 0x0841, 0x2965, 0x9cd3, 0xef5d, 0xdefb, 0xdedb, 0xf79e, 0xf7be, 0xe71c, 0xad55, 0xdefb, 0xffff, 0xffff, 0xbdd7, 0x9cf3, 0x8430, 0x5aeb, 0x6b6d, 0xad34, 0xb596, 0xb596, 0xb596, 0xb5b6, 0xbdd7, 0xef5d, 0xf7be, 0xffdf, 0xffdf, 0xc638, 0x7bef, 0x5acb, 0x52aa, 0x73ae, 0xbdd7, 0xffdf, 0xffff, 0xf79e, 0xce38, 0xc638, 0xc638, 0xce59, 0xce59, 0x4a49, 0x1082, 0x0841, 0x0841, 0x0841,
    0x0841, 0x0841, 0x2965, 0x94b2, 0xef5d, 0xd69a, 0xb5b6, 0xf79e, 0xf79e, 0xf7be, 0xb596, 0xe71c, 0xffdf, 0xffff, 0xce59, 0xc638, 0xdedb, 0xef5d, 0xc638, 0x632c, 0xa514, 0xb5b6, 0xb5b6, 0xb5b6, 0xe71c, 0xf79e, 0xf7be, 0xe71c, 0x6b6d, 0x31a6, 0x4a49, 0x5aeb, 0x5aeb, 0x4a69, 0x31a6, 0x632c, 0xef5d, 0xffdf, 0xe73c, 0xce59, 0xce59, 0xce59, 0xce79, 0x4228, 0x0882, 0x0841, 0x0841, 0x0841,
    0x0841, 0x0841, 0x2965, 0x9492, 0xe73c, 0xce79, 0xb5b6, 0xef7d, 0xf79e, 0xf79e, 0xb596, 0xe71c, 0xffdf, 0xffdf, 0xc638, 0xc638, 0xdedb, 0xef5d, 0xffdf, 0xef5d, 0x632c, 0xb5b6, 0xbdd7, 0xce79, 0xef7d, 0xef7d, 0xdefb, 0x4a69, 0x4208, 0x7bef, 0x94b2, 0x94b2, 0x94b2, 0x94b2, 0x8430, 0x4228, 0x5acb, 0xef7d, 0xf7be, 0xd69a, 0xce79, 0xce79, 0xce79, 0x4228, 0x0861, 0x0841, 0x0841, 0x0841,
    0x0841, 0x0841, 0x2965, 0x8c71, 0xe73c, 0xce79, 0xb5b6, 0xef7d, 0xef7d, 0xf79e, 0xad75, 0xe71c, 0xffdf, 0xffdf, 0xc638, 0xc638, 0xdedb, 0xef5d, 0xffdf, 0xffff, 0x6b6d, 0xbdd7, 0xbdd7, 0xe73c, 0xef5d, 0xef5d, 0x632c, 0x4208, 0x8c51, 0x8c51, 0x5aeb, 0x4208, 0x39e7, 0x52aa, 0x8c51, 0x8c71, 0x4208, 0x8c71, 0xf7be, 0xe73c, 0xd699, 0xd69a, 0xd69a, 0x4228, 0x0861, 0x0841, 0x0841, 0x0841,
    0x0841, 0x0841, 0x2965, 0x8c51, 0xe71c, 0xce59, 0xb5b6, 0xef5d, 0xef7d, 0xef7d, 0xad75, 0xe71c, 0xf7be, 0xffdf, 0xc618, 0xc638, 0xad75, 0xd69a, 0xffdf, 0xffff, 0x6b6d, 0xbdf7, 0xce59, 0xe73c, 0xe73c, 0xad75, 0x39c7, 0x7bef, 0x8430, 0x4208, 0x31a6, 0x39c7, 0x39c7, 0x31a6, 0x39e7, 0x8430, 0x73ae, 0x39e7, 0xe73c, 0xef7d, 0xd69a, 0xd6ba, 0xd6ba, 0x4208, 0x0861, 0x0841, 0x0841, 0x0841,
    0x0841, 0x0841, 0x2945, 0x8c51, 0xe71c, 0xce59, 0xb5b6, 0xef5d, 0xef5d, 0xef7d, 0xad55, 0xe71c, 0xf7be, 0xf7be, 0xc618, 0xc638, 0xad55, 0xce79, 0xffdf, 0xffff, 0x6b6d, 0xbdf7, 0xd6ba, 0xdefb, 0xdefb, 0x5aeb, 0x52aa, 0x8c51, 0x4a49, 0x31a6, 0x528a, 0x632c, 0x6b4d, 0x5acb, 0x39c7, 0x4a69, 0x9492, 0x4208, 0xb596, 0xef7d, 0xdedb, 0xd6da, 0xdedb, 0x4208, 0x0861, 0x0841, 0x0841, 0x0841,
    0x0841, 0x0841, 0x2945, 0x8430, 0xdefb, 0xc639, 0xb596, 0xe73c, 0xef5d, 0xef5d, 0xad55, 0xdefb, 0xf79e, 0xf7be, 0xc618, 0xce59, 0xdedb, 0xef5d, 0xffdf, 0xffff, 0x6b4d, 0xc618, 0xd6ba, 0xdedb, 0xce79, 0x31a6, 0x738e, 0x738e, 0x31a6, 0x4a69, 0x6b4d, 0x63d3, 0x63f3, 0x6b4d, 0x528a, 0x31a6, 0x8430, 0x52aa, 0x8c71, 0xef5d, 0xdefb, 0xdedb, 0xdefb, 0x4208, 0x0861, 0x0841, 0x0841, 0x0841,
    0x0841, 0x0841, 0x2945, 0x8410, 0xdedb, 0xc638, 0xb596, 0xe71c, 0xe73c, 0xef5d, 0xad55, 0xdefb, 0xf79e, 0xf79e, 0xbdf7, 0xce59, 0xdedb, 0xef5d, 0xffdf, 0xffff, 0x6b6d, 0xc638, 0xd69a, 0xd69a, 0xad55, 0x31a6, 0x7bef, 0x52aa, 0x31a6, 0x630c, 0x5bd3, 0x549d, 0x5cbe, 0x63d3, 0x630c, 0x31a6, 0x73ae, 0x5aeb, 0x7bef, 0xe71c, 0xdefb, 0xdefb, 0xdefb, 0x4208, 0x0861, 0x0841, 0x0841, 0x0841,
    0x0841, 0x0841, 0x2945, 0x7bef, 0xdedb, 0xc638, 0xb596, 0xe71c, 0xe73c, 0xe73c, 0xa534, 0xdefb, 0xef7d, 0xf79e, 0xbdf7, 0xc638, 0xa534, 0xd69a, 0xffdf, 0xffff, 0x6b4d, 0xce59, 0xce79, 0xce79, 0x94b2, 0x39c7, 0x7bef, 0x4a69, 0x31a6, 0x632c, 0x4b75, 0x43ba, 0x4bda, 0x5bb4, 0x630c, 0x31a6, 0x738e, 0x5acb, 0x8410, 0xdefb, 0xdefb, 0xe71c, 0xe71c, 0x39e7, 0x0861, 0x0841, 0x0841, 0x0841,
    0x0841, 0x0841, 0x2945, 0x7bef, 0xd6bb, 0xc618, 0xb596, 0xdefc, 0xe71c, 0xe73c, 0xa534, 0xdefb, 0xef7d, 0xef7d, 0xbdf7, 0xce59, 0xad75, 0xd6ba, 0xffdf, 0xffff, 0x6b4d, 0xce59, 0xc638, 0xce59, 0x94b2, 0x31a6, 0x7bcf, 0x4a69, 0x31a6, 0x630c, 0x5311, 0x32d6, 0x3af6, 0x634f, 0x52aa, 0x31a6, 0x7bcf, 0x4a49, 0x94b2, 0xdedb, 0xe71c, 0xe73c, 0xe73c, 0x39e7, 0x0861, 0x0841, 0x0841, 0x0841,
    0x0841, 0x0841, 0x2945, 0x7bcf, 0xd6ba, 0xc618, 0xb596, 0xdefb, 0xe71c, 0xe71c, 0xa534, 0xdefb, 0xef5d, 0xef7d, 0xbdf7, 0xce59, 0xdedb, 0xef7d, 0xffdf, 0xffff, 0x6b4d, 0xce79, 0xc618, 0xc618, 0xa534, 0x31a6, 0x6b6d, 0x5acb, 0x31a6, 0x4a49, 0x6b4d, 0x5b0e, 0x632e, 0x632c, 0x39e7, 0x4228, 0x7bcf, 0x39c7, 0xb5b6, 0xd69a, 0xe73c, 0xe73c, 0xe75c, 0x39c7, 0x0841, 0x0841, 0x0841, 0x0841,
    0x0841, 0x0841, 0x2945, 0x73ae, 0xd6ba, 0xbdf8, 0xb596, 0xdedb, 0xdefb, 0xe71c, 0xa514, 0xdefb, 0xef5d, 0xef5d, 0xbdd7, 0xce59, 0xce59, 0xe73c, 0xffdf, 0xffff, 0x6b4d, 0xd69a, 0xbdf7, 0xbdf7, 0xbdd7, 0x39e7, 0x52aa, 0x6b6d, 0x39c7, 0x31a6, 0x4a49, 0x5acb, 0x528a, 0x39e7, 0x31a6, 0x6b4d, 0x5acb, 0x528a, 0xce59, 0xd6ba, 0xef5d, 0xef5d, 0xef5d, 0x39c7, 0x0841, 0x0841, 0x0841, 0x0841,
    0x0841, 0x0841, 0x2945, 0x73ae, 0xd69a, 0xbdf7, 0xb596, 0xdedb, 0xdedb, 0xdefb, 0xa514, 0xdedb, 0xe73c, 0xef5d, 0xbdd7, 0xce59, 0x9cd3, 0xc618, 0xffdf, 0xffff, 0x6b4d, 0xd6ba, 0xbdf7, 0xb5b6, 0xbdd7, 0x6b6d, 0x39c7, 0x6b4d, 0x5aeb, 0x39c7, 0x31a6, 0x31a6, 0x31a6, 0x31a6, 0x5acb, 0x6b4d, 0x39c7, 0x9cd3, 0xc638, 0xdefb, 0xef5d, 0xef7d, 0xef7d, 0x39c7, 0x0841, 0x0841, 0x0841, 0x0841,
    0x0841, 0x0841, 0x2945, 0x738e, 0xd69a, 0xbdf7, 0xb596, 0xd6bb, 0xdedb, 0xdefb, 0xa514, 0xdedb, 0xe73c, 0xe73c, 0xbdd7, 0xce59, 0xce79, 0xe73c, 0xffdf, 0xffff, 0x6b4d, 0xd6ba, 0xc638, 0xb596, 0xb596, 0xad55, 0x4208, 0x4208, 0x6b4d, 0x632c, 0x4a69, 0x4a49, 0x528a, 0x632c, 0x632c, 0x39e7, 0x6b6d, 0xbdf7, 0xc638, 0xef5d, 0xef7d, 0xef7d, 0xef7d, 0x31a6, 0x0841, 0x0841, 0x0841, 0x0000,
    0x0841, 0x0841, 0x2145, 0x6b6d, 0xce7a, 0xbdd7, 0xb596, 0xd6ba, 0xd6bb, 0xdedb, 0x9cf3, 0xdedb, 0xe71c, 0xe71c, 0xbdd7, 0xce59, 0xdefb, 0xef7d, 0xffdf, 0xffff, 0x6b4d, 0xdedb, 0xdedb, 0xb596, 0xad75, 0xad75, 0x9492, 0x39e7, 0x39e7, 0x52aa, 0x632c, 0x6b4d, 0x630c, 0x4a69, 0x39c7, 0x632c, 0xb5b6, 0xbdd7, 0xdedb, 0xef7d, 0xf79d, 0xf79e, 0xef7d, 0x31a6, 0x0841, 0x0841, 0x0841, 0x0000,
    0x0841, 0x0841, 0x2124, 0x6b6d, 0xce79, 0xc638, 0xbdf7, 0xd69a, 0xd6ba, 0xdedb, 0x9cf3, 0xd6bb, 0xdefc, 0xe71c, 0xbdd7, 0xce59, 0xb596, 0xd6ba, 0xffdf, 0xffff, 0x6b4d, 0xdefb, 0xdefb, 0xce59, 0xad55, 0xad55, 0xad55, 0x9cd3, 0x52aa, 0x31a6, 0x31a6, 0x31a6, 0x31a6, 0x4228, 0x8410, 0xb596, 0xb596, 0xc638, 0xf79e, 0xf79e, 0xf79e, 0xf7be, 0xd69a, 0x3186, 0x0841, 0x0841, 0x0841, 0x0000,
    0x0841, 0x0841, 0x2124, 0x630c, 0xc618, 0xce79, 0xd69a, 0xd69a, 0xd6ba, 0xd6ba, 0x9cf3, 0xd6ba, 0xdefb, 0xdefb, 0xbdd7, 0xce59, 0xad55, 0xce79, 0xffdf, 0xffff, 0x6b4d, 0xe71c, 0xe71c, 0xe71c, 0xbdd7, 0xa534, 0xa534, 0xa534, 0xa534, 0x9cd3, 0x8410, 0x8410, 0x9492, 0xad55, 0xad75, 0xad75, 0xbdf7, 0xef7d, 0xf79e, 0xf7be, 0xef7d, 0xbdd7, 0x528a, 0x2104, 0x0841, 0x0841, 0x0841, 0x0000,
    0x0841, 0x0841, 0x2124, 0x5aeb, 0x9cf3, 0xa534, 0xbdf7, 0xd69a, 0xd69a, 0xd6ba, 0x9cf3, 0xd6ba, 0xdedb, 0xdedb, 0xbdd7, 0xce59, 0xdefb, 0xef7d, 0xffdf, 0xffff, 0x6b6d, 0xe73c, 0xe73c, 0xe73c, 0xe73c, 0xbdf7, 0xa514, 0xa514, 0xa514, 0xa534, 0xa534, 0xa534, 0xa534, 0xa534, 0xad55, 0xc638, 0xf79e, 0xef7d, 0xb5b6, 0x73ae, 0x39e7, 0x2945, 0x18c3, 0x0841, 0x0841, 0x0841, 0x0841, 0x0000,
    0x0841, 0x0841, 0x2124, 0x632c, 0xce59, 0xbdd7, 0xa514, 0xa514, 0xbdf7, 0xd69a, 0x9cd3, 0xd6ba, 0xdedb, 0xdedb, 0xbdd7, 0xce59, 0xdedb, 0xef7d, 0xffdf, 0xffdf, 0x738e, 0xe73c, 0xe75c, 0xef5d, 0xef5d, 0xef5d, 0xd6ba, 0xad75, 0xa514, 0xa514, 0xa514, 0xa514, 0xa514, 0xb5d6, 0xd6da, 0xb5b6, 0x73ae, 0x39e7, 0x2945, 0x18e3, 0x0861, 0x0841, 0x0841, 0x0841, 0x0841, 0x0841, 0x0841, 0x0000,
    0x0841, 0x0841, 0x2124, 0x630c, 0xce59, 0xce59, 0xce79, 0xc618, 0xad55, 0x9cf3, 0x9cd3, 0xd69a, 0xd6bb, 0xd6ba, 0xbdd7, 0xce59, 0x9cf3, 0xc618, 0xffdf, 0xf7be, 0x73ae, 0xef5d, 0xef5d, 0xef5d, 0xef7d, 0xef7d, 0xef7d, 0xef9d, 0xe73c, 0xdedb, 0xd6ba, 0xd69a, 0xad55, 0x73ae, 0x39e7, 0x2945, 0x18e3, 0x0861, 0x0841, 0x0841, 0x0841, 0x0841, 0x0841, 0x0841, 0x0841, 0x0841, 0x0841, 0x0000,
    0x0841, 0x0841, 0x10a2, 0x4208, 0xc638, 0xce59, 0xce59, 0xce79, 0xce79, 0xc638, 0xad75, 0xd69a, 0xd6ba, 0xd69a, 0xbdd7, 0xce79, 0xc618, 0xe71c, 0xffdf, 0xef5d, 0x7bef, 0xef7d, 0xef7d, 0xef7d, 0xef7d, 0xef9d, 0xf79e, 0xf79e, 0xe75c, 0xad75, 0x6b6d, 0x39c7, 0x2945, 0x18c3, 0x0861, 0x0841, 0x0841, 0x0841, 0x0841, 0x0841, 0x0841, 0x0841, 0x0841, 0x0841, 0x0841, 0x0000, 0x0000, 0x0000,
    0x0000, 0x0841, 0x0841, 0x2965, 0x632c, 0xc618, 0xce59, 0xce59, 0xce79, 0xce79, 0xce7a, 0xd69a, 0xd6ba, 0xd69a, 0xbdd7, 0xce79, 0xdefb, 0xef7d, 0xffdf, 0xc618, 0x9cd3, 0xef7d, 0xef9d, 0xf79e, 0xf79e, 0xe75c, 0xad75, 0x6b6d, 0x39c7, 0x2945, 0x18c3, 0x0861, 0x0841, 0x0841, 0x0841, 0x0841, 0x0841, 0x0841, 0x0841, 0x0841, 0x0841, 0x0841, 0x0841, 0x0000, 0x0000, 0x0000, 0x0000, 0x0000,
    0x0000, 0x0841, 0x0841, 0x0861, 0x2124, 0x4208, 0x8c51, 0xc639, 0xce59, 0xce79, 0xce79, 0xd69a, 0xd69a, 0xce79, 0xbdd7, 0xce79, 0xdefb, 0xef7d, 0xffdf, 0x738e, 0xdefb, 0xf79e, 0xe71c, 0xad55, 0x6b6d, 0x39c7, 0x2945, 0x18c3, 0x0861, 0x0841, 0x0841, 0x0841, 0x0841, 0x0841, 0x0841, 0x0841, 0x0841, 0x0841, 0x0841, 0x0841, 0x0000, 0x0000, 0x0000, 0x0000, 0x0000, 0x0000, 0x0000, 0x0000,
    0x0000, 0x0841, 0x0841, 0x0841, 0x0841, 0x1082, 0x2945, 0x4a49, 0x9cf3, 0xce59, 0xce79, 0xce79, 0xd69a, 0xce79, 0xbdf7, 0xce79, 0xdefb, 0xef5d, 0x8410, 0x9cf3, 0xa534, 0x632c, 0x31a6, 0x2945, 0x18c3, 0x0861, 0x0841, 0x0841, 0x0841, 0x0841, 0x0841, 0x0841, 0x0841, 0x0841, 0x0841, 0x0841, 0x0841, 0x0000, 0x0000, 0x0000, 0x0000, 0x0000, 0x0000, 0x0000, 0x0000, 0x0000, 0x0000, 0x0000,
    0x0000, 0x0000, 0x0841, 0x0841, 0x0841, 0x0841, 0x0841, 0x18c3, 0x3186, 0x5aec, 0xb596, 0xce79, 0xce7a, 0xce59, 0xbdf7, 0xce59, 0xa514, 0x528a, 0x4208, 0x31a6, 0x2945, 0x18c3, 0x0861, 0x0841, 0x0841, 0x0841, 0x0841, 0x0841, 0x0841, 0x0841, 0x0841, 0x0841, 0x0841, 0x0841, 0x0000, 0x0000, 0x0000, 0x0000, 0x0000, 0x0000, 0x0000, 0x0000, 0x0000, 0x0000, 0x0000, 0x0000, 0x0000, 0x0000,
    0x0000, 0x0000, 0x0841, 0x0841, 0x0841, 0x0841, 0x0841, 0x0841, 0x0841, 0x2104, 0x31a6, 0x73ae, 0xa514, 0xa534, 0x73ae, 0x4208, 0x3186, 0x2124, 0x18c3, 0x0861, 0x0841, 0x0841, 0x0841, 0x0841, 0x0841, 0x0841, 0x0841, 0x0841, 0x0841, 0x0841, 0x0841, 0x0000, 0x0000, 0x0000, 0x0000, 0x0000, 0x0000, 0x0000, 0x0000, 0x0000, 0x0000, 0x0000, 0x0000, 0x0000, 0x0000, 0x0000, 0x0000, 0x0000,
    0x0000, 0x0000, 0x0000, 0x0000, 0x0841, 0x0841, 0x0841, 0x0841, 0x0841, 0x0841, 0x0861, 0x2124, 0x2965, 0x2965, 0x2124, 0x10c3, 0x0841, 0x0841, 0x0841, 0x0841, 0x0841, 0x0841, 0x0841, 0x0841, 0x0841, 0x0841, 0x0841, 0x0841, 0x0000, 0x0000, 0x0000, 0x0000, 0x0000, 0x0000, 0x0000, 0x0000, 0x0000, 0x0000, 0x0000, 0x0000, 0x0000, 0x0000, 0x0000, 0x0000, 0x0000, 0x0000, 0x0000, 0x0000,
    0x0000, 0x0000, 0x0000, 0x0000, 0x0000, 0x0000, 0x0841, 0x0841, 0x0841, 0x0841, 0x0841, 0x0841, 0x0841, 0x0841, 0x0841, 0x0841, 0x0841, 0x0841, 0x0841, 0x0841, 0x0841, 0x0841, 0x0841, 0x0841, 0x0841, 0x0000, 0x0000, 0x0000, 0x0000, 0x0000, 0x0000, 0x0000, 0x0000, 0x0000, 0x0000, 0x0000, 0x0000, 0x0000, 0x0000, 0x0000, 0x0000, 0x0000, 0x0000, 0x0000, 0x0000, 0x0000, 0x0000, 0x0000,
    0x0000, 0x0000, 0x0000, 0x0000, 0x0000, 0x0000, 0x0000, 0x0000, 0x0841, 0x0841, 0x0841, 0x0841, 0x0841, 0x0841, 0x0841, 0x0841, 0x0841, 0x0841, 0x0841, 0x0841, 0x0841, 0x0841, 0x0000, 0x0000, 0x0000, 0x0000, 0x0000, 0x0000, 0x0000, 0x0000, 0x0000, 0x0000, 0x0000, 0x0000, 0x0000, 0x0000, 0x0000, 0x0000, 0x0000, 0x0000, 0x0000, 0x0000, 0x0000, 0x0000, 0x0000, 0x0000, 0x0000, 0x0000,
    0x0000, 0x0000, 0x0000, 0x0000, 0x0000, 0x0000, 0x0000, 0x0000, 0x0000, 0x0841, 0x0841, 0x0841, 0x0841, 0x0841, 0x0841, 0x0841, 0x0841, 0x0841, 0x0841, 0x0000, 0x0000, 0x0000, 0x0000, 0x0000, 0x0000, 0x0000, 0x0000, 0x0000, 0x0000, 0x0000, 0x0000, 0x0000, 0x0000, 0x0000, 0x0000, 0x0000, 0x0000, 0x0000, 0x0000, 0x0000, 0x0000, 0x0000, 0x0000, 0x0000, 0x0000, 0x0000, 0x0000, 0x0000,
    0x0000, 0x0000, 0x0000, 0x0000, 0x0000, 0x0000, 0x0000, 0x0000, 0x0000, 0x0000, 0x0000, 0x0000, 0x0000, 0x0000, 0x0000, 0x0000, 0x0000, 0x0000, 0x0000, 0x0000, 0x0000, 0x0000, 0x0000, 0x0000, 0x0000, 0x0000, 0x0000, 0x0000, 0x0000, 0x0000, 0x0000, 0x0000, 0x0000, 0x0000, 0x0000, 0x0000, 0x0000, 0x0000, 0x0000, 0x0000, 0x0000, 0x0000, 0x0000, 0x0000, 0x0000, 0x0000, 0x0000, 0x0000,
    0x0000, 0x0000, 0x0000, 0x0000, 0x0000, 0x0000, 0x0000, 0x0000, 0x0000, 0x0000, 0x0000, 0x0000, 0x0000, 0x0000, 0x0000, 0x0000, 0x0000, 0x0000, 0x0000, 0x0000, 0x0000, 0x0000, 0x0000, 0x0000, 0x0000, 0x0000, 0x0000, 0x0000, 0x0000, 0x0000, 0x0000, 0x0000, 0x0000, 0x0000, 0x0000, 0x0000, 0x0000, 0x0000, 0x0000, 0x0000, 0x0000, 0x0000, 0x0000, 0x0000, 0x0000, 0x0000, 0x0000, 0x0000,
};
static const uint8_t XP_MODE_A[48 * 48] = {
      0,   0,   0,   0,   0,   0,   0,   0,   0,   0,   0,   0,   0,   0,   0,   0,   0,   0,   0,   0,   0,   0,   0,   0,   0,   0,   0,   0,   0,   0,   0,   0,   0,   0,   0,   0,   0,   0,   0,   0,   0,   0,   0,   0,   0,   0,   0,   0,
      0,   0,   0,   0,   0,   0,   0,   0,   0,   0,   0,   0,   0,   0,   0,   0,   0,   0,   0,   0,   0,   0,   0,   0,   0,   0,   0,   0,   0,   0,   0,   0,   0,   0,   0,   0,   0,   0,   0,   0,   0,   0,   0,   0,   0,   0,   0,   0,
      0,   0,   0,   0,   0,   0,   0,   0,   0,   0,   0,   0,   0,   0,   0,   0,   0,   0,   0,   0,   0,   0,   0,   0,   0,   0,   0,   0,   0,   0,   0,   0,   0,   0,   0,   0,   0,   0,   0,   0,   0,   0,   0,   0,   0,   0,   0,   0,
      0,   0,   0,   0,   0,   0,   0,   0,   0,   0,   0,   0,   0,   0,   0,   0,   0,   0,   0,   0,   0,   0,   0,   0,   0,   0,   0,   1,   2,   5,   9,  13,  16,  15,  11,   6,   3,   1,   0,   0,   0,   0,   0,   0,   0,   0,   0,   0,
      0,   0,   0,   0,   0,   0,   0,   0,   0,   0,   0,   0,   0,   0,   0,   0,   0,   0,   0,   0,   0,   1,   2,   4,   7,  11,  17,  24,  33,  51,  91, 130, 150, 116,  72,  47,  34,  23,  15,   8,   4,   2,   1,   0,   0,   0,   0,   0,
      0,   0,   0,   0,   0,   0,   0,   0,   0,   0,   0,   0,   0,   0,   0,   1,   1,   3,   6,  10,  15,  22,  31,  45,  82, 121, 159, 195, 228, 253, 255, 255, 255, 255, 254, 230, 192, 151, 105,  61,  42,  29,  18,   9,   3,   0,   0,   0,
      0,   0,   0,   0,   0,   0,   0,   0,   0,   0,   1,   3,   5,   9,  14,  20,  28,  38,  68, 109, 149, 187, 222, 251, 255, 255, 255, 255, 255, 255, 255, 255, 255, 255, 255, 255, 255, 255, 255, 251, 218, 176, 114,  50,  22,   5,   0,   0,
      0,   0,   0,   0,   0,   1,   4,   7,  11,  17,  25,  34,  53,  93, 133, 172, 208, 242, 255, 255, 255, 255, 255, 255, 255, 255, 255, 255, 255, 255, 255, 255, 255, 255, 255, 255, 255, 255, 255, 255, 255, 255, 255, 173,  66,  20,   2,   0,
      0,   0,   0,   3,  10,  24,  43,  83, 123, 161, 197, 230, 254, 255, 255, 255, 255, 255, 255, 255, 255, 255, 255, 255, 255, 255, 255, 255, 255, 255, 255, 255, 255, 255, 255, 255, 255, 255, 255, 255, 255, 255, 255, 251, 124,  45,   7,   0,
      0,   0,   4,  20, 115, 212, 251, 255, 255, 255, 255, 255, 255, 255, 255, 255, 255, 255, 255, 255, 255, 255, 255, 255, 255, 255, 255, 255, 255, 255, 255, 255, 255, 255, 255, 255, 255, 255, 255, 255, 255, 255, 255, 255, 165,  66,  13,   0,
      0,   2,  17, 146, 255, 255, 255, 255, 255, 255, 255, 255, 255, 255, 255, 255, 255, 255, 255, 255, 255, 255, 255, 255, 255, 255, 255, 255, 255, 255, 255, 255, 255, 255, 255, 255, 255, 255, 255, 255, 255, 255, 255, 255, 177,  76,  16,   0,
      0,   6,  71, 253, 255, 255, 255, 255, 255, 255, 255, 255, 255, 255, 255, 255, 255, 255, 255, 255, 255, 255, 255, 255, 255, 255, 255, 255, 255, 255, 255, 255, 255, 255, 255, 255, 255, 255, 255, 255, 255, 255, 255, 255, 179,  78,  17,   0,
      0,  14, 142, 255, 255, 255, 255, 255, 255, 255, 255, 255, 255, 255, 255, 255, 255, 255, 255, 255, 255, 255, 255, 255, 255, 255, 255, 255, 255, 255, 255, 255, 255, 255, 255, 255, 255, 255, 255, 255, 255, 255, 255, 255, 179,  78,  17,   0,
      1,  21, 166, 255, 255, 255, 255, 255, 255, 255, 255, 255, 255, 255, 255, 255, 255, 255, 255, 255, 255, 255, 255, 255, 255, 255, 255, 255, 255, 255, 255, 255, 255, 255, 255, 255, 255, 255, 255, 255, 255, 255, 255, 255, 179,  78,  17,   0,
      1,  24, 170, 255, 255, 255, 255, 255, 255, 255, 255, 255, 255, 255, 255, 255, 255, 255, 255, 255, 255, 255, 255, 255, 255, 255, 255, 255, 255, 255, 255, 255, 255, 255, 255, 255, 255, 255, 255, 255, 255, 255, 255, 255, 179,  78,  17,   0,
      1,  25, 169, 255, 255, 255, 255, 255, 255, 255, 255, 255, 255, 255, 255, 255, 255, 255, 255, 255, 255, 255, 255, 255, 255, 255, 255, 255, 255, 255, 255, 255, 255, 255, 255, 255, 255, 255, 255, 255, 255, 255, 255, 255, 179,  78,  17,   0,
      1,  25, 167, 255, 255, 255, 255, 255, 255, 255, 255, 255, 255, 255, 255, 255, 255, 255, 255, 255, 255, 255, 255, 255, 255, 255, 255, 255, 255, 255, 255, 255, 255, 255, 255, 255, 255, 255, 255, 255, 255, 255, 255, 255, 178,  78,  17,   0,
      1,  25, 165, 255, 255, 255, 255, 255, 255, 255, 255, 255, 255, 255, 255, 255, 255, 255, 255, 255, 255, 255, 255, 255, 255, 255, 255, 255, 255, 255, 255, 255, 255, 255, 255, 255, 255, 255, 255, 255, 255, 255, 255, 255, 177,  77,  17,   0,
      1,  24, 161, 255, 255, 255, 255, 255, 255, 255, 255, 255, 255, 255, 255, 255, 255, 255, 255, 255, 255, 255, 255, 255, 255, 255, 255, 255, 255, 255, 255, 255, 255, 255, 255, 255, 255, 255, 255, 255, 255, 255, 255, 255, 175,  76,  16,   0,
      1,  23, 159, 255, 255, 255, 255, 255, 255, 255, 255, 255, 255, 255, 255, 255, 255, 255, 255, 255, 255, 255, 255, 255, 255, 255, 255, 255, 255, 255, 255, 255, 255, 255, 255, 255, 255, 255, 255, 255, 255, 255, 255, 255, 174,  75,  15,   0,
      1,  23, 157, 255, 255, 255, 255, 255, 255, 255, 255, 255, 255, 255, 255, 255, 255, 255, 255, 255, 255, 255, 255, 255, 255, 255, 255, 255, 255, 255, 255, 255, 255, 255, 255, 255, 255, 255, 255, 255, 255, 255, 255, 255, 173,  74,  15,   0,
      1,  22, 155, 255, 255, 255, 255, 255, 255, 255, 255, 255, 255, 255, 255, 255, 255, 255, 255, 255, 255, 255, 255, 255, 255, 255, 255, 255, 255, 255, 255, 255, 255, 255, 255, 255, 255, 255, 255, 255, 255, 255, 255, 255, 172,  74,  15,   0,
      1,  21, 151, 255, 255, 255, 255, 255, 255, 255, 255, 255, 255, 255, 255, 255, 255, 255, 255, 255, 255, 255, 255, 255, 255, 255, 255, 255, 255, 255, 255, 255, 255, 255, 255, 255, 255, 255, 255, 255, 255, 255, 255, 255, 171,  74,  15,   0,
      0,  21, 149, 255, 255, 255, 255, 255, 255, 255, 255, 255, 255, 255, 255, 255, 255, 255, 255, 255, 255, 255, 255, 255, 255, 255, 255, 255, 255, 255, 255, 255, 255, 255, 255, 255, 255, 255, 255, 255, 255, 255, 255, 255, 169,  72,  14,   0,
      0,  20, 147, 255, 255, 255, 255, 255, 255, 255, 255, 255, 255, 255, 255, 255, 255, 255, 255, 255, 255, 255, 255, 255, 255, 255, 255, 255, 255, 255, 255, 255, 255, 255, 255, 255, 255, 255, 255, 255, 255, 255, 255, 255, 167,  71,  14,   0,
      0,  20, 144, 255, 255, 255, 255, 255, 255, 255, 255, 255, 255, 255, 255, 255, 255, 255, 255, 255, 255, 255, 255, 255, 255, 255, 255, 255, 255, 255, 255, 255, 255, 255, 255, 255, 255, 255, 255, 255, 255, 255, 255, 255, 167,  71,  13,   0,
      0,  19, 141, 255, 255, 255, 255, 255, 255, 255, 255, 255, 255, 255, 255, 255, 255, 255, 255, 255, 255, 255, 255, 255, 255, 255, 255, 255, 255, 255, 255, 255, 255, 255, 255, 255, 255, 255, 255, 255, 255, 255, 255, 255, 166,  70,  13,   0,
      0,  19, 139, 255, 255, 255, 255, 255, 255, 255, 255, 255, 255, 255, 255, 255, 255, 255, 255, 255, 255, 255, 255, 255, 255, 255, 255, 255, 255, 255, 255, 255, 255, 255, 255, 255, 255, 255, 255, 255, 255, 255, 255, 255, 165,  70,  13,   0,
      0,  18, 137, 255, 255, 255, 255, 255, 255, 255, 255, 255, 255, 255, 255, 255, 255, 255, 255, 255, 255, 255, 255, 255, 255, 255, 255, 255, 255, 255, 255, 255, 255, 255, 255, 255, 255, 255, 255, 255, 255, 255, 255, 255, 163,  68,  13,   0,
      0,  18, 133, 255, 255, 255, 255, 255, 255, 255, 255, 255, 255, 255, 255, 255, 255, 255, 255, 255, 255, 255, 255, 255, 255, 255, 255, 255, 255, 255, 255, 255, 255, 255, 255, 255, 255, 255, 255, 255, 255, 255, 255, 254, 162,  67,  12,   0,
      0,  17, 131, 255, 255, 255, 255, 255, 255, 255, 255, 255, 255, 255, 255, 255, 255, 255, 255, 255, 255, 255, 255, 255, 255, 255, 255, 255, 255, 255, 255, 255, 255, 255, 255, 255, 255, 255, 255, 255, 255, 255, 255, 254, 160,  66,  12,   0,
      0,  17, 129, 255, 255, 255, 255, 255, 255, 255, 255, 255, 255, 255, 255, 255, 255, 255, 255, 255, 255, 255, 255, 255, 255, 255, 255, 255, 255, 255, 255, 255, 255, 255, 255, 255, 255, 255, 255, 255, 255, 255, 255, 248, 154,  61,  10,   0,
      0,  16, 126, 255, 255, 255, 255, 255, 255, 255, 255, 255, 255, 255, 255, 255, 255, 255, 255, 255, 255, 255, 255, 255, 255, 255, 255, 255, 255, 255, 255, 255, 255, 255, 255, 255, 255, 255, 255, 255, 255, 255, 255, 221, 131,  47,   7,   0,
      0,  16, 122, 255, 255, 255, 255, 255, 255, 255, 255, 255, 255, 255, 255, 255, 255, 255, 255, 255, 255, 255, 255, 255, 255, 255, 255, 255, 255, 255, 255, 255, 255, 255, 255, 255, 255, 255, 255, 255, 254, 242, 214, 158,  87,  27,   3,   0,
      0,  15, 120, 255, 255, 255, 255, 255, 255, 255, 255, 255, 255, 255, 255, 255, 255, 255, 255, 255, 255, 255, 255, 255, 255, 255, 255, 255, 255, 255, 255, 255, 255, 255, 255, 255, 255, 254, 243, 222, 194, 165, 129,  84,  38,   9,   1,   0,
      0,  14, 112, 255, 255, 255, 255, 255, 255, 255, 255, 255, 255, 255, 255, 255, 255, 255, 255, 255, 255, 255, 255, 255, 255, 255, 255, 255, 255, 255, 255, 255, 255, 255, 254, 241, 220, 192, 163, 133, 103,  74,  47,  25,   9,   1,   0,   0,
      0,  11,  77, 253, 255, 255, 255, 255, 255, 255, 255, 255, 255, 255, 255, 255, 255, 255, 255, 255, 255, 255, 255, 255, 255, 255, 255, 255, 255, 255, 255, 254, 241, 219, 190, 162, 132, 101,  73,  48,  29,  16,   7,   2,   0,   0,   0,   0,
      0,   7,  48, 192, 255, 255, 255, 255, 255, 255, 255, 255, 255, 255, 255, 255, 255, 255, 255, 255, 255, 255, 255, 255, 255, 255, 255, 255, 254, 241, 219, 190, 162, 132, 102,  73,  48,  30,  16,   7,   2,   1,   0,   0,   0,   0,   0,   0,
      0,   2,  26,  87, 195, 251, 255, 255, 255, 255, 255, 255, 255, 255, 255, 255, 255, 255, 255, 255, 255, 255, 255, 255, 255, 253, 239, 218, 189, 161, 130, 100,  71,  47,  29,  15,   7,   2,   1,   0,   0,   0,   0,   0,   0,   0,   0,   0,
      0,   0,   8,  37,  87, 152, 224, 255, 255, 255, 255, 255, 255, 255, 255, 255, 255, 255, 255, 255, 255, 255, 253, 239, 216, 187, 159, 128,  98,  70,  46,  28,  15,   6,   2,   0,   0,   0,   0,   0,   0,   0,   0,   0,   0,   0,   0,   0,
      0,   0,   1,   9,  30,  66, 113, 174, 238, 255, 255, 255, 255, 255, 255, 255, 255, 255, 255, 253, 239, 217, 187, 159, 129,  99,  70,  46,  28,  15,   6,   2,   0,   0,   0,   0,   0,   0,   0,   0,   0,   0,   0,   0,   0,   0,   0,   0,
      0,   0,   0,   1,   4,  16,  39,  77, 126, 194, 246, 255, 255, 255, 255, 255, 252, 237, 215, 186, 158, 127,  97,  69,  45,  27,  14,   6,   2,   0,   0,   0,   0,   0,   0,   0,   0,   0,   0,   0,   0,   0,   0,   0,   0,   0,   0,   0,
      0,   0,   0,   0,   0,   1,   6,  20,  47,  89, 140, 207, 235, 240, 232, 212, 184, 156, 125,  95,  67,  44,  26,  14,   6,   2,   0,   0,   0,   0,   0,   0,   0,   0,   0,   0,   0,   0,   0,   0,   0,   0,   0,   0,   0,   0,   0,   0,
      0,   0,   0,   0,   0,   0,   0,   2,   9,  27,  57,  96, 129, 143, 139, 121,  95,  68,  44,  26,  14,   6,   2,   0,   0,   0,   0,   0,   0,   0,   0,   0,   0,   0,   0,   0,   0,   0,   0,   0,   0,   0,   0,   0,   0,   0,   0,   0,
      0,   0,   0,   0,   0,   0,   0,   0,   0,   3,  12,  28,  44,  53,  50,  39,  25,  13,   6,   2,   0,   0,   0,   0,   0,   0,   0,   0,   0,   0,   0,   0,   0,   0,   0,   0,   0,   0,   0,   0,   0,   0,   0,   0,   0,   0,   0,   0,
      0,   0,   0,   0,   0,   0,   0,   0,   0,   0,   0,   2,   5,   7,   6,   4,   1,   0,   0,   0,   0,   0,   0,   0,   0,   0,   0,   0,   0,   0,   0,   0,   0,   0,   0,   0,   0,   0,   0,   0,   0,   0,   0,   0,   0,   0,   0,   0,
      0,   0,   0,   0,   0,   0,   0,   0,   0,   0,   0,   0,   0,   0,   0,   0,   0,   0,   0,   0,   0,   0,   0,   0,   0,   0,   0,   0,   0,   0,   0,   0,   0,   0,   0,   0,   0,   0,   0,   0,   0,   0,   0,   0,   0,   0,   0,   0,
      0,   0,   0,   0,   0,   0,   0,   0,   0,   0,   0,   0,   0,   0,   0,   0,   0,   0,   0,   0,   0,   0,   0,   0,   0,   0,   0,   0,   0,   0,   0,   0,   0,   0,   0,   0,   0,   0,   0,   0,   0,   0,   0,   0,   0,   0,   0,   0,
};

/* FLASH - SmartScreen.png. The only real lightning bolt in the set. */
static const uint16_t XP_FLASH_RGB[48 * 48] = {
    0x0000, 0x0000, 0x0000, 0x0000, 0x0000, 0x0000, 0x0000, 0x0000, 0x0000, 0x0000, 0x0000, 0x0000, 0x0000, 0x0000, 0x0000, 0x0000, 0x0000, 0x0000, 0x0000, 0x0000, 0x296a, 0x296a, 0x296a, 0x296a, 0x296a, 0x296a, 0x296a, 0x296a, 0x0000, 0x0000, 0x0000, 0x0000, 0x0000, 0x0000, 0x0000, 0x0000, 0x0000, 0x0000, 0x0000, 0x0000, 0x0000, 0x0000, 0x0000, 0x0000, 0x0000, 0x0000, 0x0000, 0x0000,
    0x0000, 0x0000, 0x0000, 0x0000, 0x0000, 0x0000, 0x0000, 0x0000, 0x0000, 0x0000, 0x0000, 0x0000, 0x0000, 0x0000, 0x0000, 0x0000, 0x0000, 0x0000, 0x0000, 0x296a, 0x296a, 0x4a8e, 0xa536, 0xce7a, 0xce7a, 0xa557, 0x528e, 0x296a, 0x296a, 0x0000, 0x0000, 0x0000, 0x0000, 0x0000, 0x0000, 0x0000, 0x0000, 0x0000, 0x0000, 0x0000, 0x0000, 0x0000, 0x0000, 0x0000, 0x0000, 0x0000, 0x0000, 0x0000,
    0x0000, 0x0000, 0x0000, 0x0000, 0x0000, 0x0000, 0x0000, 0x0000, 0x0000, 0x0000, 0x0000, 0x0000, 0x0000, 0x0000, 0x0000, 0x0000, 0x0000, 0x0000, 0x296a, 0x318b, 0x9d16, 0xf7be, 0xf7bf, 0xf7bf, 0xf7bf, 0xf7bf, 0xf7be, 0xa536, 0x31ab, 0x296a, 0x0000, 0x0000, 0x0000, 0x0000, 0x0000, 0x0000, 0x0000, 0x0000, 0x0000, 0x0000, 0x0000, 0x0000, 0x0000, 0x0000, 0x0000, 0x0000, 0x0000, 0x0000,
    0x0000, 0x0000, 0x0000, 0x0000, 0x0000, 0x0000, 0x0000, 0x0000, 0x0000, 0x0000, 0x0000, 0x0000, 0x0000, 0x0000, 0x0000, 0x0000, 0x294a, 0x294a, 0x424d, 0xce9b, 0xef5e, 0xa579, 0xadba, 0xf7bf, 0xf7bf, 0xbdfa, 0xa559, 0xef5e, 0xd6bb, 0x4a6d, 0x294a, 0x294a, 0x0000, 0x0000, 0x0000, 0x0000, 0x0000, 0x0000, 0x0000, 0x0000, 0x0000, 0x0000, 0x0000, 0x0000, 0x0000, 0x0000, 0x0000, 0x0000,
    0x0000, 0x0000, 0x0000, 0x0000, 0x0000, 0x0000, 0x0000, 0x0000, 0x0000, 0x0000, 0x0000, 0x0000, 0x0000, 0x0000, 0x0000, 0x294a, 0x294a, 0x6330, 0xe73d, 0xe73d, 0x94b7, 0x8456, 0xad99, 0xef9e, 0xef9e, 0xb5da, 0x8456, 0x8cb7, 0xdf1d, 0xe73d, 0x6b51, 0x294a, 0x294a, 0x0000, 0x0000, 0x0000, 0x0000, 0x0000, 0x0000, 0x0000, 0x0000, 0x0000, 0x0000, 0x0000, 0x0000, 0x0000, 0x0000, 0x0000,
    0x0000, 0x0000, 0x0000, 0x0000, 0x0000, 0x0000, 0x0000, 0x0000, 0x0000, 0x0000, 0x0000, 0x0000, 0x0000, 0x0000, 0x294a, 0x298b, 0x94b5, 0xef7e, 0xd6bc, 0x8c97, 0x94b6, 0xc659, 0xb5b9, 0xef7e, 0xef7e, 0xbdfa, 0xc659, 0x94b6, 0x8c97, 0xd6bc, 0xef7e, 0x9cf6, 0x318b, 0x294a, 0x294a, 0x0000, 0x0000, 0x0000, 0x0000, 0x0000, 0x0000, 0x0000, 0x0000, 0x0000, 0x0000, 0x0000, 0x0000, 0x0000,
    0x0000, 0x0000, 0x0000, 0x0000, 0x0000, 0x0000, 0x0000, 0x0000, 0x0000, 0x0000, 0x0000, 0x0000, 0x294a, 0x294a, 0x4a6d, 0xc65b, 0xe75e, 0xbdfb, 0x8477, 0x94f7, 0xd6db, 0xef7e, 0xbdfa, 0xef5e, 0xef5e, 0xbe3b, 0xe77d, 0xd6db, 0x9cf7, 0x8476, 0xbdfa, 0xe75e, 0xc65b, 0x4a6e, 0x294a, 0x294a, 0x0000, 0x0000, 0x0000, 0x0000, 0x0000, 0x0000, 0x0000, 0x0000, 0x0000, 0x0000, 0x0000, 0x0000,
    0x0000, 0x0000, 0x0000, 0x0000, 0x0000, 0x0000, 0x0000, 0x0000, 0x0000, 0x0000, 0x214a, 0x214a, 0x298b, 0x8434, 0xdf1d, 0xd6dd, 0x9d38, 0x8476, 0xa557, 0xdf1c, 0xef7e, 0xef7e, 0xbe3a, 0xe75e, 0xe75e, 0xc65b, 0xef7e, 0xef7e, 0xdf1c, 0xa557, 0x8476, 0x9d18, 0xd6dd, 0xdf1e, 0x8454, 0x298b, 0x214a, 0x214a, 0x0000, 0x0000, 0x0000, 0x0000, 0x0000, 0x0000, 0x0000, 0x0000, 0x0000, 0x0000,
    0x0000, 0x0000, 0x0000, 0x0000, 0x0000, 0x0000, 0x214a, 0x214a, 0x214a, 0x214a, 0x31cb, 0x7bf3, 0xce7c, 0xdf1e, 0xb5da, 0x8c97, 0x94b7, 0xbe19, 0xe75d, 0xef7e, 0xef7e, 0xef7e, 0xc65b, 0xdf3e, 0xdf3e, 0xce7b, 0xef7e, 0xef7e, 0xe77e, 0xdf3c, 0xbdf8, 0x94b6, 0x8c97, 0xb5da, 0xdefd, 0xce9c, 0x7bf3, 0x31cc, 0x214a, 0x214a, 0x214a, 0x214a, 0x0000, 0x0000, 0x0000, 0x0000, 0x0000, 0x0000,
    0x0000, 0x0000, 0x0000, 0x0000, 0x214a, 0x214a, 0x298b, 0x4a6e, 0x73d2, 0xa578, 0xd6fd, 0xd6bd, 0xb5ba, 0x94b7, 0x8cb7, 0xad77, 0xd6db, 0xe77d, 0xef7e, 0xef7e, 0xef7e, 0xef7e, 0xce9b, 0xdf1e, 0xdf1e, 0xcebb, 0xef7e, 0xef7e, 0xe77e, 0xe75d, 0xe73d, 0xceba, 0xa557, 0x8cb7, 0x8cb7, 0xb5ba, 0xd6bd, 0xd6fd, 0xad78, 0x73d3, 0x4a8e, 0x298b, 0x214a, 0x214a, 0x0000, 0x0000, 0x0000, 0x0000,
    0x0000, 0x0000, 0x0000, 0x0000, 0x214a, 0x31cb, 0xd6fe, 0xc67c, 0xbe1b, 0xadba, 0x9d18, 0x8cb7, 0x94d7, 0xa557, 0xce9a, 0xe75d, 0xe77e, 0xef7e, 0xef7e, 0xef7e, 0xef7e, 0xef7e, 0xdefc, 0xd6dd, 0xd6fe, 0xdefc, 0xef7e, 0xef7e, 0xe77e, 0xe75d, 0xe75d, 0xdf3d, 0xdefc, 0xc639, 0x9d36, 0x8cb6, 0x8cb7, 0x9d18, 0xadba, 0xbe1b, 0xc65c, 0xd6fe, 0x31cc, 0x214a, 0x0000, 0x0000, 0x0000, 0x0000,
    0x0000, 0x0000, 0x0000, 0x0000, 0x214a, 0x31cb, 0xd6de, 0x94d7, 0x94f7, 0xa537, 0xad98, 0xbe39, 0xd6db, 0xe75d, 0xe77e, 0xe77e, 0xe77e, 0xef7e, 0xef7e, 0xef7e, 0xef7e, 0xef7e, 0xe75d, 0xce9c, 0xcebc, 0xe75d, 0xef7e, 0xef7e, 0xe77e, 0xe75d, 0xe73d, 0xdf3d, 0xdf1c, 0xdefc, 0xd6db, 0xc659, 0xad97, 0x9d16, 0x94d5, 0x94b6, 0x94b7, 0xd6bd, 0x31cc, 0x214a, 0x0000, 0x0000, 0x0000, 0x0000,
    0x0000, 0x0000, 0x0000, 0x0000, 0x214a, 0x31cb, 0xcebd, 0x94d8, 0xc65a, 0xe75d, 0xe77d, 0xef7e, 0xef7e, 0xef7e, 0xef7e, 0xef7e, 0xef7e, 0xef7e, 0xef7e, 0xef7e, 0xef7e, 0xef7e, 0xef7e, 0xcebb, 0xcebb, 0xef7e, 0xef7e, 0xef7e, 0xe77d, 0xe75d, 0xe73d, 0xdf3d, 0xdf1c, 0xdefc, 0xd6fb, 0xd6db, 0xd6bb, 0xce9a, 0xc659, 0xad97, 0x94d8, 0xce9d, 0x31cb, 0x214a, 0x0000, 0x0000, 0x0000, 0x0000,
    0x0000, 0x0000, 0x0000, 0x0000, 0x214a, 0x31ab, 0xc69d, 0x94f8, 0xce9b, 0xef7e, 0xef7e, 0xef7e, 0xef7e, 0xef7e, 0xef7e, 0xef7e, 0xef7e, 0xef7e, 0xef7e, 0xef7e, 0xef7e, 0xef7e, 0xef7e, 0xe75d, 0xe75d, 0xef7e, 0xef7e, 0xef7e, 0xe77d, 0xe75d, 0xe73d, 0xdf3c, 0xdf1c, 0xdefc, 0xd6db, 0xd6db, 0xcebb, 0xce9a, 0xce7a, 0xb5d8, 0x94f8, 0xc67d, 0x31cb, 0x214a, 0x0000, 0x0000, 0x0000, 0x0000,
    0x0000, 0x0000, 0x0000, 0x0000, 0x214a, 0x31ab, 0xc67d, 0x9cf8, 0xce9b, 0xef7e, 0xef7e, 0xef7e, 0xef7e, 0xef7e, 0xef7e, 0xef7e, 0xef7e, 0xef7e, 0xef7e, 0xef7e, 0xef7e, 0x8d3c, 0x5c3c, 0x645c, 0x645c, 0x645c, 0x645c, 0x5c5c, 0x5c5c, 0x53db, 0xc69c, 0xdf3c, 0xdf1c, 0xdefc, 0xd6db, 0xd6bb, 0xceba, 0xce9a, 0xce7a, 0xb5d8, 0x9cf8, 0xc65d, 0x31ab, 0x214a, 0x0000, 0x0000, 0x0000, 0x0000,
    0x0000, 0x0000, 0x0000, 0x0000, 0x214a, 0x31ab, 0xc65d, 0x9d18, 0xce9b, 0xef7e, 0xef7e, 0xef7e, 0xef7e, 0xef7e, 0xef7e, 0xef7e, 0xef7e, 0xef7e, 0xef7e, 0xef7e, 0xe75e, 0x5c5d, 0x64de, 0x6cfe, 0x6cfe, 0x6cfe, 0x64fe, 0x64fe, 0x5cbe, 0x74dc, 0xdf3d, 0xdf1c, 0xdf1c, 0xd6fc, 0xd6db, 0xd6bb, 0xce9a, 0xce9a, 0xc679, 0xb5d8, 0x9d18, 0xc65d, 0x31ab, 0x214a, 0x0000, 0x0000, 0x0000, 0x0000,
    0x0000, 0x0000, 0x0000, 0x0000, 0x214a, 0x298a, 0xbe5d, 0xa539, 0xce7b, 0xef7e, 0xef7e, 0xef7e, 0xef7e, 0xef7e, 0xef7e, 0xef7e, 0xef7e, 0xef7e, 0xef7e, 0xef7e, 0xb63d, 0x5c9d, 0x6d1e, 0x6d1e, 0x6d1e, 0x6d1e, 0x6d1e, 0x64fe, 0x547d, 0xb63c, 0xdf3c, 0xdf1c, 0xdefc, 0xd6fb, 0xd6db, 0xd6bb, 0xce9a, 0xce7a, 0xc659, 0xb5b8, 0x9d39, 0xbe5d, 0x298b, 0x2149, 0x0000, 0x0000, 0x0000, 0x0000,
    0x0000, 0x0000, 0x0000, 0x0000, 0x2129, 0x214a, 0xbe3d, 0xa579, 0xc65b, 0xef7e, 0xef7e, 0xef7e, 0xef7e, 0xef7e, 0xef7e, 0xef7e, 0xef7e, 0xef7e, 0xef7e, 0xef7e, 0x7d1d, 0x64de, 0x6d1e, 0x6d1e, 0x6d1e, 0x6d1e, 0x651e, 0x64de, 0x6c9c, 0xdf3d, 0xdf1c, 0xdf1c, 0xdefc, 0xd6db, 0xd6bb, 0xceba, 0xce9a, 0xce7a, 0xc659, 0xb5b8, 0xa559, 0xbe3d, 0x214a, 0x2129, 0x0000, 0x0000, 0x0000, 0x0000,
    0x0000, 0x0000, 0x0000, 0x0000, 0x0000, 0x2129, 0xaddb, 0xad9a, 0xbe3a, 0xef7e, 0xef7e, 0xef7e, 0xef7e, 0xef7e, 0xef7e, 0xef7e, 0xef7e, 0xef7e, 0xef7e, 0xdf3e, 0x5c5d, 0x6cfe, 0x6d1e, 0x6d1e, 0x6d1e, 0x651e, 0x64fe, 0x545d, 0xadfc, 0xdf3c, 0xdf1c, 0xdefc, 0xd6fb, 0xd6db, 0xd6bb, 0xce9a, 0xce7a, 0xce79, 0xc659, 0xad98, 0xad9a, 0xaddc, 0x2129, 0x0000, 0x0000, 0x0000, 0x0000, 0x0000,
    0x0000, 0x0000, 0x0000, 0x0000, 0x0000, 0x2129, 0x9d39, 0xadba, 0xbdfa, 0xef7e, 0xef7e, 0xef7e, 0xef7e, 0xef7e, 0xef7e, 0xef7e, 0xef7e, 0xef7e, 0xef7e, 0xa5dd, 0x64be, 0x6d1e, 0x6d1e, 0x6d1e, 0x651e, 0x64fe, 0x5cbe, 0x5c3c, 0xdf1d, 0xdf1c, 0xdf1c, 0xdefc, 0xd6db, 0xd6db, 0xcebb, 0xce9a, 0xce7a, 0xc659, 0xc659, 0xad98, 0xadba, 0x9d59, 0x2129, 0x0000, 0x0000, 0x0000, 0x0000, 0x0000,
    0x0000, 0x0000, 0x0000, 0x0000, 0x0000, 0x2129, 0x8476, 0xaddb, 0xb5da, 0xef7e, 0xef7e, 0xef7e, 0xef7e, 0xef7e, 0xef7e, 0xef7e, 0xef7e, 0xef7e, 0xef7e, 0x6cbd, 0x64fe, 0x6d1e, 0x6d1e, 0x651e, 0x64fe, 0x64de, 0x545d, 0xa5bc, 0xdf1c, 0xdf1c, 0xdefc, 0xd6fb, 0xd6db, 0xd6bb, 0xce9a, 0xce9a, 0xce7a, 0xc659, 0xc639, 0xad99, 0xadbb, 0x8497, 0x2129, 0x0000, 0x0000, 0x0000, 0x0000, 0x0000,
    0x0000, 0x0000, 0x0000, 0x0000, 0x0000, 0x2129, 0x6bb3, 0xaddb, 0xb5ba, 0xe75d, 0xef7e, 0xef7e, 0xef7e, 0xef7e, 0xef7e, 0xef7e, 0xef7e, 0xef7e, 0xcebd, 0x5c5d, 0x6d1e, 0x6d1e, 0x6d1e, 0x651e, 0x64fe, 0x5cbd, 0x4c1c, 0x84fb, 0x7cba, 0x7c7a, 0x7459, 0x7439, 0x7439, 0x6c18, 0x94f9, 0xce7a, 0xc659, 0xc659, 0xbe18, 0xad99, 0xaddb, 0x6bb3, 0x2129, 0x0000, 0x0000, 0x0000, 0x0000, 0x0000,
    0x0000, 0x0000, 0x0000, 0x0000, 0x0000, 0x2129, 0x52af, 0xaddc, 0xb5ba, 0xd6fc, 0xe77e, 0xe77e, 0xef7e, 0xef7e, 0xef7e, 0xef7e, 0xef7e, 0xef7e, 0x8d5d, 0x64be, 0x6d1e, 0x6d1e, 0x651e, 0x64fe, 0x5cbe, 0x547d, 0x4bfc, 0x3b7b, 0x32fa, 0x2a99, 0x2259, 0x2259, 0x2238, 0x3ad8, 0xbe3a, 0xc679, 0xc659, 0xc639, 0xbdf8, 0xb5ba, 0xaddc, 0x52d0, 0x2129, 0x0000, 0x0000, 0x0000, 0x0000, 0x0000,
    0x0000, 0x0000, 0x0000, 0x0000, 0x0000, 0x2129, 0x31ab, 0xaddc, 0xb5da, 0xce9b, 0xe75d, 0xe75d, 0xe75d, 0xe77d, 0xe77d, 0xe77d, 0xe77d, 0xe75d, 0x5c5d, 0x64fe, 0x6d1e, 0x651e, 0x64fe, 0x5cde, 0x547d, 0x4c1c, 0x43bc, 0x3b3b, 0x32da, 0x2a9a, 0x2279, 0x2259, 0x42f8, 0xbe3a, 0xce7a, 0xc659, 0xc659, 0xc639, 0xb5f9, 0xb5da, 0xaddc, 0x31cc, 0x2129, 0x0000, 0x0000, 0x0000, 0x0000, 0x0000,
    0x0000, 0x0000, 0x0000, 0x0000, 0x0000, 0x0000, 0x2129, 0x9d19, 0xb5db, 0xc63b, 0xe73d, 0xe75d, 0xe75d, 0xe75d, 0xe75d, 0xe75d, 0xe75d, 0xae1c, 0x543d, 0x64be, 0x64be, 0x5cbd, 0x5c9d, 0x547d, 0x543d, 0x43dc, 0x3b5b, 0x32fa, 0x2a9a, 0x2279, 0x2259, 0x3ad8, 0xbe3a, 0xce7a, 0xc659, 0xc659, 0xc639, 0xbe18, 0xb5d9, 0xb5db, 0x9d5a, 0x2129, 0x0000, 0x0000, 0x0000, 0x0000, 0x0000, 0x0000,
    0x0000, 0x0000, 0x0000, 0x0000, 0x0000, 0x0000, 0x2129, 0x73d4, 0xb5db, 0xbe1b, 0xdf1c, 0xe73d, 0xe73d, 0xe73d, 0xe73d, 0xe73d, 0xe73d, 0xbe5c, 0xa5dc, 0xadfc, 0xa5fc, 0xa5dc, 0xa5dc, 0x6c9c, 0x43dc, 0x3b7b, 0x331a, 0x2aba, 0x2279, 0x2259, 0x3ab8, 0xbe1a, 0xce7a, 0xc679, 0xc659, 0xc639, 0xc638, 0xbe18, 0xbdfa, 0xb5db, 0x7c14, 0x2129, 0x0000, 0x0000, 0x0000, 0x0000, 0x0000, 0x0000,
    0x0000, 0x0000, 0x0000, 0x0000, 0x0000, 0x0000, 0x2129, 0x4a6e, 0xaddb, 0xbe1b, 0xd6bb, 0xdf1c, 0xdf3c, 0xdf3c, 0xdf3c, 0xdf3c, 0xdf3c, 0xdf3c, 0xdf1c, 0xdf1c, 0xdf1c, 0xdf1c, 0xd6fc, 0x4b9b, 0x3b7b, 0x331b, 0x2aba, 0x2279, 0x2259, 0x3ab8, 0xbe1a, 0xce7a, 0xc679, 0xc659, 0xc639, 0xc639, 0xbe18, 0xbdf8, 0xbe1b, 0xaddb, 0x4aaf, 0x2129, 0x0000, 0x0000, 0x0000, 0x0000, 0x0000, 0x0000,
    0x0000, 0x0000, 0x0000, 0x0000, 0x0000, 0x0000, 0x2129, 0x2129, 0xa57a, 0xbe1b, 0xc67b, 0xdf1c, 0xdf1c, 0xdf1c, 0xdf1c, 0xdf1c, 0xdf1c, 0xdf1c, 0xdf1c, 0xdf1c, 0xdefc, 0xdefc, 0xa5bb, 0x3b3a, 0x333b, 0x2ada, 0x2a99, 0x2259, 0x3298, 0xb5fa, 0xce7a, 0xc679, 0xc659, 0xc639, 0xc639, 0xbe18, 0xbe18, 0xbe1a, 0xbe1b, 0xa59a, 0x214a, 0x2129, 0x0000, 0x0000, 0x0000, 0x0000, 0x0000, 0x0000,
    0x0000, 0x0000, 0x0000, 0x0000, 0x0000, 0x0000, 0x0000, 0x2109, 0x73f4, 0xb5fb, 0xc65b, 0xd6db, 0xdefc, 0xdefc, 0xdefc, 0xdefc, 0xdefc, 0xdefc, 0xdefc, 0xd6fc, 0xd6fb, 0xd6db, 0x641a, 0x331a, 0x32da, 0x2a9a, 0x2259, 0x3298, 0xb5da, 0xce7a, 0xc659, 0xc659, 0xc639, 0xc639, 0xbe18, 0xbe18, 0xbdf8, 0xc65b, 0xb5fb, 0x7c14, 0x2109, 0x0000, 0x0000, 0x0000, 0x0000, 0x0000, 0x0000, 0x0000,
    0x0000, 0x0000, 0x0000, 0x0000, 0x0000, 0x0000, 0x0000, 0x2109, 0x3a2d, 0xadda, 0xc65b, 0xce9b, 0xd6db, 0xd6db, 0xd6db, 0xd6db, 0xd6db, 0xd6db, 0xd6db, 0xd6db, 0xd6db, 0xc67b, 0x32da, 0x32fa, 0x2a9a, 0x2279, 0x3298, 0xb5d9, 0xce7a, 0xc659, 0xc659, 0xc639, 0xc639, 0xbe18, 0xbe18, 0xbdf8, 0xbe19, 0xc65c, 0xadda, 0x422d, 0x2109, 0x0000, 0x0000, 0x0000, 0x0000, 0x0000, 0x0000, 0x0000,
    0x0000, 0x0000, 0x0000, 0x0000, 0x0000, 0x0000, 0x0000, 0x2109, 0x2109, 0x8cb6, 0xbe3b, 0xce7c, 0xd6bb, 0xd6db, 0xd6db, 0xd6db, 0xd6db, 0xd6bb, 0xd6bb, 0xd6bb, 0xd6bb, 0x84da, 0x2aba, 0x2aba, 0x2279, 0x2a78, 0xadb9, 0xc679, 0xc659, 0xc659, 0xc639, 0xc638, 0xbe18, 0xbe18, 0xbdf8, 0xbdf8, 0xce7b, 0xbe3b, 0x8cd6, 0x2109, 0x2109, 0x0000, 0x0000, 0x0000, 0x0000, 0x0000, 0x0000, 0x0000,
    0x0000, 0x0000, 0x0000, 0x0000, 0x0000, 0x0000, 0x0000, 0x0000, 0x1909, 0x4aae, 0xb5da, 0xce9c, 0xce9b, 0xceba, 0xceba, 0xceba, 0xceba, 0xceba, 0xce9a, 0xce9a, 0xce9a, 0x4339, 0x2a9a, 0x2279, 0x2a78, 0xad99, 0xc659, 0xc659, 0xc639, 0xc639, 0xbe38, 0xbe18, 0xbe18, 0xbdf8, 0xbdf8, 0xbe19, 0xce9c, 0xb5fa, 0x52cf, 0x1909, 0x0000, 0x0000, 0x0000, 0x0000, 0x0000, 0x0000, 0x0000, 0x0000,
    0x0000, 0x0000, 0x0000, 0x0000, 0x0000, 0x0000, 0x0000, 0x0000, 0x1909, 0x2129, 0x9d17, 0xc65b, 0xd69c, 0xce7a, 0xce9a, 0xce9a, 0xce9a, 0xce9a, 0xce9a, 0xce7a, 0xadb9, 0x2279, 0x2279, 0x2a78, 0xa579, 0xc659, 0xc639, 0xc639, 0xc639, 0xbe18, 0xbe18, 0xbe18, 0xbdf8, 0xbdf8, 0xbdf7, 0xce9b, 0xc65b, 0x9d38, 0x2129, 0x1909, 0x0000, 0x0000, 0x0000, 0x0000, 0x0000, 0x0000, 0x0000, 0x0000,
    0x0000, 0x0000, 0x0000, 0x0000, 0x0000, 0x0000, 0x0000, 0x0000, 0x0000, 0x1909, 0x4aae, 0xb5fa, 0xd6bc, 0xce9b, 0xce7a, 0xce7a, 0xce7a, 0xce7a, 0xce79, 0xc679, 0x6c19, 0x2259, 0x2a58, 0xa559, 0xc639, 0xc639, 0xc639, 0xbe18, 0xbe18, 0xbe18, 0xbdf8, 0xbdf8, 0xbdf8, 0xbdf7, 0xc65a, 0xd6bc, 0xb5da, 0x52cf, 0x1909, 0x0000, 0x0000, 0x0000, 0x0000, 0x0000, 0x0000, 0x0000, 0x0000, 0x0000,
    0x0000, 0x0000, 0x0000, 0x0000, 0x0000, 0x0000, 0x0000, 0x0000, 0x0000, 0x1908, 0x1909, 0x94d6, 0xc65b, 0xd6dd, 0xce7a, 0xc659, 0xc659, 0xc659, 0xc659, 0xc639, 0x3278, 0x2238, 0x9d38, 0xc639, 0xc638, 0xbe18, 0xbe18, 0xbe18, 0xbe18, 0xbdf8, 0xbdf8, 0xbdf8, 0xbdf7, 0xbe18, 0xd6dd, 0xc65b, 0x94f6, 0x2109, 0x1908, 0x0000, 0x0000, 0x0000, 0x0000, 0x0000, 0x0000, 0x0000, 0x0000, 0x0000,
    0x0000, 0x0000, 0x0000, 0x0000, 0x0000, 0x0000, 0x0000, 0x0000, 0x0000, 0x0000, 0x1908, 0x422c, 0xb5d9, 0xd6bc, 0xd6dc, 0xc659, 0xc639, 0xc639, 0xc639, 0x94f8, 0x2217, 0x9d18, 0xbe18, 0xbe18, 0xbe18, 0xbe18, 0xbe18, 0xbdf8, 0xbdf8, 0xbdf8, 0xbdf7, 0xbdf7, 0xbdf8, 0xd6dc, 0xd6dc, 0xadb9, 0x422c, 0x1908, 0x0000, 0x0000, 0x0000, 0x0000, 0x0000, 0x0000, 0x0000, 0x0000, 0x0000, 0x0000,
    0x0000, 0x0000, 0x0000, 0x0000, 0x0000, 0x0000, 0x0000, 0x0000, 0x0000, 0x0000, 0x1908, 0x1908, 0x7bf3, 0xbe1a, 0xdefd, 0xd6dc, 0xc639, 0xbe18, 0xbe18, 0x5337, 0x94f8, 0xbe18, 0xbe18, 0xbe18, 0xbdf8, 0xbdf8, 0xbdf8, 0xbdf8, 0xbdf7, 0xbdf7, 0xbdf7, 0xbdf8, 0xd6bc, 0xdefd, 0xb5f9, 0x7c12, 0x1908, 0x1908, 0x0000, 0x0000, 0x0000, 0x0000, 0x0000, 0x0000, 0x0000, 0x0000, 0x0000, 0x0000,
    0x0000, 0x0000, 0x0000, 0x0000, 0x0000, 0x0000, 0x0000, 0x0000, 0x0000, 0x0000, 0x0000, 0x1908, 0x294a, 0xa557, 0xc65a, 0xdf1d, 0xd6dc, 0xbe18, 0xb5d8, 0x8cb7, 0xbe18, 0xbdf8, 0xbdf8, 0xbdf8, 0xbdf8, 0xbdf8, 0xbdf7, 0xbdf7, 0xbdf7, 0xbdf7, 0xbdf8, 0xd6bc, 0xdf1d, 0xc63a, 0xa557, 0x296a, 0x1908, 0x0000, 0x0000, 0x0000, 0x0000, 0x0000, 0x0000, 0x0000, 0x0000, 0x0000, 0x0000, 0x0000,
    0x0000, 0x0000, 0x0000, 0x0000, 0x0000, 0x0000, 0x0000, 0x0000, 0x0000, 0x0000, 0x0000, 0x0000, 0x1908, 0x4a6d, 0xb5b8, 0xce7b, 0xe71d, 0xdefc, 0xbe18, 0xbdf8, 0xbdf8, 0xbdf8, 0xbdf8, 0xbdf7, 0xbdf7, 0xbdf7, 0xbdf7, 0xbdf7, 0xbdf7, 0xbe18, 0xdefc, 0xe71d, 0xc65a, 0xad77, 0x4a8d, 0x1908, 0x0000, 0x0000, 0x0000, 0x0000, 0x0000, 0x0000, 0x0000, 0x0000, 0x0000, 0x0000, 0x0000, 0x0000,
    0x0000, 0x0000, 0x0000, 0x0000, 0x0000, 0x0000, 0x0000, 0x0000, 0x0000, 0x0000, 0x0000, 0x0000, 0x1908, 0x1908, 0x73b1, 0xb5d8, 0xce7b, 0xe73e, 0xe71d, 0xce5a, 0xbdf7, 0xbdf7, 0xbdf7, 0xbdf7, 0xbdf7, 0xbdf7, 0xbdf7, 0xbdf7, 0xc659, 0xe71d, 0xe73e, 0xc65a, 0xad76, 0x73b1, 0x1908, 0x1908, 0x0000, 0x0000, 0x0000, 0x0000, 0x0000, 0x0000, 0x0000, 0x0000, 0x0000, 0x0000, 0x0000, 0x0000,
    0x0000, 0x0000, 0x0000, 0x0000, 0x0000, 0x0000, 0x0000, 0x0000, 0x0000, 0x0000, 0x0000, 0x0000, 0x0000, 0x1908, 0x2109, 0x8c94, 0xb5d8, 0xc65a, 0xe73e, 0xe73e, 0xdedc, 0xbe18, 0xbdf7, 0xbdf7, 0xbdf7, 0xbdf7, 0xbe18, 0xdedc, 0xe73e, 0xe73d, 0xbdf8, 0xa555, 0x8453, 0x2109, 0x1908, 0x0000, 0x0000, 0x0000, 0x0000, 0x0000, 0x0000, 0x0000, 0x0000, 0x0000, 0x0000, 0x0000, 0x0000, 0x0000,
    0x0000, 0x0000, 0x0000, 0x0000, 0x0000, 0x0000, 0x0000, 0x0000, 0x0000, 0x0000, 0x0000, 0x0000, 0x0000, 0x0000, 0x18e8, 0x2149, 0x94b4, 0xb5d8, 0xbe19, 0xdefd, 0xe75e, 0xe75e, 0xdedc, 0xc659, 0xc659, 0xd6dc, 0xe75e, 0xe75e, 0xdefc, 0xad76, 0xa515, 0x8c73, 0x2149, 0x18e8, 0x0000, 0x0000, 0x0000, 0x0000, 0x0000, 0x0000, 0x0000, 0x0000, 0x0000, 0x0000, 0x0000, 0x0000, 0x0000, 0x0000,
    0x0000, 0x0000, 0x0000, 0x0000, 0x0000, 0x0000, 0x0000, 0x0000, 0x0000, 0x0000, 0x0000, 0x0000, 0x0000, 0x0000, 0x0000, 0x18e8, 0x2129, 0x8c73, 0xb5d7, 0xb5d8, 0xce7a, 0xe73e, 0xef5e, 0xef5e, 0xef5e, 0xef5e, 0xe73d, 0xbe18, 0x9cf4, 0x9d14, 0x7c11, 0x2129, 0x18e8, 0x0000, 0x0000, 0x0000, 0x0000, 0x0000, 0x0000, 0x0000, 0x0000, 0x0000, 0x0000, 0x0000, 0x0000, 0x0000, 0x0000, 0x0000,
    0x0000, 0x0000, 0x0000, 0x0000, 0x0000, 0x0000, 0x0000, 0x0000, 0x0000, 0x0000, 0x0000, 0x0000, 0x0000, 0x0000, 0x0000, 0x0000, 0x18e8, 0x1908, 0x73d1, 0xb5d7, 0xb5d7, 0xbdd8, 0xce9b, 0xe73d, 0xe73d, 0xc619, 0x9cf4, 0x9cd3, 0x9cf4, 0x6b4f, 0x1908, 0x18e8, 0x0000, 0x0000, 0x0000, 0x0000, 0x0000, 0x0000, 0x0000, 0x0000, 0x0000, 0x0000, 0x0000, 0x0000, 0x0000, 0x0000, 0x0000, 0x0000,
    0x0000, 0x0000, 0x0000, 0x0000, 0x0000, 0x0000, 0x0000, 0x0000, 0x0000, 0x0000, 0x0000, 0x0000, 0x0000, 0x0000, 0x0000, 0x0000, 0x0000, 0x18e8, 0x18e8, 0x4a6d, 0xa535, 0xb5d7, 0xb5d7, 0xbdd7, 0x94b3, 0x94b3, 0x94d3, 0x8c72, 0x424c, 0x18e8, 0x18e8, 0x0000, 0x0000, 0x0000, 0x0000, 0x0000, 0x0000, 0x0000, 0x0000, 0x0000, 0x0000, 0x0000, 0x0000, 0x0000, 0x0000, 0x0000, 0x0000, 0x0000,
    0x0000, 0x0000, 0x0000, 0x0000, 0x0000, 0x0000, 0x0000, 0x0000, 0x0000, 0x0000, 0x0000, 0x0000, 0x0000, 0x0000, 0x0000, 0x0000, 0x0000, 0x0000, 0x18e8, 0x18e8, 0x2129, 0x634f, 0xad56, 0xb5d7, 0x94b2, 0x8c72, 0x5acd, 0x2128, 0x18e8, 0x18e8, 0x0000, 0x0000, 0x0000, 0x0000, 0x0000, 0x0000, 0x0000, 0x0000, 0x0000, 0x0000, 0x0000, 0x0000, 0x0000, 0x0000, 0x0000, 0x0000, 0x0000, 0x0000,
    0x0000, 0x0000, 0x0000, 0x0000, 0x0000, 0x0000, 0x0000, 0x0000, 0x0000, 0x0000, 0x0000, 0x0000, 0x0000, 0x0000, 0x0000, 0x0000, 0x0000, 0x0000, 0x0000, 0x0000, 0x18e8, 0x18e8, 0x1908, 0x4a6d, 0x420b, 0x1908, 0x18e8, 0x18e8, 0x0000, 0x0000, 0x0000, 0x0000, 0x0000, 0x0000, 0x0000, 0x0000, 0x0000, 0x0000, 0x0000, 0x0000, 0x0000, 0x0000, 0x0000, 0x0000, 0x0000, 0x0000, 0x0000, 0x0000,
    0x0000, 0x0000, 0x0000, 0x0000, 0x0000, 0x0000, 0x0000, 0x0000, 0x0000, 0x0000, 0x0000, 0x0000, 0x0000, 0x0000, 0x0000, 0x0000, 0x0000, 0x0000, 0x0000, 0x0000, 0x0000, 0x0000, 0x18e8, 0x18e8, 0x18e8, 0x18e8, 0x0000, 0x0000, 0x0000, 0x0000, 0x0000, 0x0000, 0x0000, 0x0000, 0x0000, 0x0000, 0x0000, 0x0000, 0x0000, 0x0000, 0x0000, 0x0000, 0x0000, 0x0000, 0x0000, 0x0000, 0x0000, 0x0000,
};
static const uint8_t XP_FLASH_A[48 * 48] = {
      0,   0,   0,   0,   0,   0,   0,   0,   0,   0,   0,   0,   0,   0,   0,   0,   0,   0,   0,   0,   1,  77, 155, 201, 202, 158,  79,   1,   0,   0,   0,   0,   0,   0,   0,   0,   0,   0,   0,   0,   0,   0,   0,   0,   0,   0,   0,   0,
      0,   0,   0,   0,   0,   0,   0,   0,   0,   0,   0,   0,   0,   0,   0,   0,   0,   0,   0,  33, 196, 255, 255, 255, 255, 255, 255, 200,  39,   0,   0,   0,   0,   0,   0,   0,   0,   0,   0,   0,   0,   0,   0,   0,   0,   0,   0,   0,
      0,   0,   0,   0,   0,   0,   0,   0,   0,   0,   0,   0,   0,   0,   0,   0,   0,   0,  84, 239, 255, 255, 255, 255, 255, 255, 255, 255, 243,  89,   0,   0,   0,   0,   0,   0,   0,   0,   0,   0,   0,   0,   0,   0,   0,   0,   0,   0,
      0,   0,   0,   0,   0,   0,   0,   0,   0,   0,   0,   0,   0,   0,   0,   0,   4, 141, 255, 255, 255, 255, 255, 255, 255, 255, 255, 255, 255, 255, 145,   6,   0,   0,   0,   0,   0,   0,   0,   0,   0,   0,   0,   0,   0,   0,   0,   0,
      0,   0,   0,   0,   0,   0,   0,   0,   0,   0,   0,   0,   0,   0,   0,  27, 192, 255, 255, 255, 255, 255, 255, 255, 255, 255, 255, 255, 255, 255, 255, 199,  30,   0,   0,   0,   0,   0,   0,   0,   0,   0,   0,   0,   0,   0,   0,   0,
      0,   0,   0,   0,   0,   0,   0,   0,   0,   0,   0,   0,   0,   0,  85, 236, 255, 255, 255, 255, 255, 255, 255, 255, 255, 255, 255, 255, 255, 255, 255, 255, 237,  89,   0,   0,   0,   0,   0,   0,   0,   0,   0,   0,   0,   0,   0,   0,
      0,   0,   0,   0,   0,   0,   0,   0,   0,   0,   0,   0,  24, 167, 255, 255, 255, 255, 255, 255, 255, 255, 255, 255, 255, 255, 255, 255, 255, 255, 255, 255, 255, 255, 175,  27,   0,   0,   0,   0,   0,   0,   0,   0,   0,   0,   0,   0,
      0,   0,   0,   0,   0,   0,   0,   0,   0,   0,  23, 131, 243, 255, 255, 255, 255, 255, 255, 255, 255, 255, 255, 255, 255, 255, 255, 255, 255, 255, 255, 255, 255, 255, 255, 243, 134,  26,   0,   0,   0,   0,   0,   0,   0,   0,   0,   0,
      0,   0,   0,   0,   0,   0,  10,  49, 108, 183, 250, 255, 255, 255, 255, 255, 255, 255, 255, 255, 255, 255, 255, 255, 255, 255, 255, 255, 255, 255, 255, 255, 255, 255, 255, 255, 255, 251, 185, 109,  52,  11,   0,   0,   0,   0,   0,   0,
      0,   0,   0,   0,   1, 200, 255, 255, 255, 255, 255, 255, 255, 255, 255, 255, 255, 255, 255, 255, 255, 255, 255, 255, 255, 255, 255, 255, 255, 255, 255, 255, 255, 255, 255, 255, 255, 255, 255, 255, 255, 255, 206,   4,   0,   0,   0,   0,
      0,   0,   0,   0,  13, 255, 255, 255, 255, 255, 255, 255, 255, 255, 255, 255, 255, 255, 255, 255, 255, 255, 255, 255, 255, 255, 255, 255, 255, 255, 255, 255, 255, 255, 255, 255, 255, 255, 255, 255, 255, 255, 255,  25,   0,   0,   0,   0,
      0,   0,   0,   0,  13, 255, 255, 255, 255, 255, 255, 255, 255, 255, 255, 255, 255, 255, 255, 255, 255, 255, 255, 255, 255, 255, 255, 255, 255, 255, 255, 255, 255, 255, 255, 255, 255, 255, 255, 255, 255, 255, 255,  25,   0,   0,   0,   0,
      0,   0,   0,   0,  13, 255, 255, 255, 255, 255, 255, 255, 255, 255, 255, 255, 255, 255, 255, 255, 255, 255, 255, 255, 255, 255, 255, 255, 255, 255, 255, 255, 255, 255, 255, 255, 255, 255, 255, 255, 255, 255, 255,  25,   0,   0,   0,   0,
      0,   0,   0,   0,  13, 255, 255, 255, 255, 255, 255, 255, 255, 255, 255, 255, 255, 255, 255, 255, 255, 255, 255, 255, 255, 255, 255, 255, 255, 255, 255, 255, 255, 255, 255, 255, 255, 255, 255, 255, 255, 255, 255,  25,   0,   0,   0,   0,
      0,   0,   0,   0,  13, 255, 255, 255, 255, 255, 255, 255, 255, 255, 255, 255, 255, 255, 255, 255, 255, 255, 255, 255, 255, 255, 255, 255, 255, 255, 255, 255, 255, 255, 255, 255, 255, 255, 255, 255, 255, 255, 255,  25,   0,   0,   0,   0,
      0,   0,   0,   0,  11, 255, 255, 255, 255, 255, 255, 255, 255, 255, 255, 255, 255, 255, 255, 255, 255, 255, 255, 255, 255, 255, 255, 255, 255, 255, 255, 255, 255, 255, 255, 255, 255, 255, 255, 255, 255, 255, 255,  24,   0,   0,   0,   0,
      0,   0,   0,   0,   3, 255, 255, 255, 255, 255, 255, 255, 255, 255, 255, 255, 255, 255, 255, 255, 255, 255, 255, 255, 255, 255, 255, 255, 255, 255, 255, 255, 255, 255, 255, 255, 255, 255, 255, 255, 255, 255, 255,  15,   0,   0,   0,   0,
      0,   0,   0,   0,   0, 249, 255, 255, 255, 255, 255, 255, 255, 255, 255, 255, 255, 255, 255, 255, 255, 255, 255, 255, 255, 255, 255, 255, 255, 255, 255, 255, 255, 255, 255, 255, 255, 255, 255, 255, 255, 255, 255,   6,   0,   0,   0,   0,
      0,   0,   0,   0,   0, 231, 255, 255, 255, 255, 255, 255, 255, 255, 255, 255, 255, 255, 255, 255, 255, 255, 255, 255, 255, 255, 255, 255, 255, 255, 255, 255, 255, 255, 255, 255, 255, 255, 255, 255, 255, 255, 242,   0,   0,   0,   0,   0,
      0,   0,   0,   0,   0, 204, 255, 255, 255, 255, 255, 255, 255, 255, 255, 255, 255, 255, 255, 255, 255, 255, 255, 255, 255, 255, 255, 255, 255, 255, 255, 255, 255, 255, 255, 255, 255, 255, 255, 255, 255, 255, 214,   0,   0,   0,   0,   0,
      0,   0,   0,   0,   0, 170, 255, 255, 255, 255, 255, 255, 255, 255, 255, 255, 255, 255, 255, 255, 255, 255, 255, 255, 255, 255, 255, 255, 255, 255, 255, 255, 255, 255, 255, 255, 255, 255, 255, 255, 255, 255, 178,   0,   0,   0,   0,   0,
      0,   0,   0,   0,   0, 127, 255, 255, 255, 255, 255, 255, 255, 255, 255, 255, 255, 255, 255, 255, 255, 255, 255, 255, 255, 255, 255, 255, 255, 255, 255, 255, 255, 255, 255, 255, 255, 255, 255, 255, 255, 255, 134,   0,   0,   0,   0,   0,
      0,   0,   0,   0,   0,  80, 255, 255, 255, 255, 255, 255, 255, 255, 255, 255, 255, 255, 255, 255, 255, 255, 255, 255, 255, 255, 255, 255, 255, 255, 255, 255, 255, 255, 255, 255, 255, 255, 255, 255, 255, 255,  84,   0,   0,   0,   0,   0,
      0,   0,   0,   0,   0,  25, 255, 255, 255, 255, 255, 255, 255, 255, 255, 255, 255, 255, 255, 255, 255, 255, 255, 255, 255, 255, 255, 255, 255, 255, 255, 255, 255, 255, 255, 255, 255, 255, 255, 255, 255, 255,  27,   0,   0,   0,   0,   0,
      0,   0,   0,   0,   0,   0, 220, 255, 255, 255, 255, 255, 255, 255, 255, 255, 255, 255, 255, 255, 255, 255, 255, 255, 255, 255, 255, 255, 255, 255, 255, 255, 255, 255, 255, 255, 255, 255, 255, 255, 255, 221,   0,   0,   0,   0,   0,   0,
      0,   0,   0,   0,   0,   0, 153, 255, 255, 255, 255, 255, 255, 255, 255, 255, 255, 255, 255, 255, 255, 255, 255, 255, 255, 255, 255, 255, 255, 255, 255, 255, 255, 255, 255, 255, 255, 255, 255, 255, 255, 158,   0,   0,   0,   0,   0,   0,
      0,   0,   0,   0,   0,   0,  79, 255, 255, 255, 255, 255, 255, 255, 255, 255, 255, 255, 255, 255, 255, 255, 255, 255, 255, 255, 255, 255, 255, 255, 255, 255, 255, 255, 255, 255, 255, 255, 255, 255, 255,  87,   0,   0,   0,   0,   0,   0,
      0,   0,   0,   0,   0,   0,   9, 243, 255, 255, 255, 255, 255, 255, 255, 255, 255, 255, 255, 255, 255, 255, 255, 255, 255, 255, 255, 255, 255, 255, 255, 255, 255, 255, 255, 255, 255, 255, 255, 255, 249,  15,   0,   0,   0,   0,   0,   0,
      0,   0,   0,   0,   0,   0,   0, 165, 255, 255, 255, 255, 255, 255, 255, 255, 255, 255, 255, 255, 255, 255, 255, 255, 255, 255, 255, 255, 255, 255, 255, 255, 255, 255, 255, 255, 255, 255, 255, 255, 177,   0,   0,   0,   0,   0,   0,   0,
      0,   0,   0,   0,   0,   0,   0,  66, 255, 255, 255, 255, 255, 255, 255, 255, 255, 255, 255, 255, 255, 255, 255, 255, 255, 255, 255, 255, 255, 255, 255, 255, 255, 255, 255, 255, 255, 255, 255, 255,  78,   0,   0,   0,   0,   0,   0,   0,
      0,   0,   0,   0,   0,   0,   0,   1, 212, 255, 255, 255, 255, 255, 255, 255, 255, 255, 255, 255, 255, 255, 255, 255, 255, 255, 255, 255, 255, 255, 255, 255, 255, 255, 255, 255, 255, 255, 255, 221,   3,   0,   0,   0,   0,   0,   0,   0,
      0,   0,   0,   0,   0,   0,   0,   0, 107, 255, 255, 255, 255, 255, 255, 255, 255, 255, 255, 255, 255, 255, 255, 255, 255, 255, 255, 255, 255, 255, 255, 255, 255, 255, 255, 255, 255, 255, 255, 112,   0,   0,   0,   0,   0,   0,   0,   0,
      0,   0,   0,   0,   0,   0,   0,   0,  12, 236, 255, 255, 255, 255, 255, 255, 255, 255, 255, 255, 255, 255, 255, 255, 255, 255, 255, 255, 255, 255, 255, 255, 255, 255, 255, 255, 255, 255, 237,  12,   0,   0,   0,   0,   0,   0,   0,   0,
      0,   0,   0,   0,   0,   0,   0,   0,   0, 118, 255, 255, 255, 255, 255, 255, 255, 255, 255, 255, 255, 255, 255, 255, 255, 255, 255, 255, 255, 255, 255, 255, 255, 255, 255, 255, 255, 255, 124,   0,   0,   0,   0,   0,   0,   0,   0,   0,
      0,   0,   0,   0,   0,   0,   0,   0,   0,  10, 227, 255, 255, 255, 255, 255, 255, 255, 255, 255, 255, 255, 255, 255, 255, 255, 255, 255, 255, 255, 255, 255, 255, 255, 255, 255, 255, 234,  14,   0,   0,   0,   0,   0,   0,   0,   0,   0,
      0,   0,   0,   0,   0,   0,   0,   0,   0,   0,  90, 255, 255, 255, 255, 255, 255, 255, 255, 255, 255, 255, 255, 255, 255, 255, 255, 255, 255, 255, 255, 255, 255, 255, 255, 255, 255, 102,   0,   0,   0,   0,   0,   0,   0,   0,   0,   0,
      0,   0,   0,   0,   0,   0,   0,   0,   0,   0,   0, 193, 255, 255, 255, 255, 255, 255, 255, 255, 255, 255, 255, 255, 255, 255, 255, 255, 255, 255, 255, 255, 255, 255, 255, 255, 200,   2,   0,   0,   0,   0,   0,   0,   0,   0,   0,   0,
      0,   0,   0,   0,   0,   0,   0,   0,   0,   0,   0,  46, 250, 255, 255, 255, 255, 255, 255, 255, 255, 255, 255, 255, 255, 255, 255, 255, 255, 255, 255, 255, 255, 255, 255, 250,  48,   0,   0,   0,   0,   0,   0,   0,   0,   0,   0,   0,
      0,   0,   0,   0,   0,   0,   0,   0,   0,   0,   0,   0, 125, 255, 255, 255, 255, 255, 255, 255, 255, 255, 255, 255, 255, 255, 255, 255, 255, 255, 255, 255, 255, 255, 255, 131,   0,   0,   0,   0,   0,   0,   0,   0,   0,   0,   0,   0,
      0,   0,   0,   0,   0,   0,   0,   0,   0,   0,   0,   0,   3, 195, 255, 255, 255, 255, 255, 255, 255, 255, 255, 255, 255, 255, 255, 255, 255, 255, 255, 255, 255, 255, 205,   6,   0,   0,   0,   0,   0,   0,   0,   0,   0,   0,   0,   0,
      0,   0,   0,   0,   0,   0,   0,   0,   0,   0,   0,   0,   0,  30, 235, 255, 255, 255, 255, 255, 255, 255, 255, 255, 255, 255, 255, 255, 255, 255, 255, 255, 255, 239,  37,   0,   0,   0,   0,   0,   0,   0,   0,   0,   0,   0,   0,   0,
      0,   0,   0,   0,   0,   0,   0,   0,   0,   0,   0,   0,   0,   0,  62, 247, 255, 255, 255, 255, 255, 255, 255, 255, 255, 255, 255, 255, 255, 255, 255, 255, 247,  65,   0,   0,   0,   0,   0,   0,   0,   0,   0,   0,   0,   0,   0,   0,
      0,   0,   0,   0,   0,   0,   0,   0,   0,   0,   0,   0,   0,   0,   0,  73, 247, 255, 255, 255, 255, 255, 255, 255, 255, 255, 255, 255, 255, 255, 255, 249,  79,   0,   0,   0,   0,   0,   0,   0,   0,   0,   0,   0,   0,   0,   0,   0,
      0,   0,   0,   0,   0,   0,   0,   0,   0,   0,   0,   0,   0,   0,   0,   0,  59, 233, 255, 255, 255, 255, 255, 255, 255, 255, 255, 255, 255, 255, 237,  67,   0,   0,   0,   0,   0,   0,   0,   0,   0,   0,   0,   0,   0,   0,   0,   0,
      0,   0,   0,   0,   0,   0,   0,   0,   0,   0,   0,   0,   0,   0,   0,   0,   0,  32, 201, 255, 255, 255, 255, 255, 255, 255, 255, 255, 255, 204,  33,   0,   0,   0,   0,   0,   0,   0,   0,   0,   0,   0,   0,   0,   0,   0,   0,   0,
      0,   0,   0,   0,   0,   0,   0,   0,   0,   0,   0,   0,   0,   0,   0,   0,   0,   0,   4, 122, 246, 255, 255, 255, 255, 255, 255, 248, 130,   5,   0,   0,   0,   0,   0,   0,   0,   0,   0,   0,   0,   0,   0,   0,   0,   0,   0,   0,
      0,   0,   0,   0,   0,   0,   0,   0,   0,   0,   0,   0,   0,   0,   0,   0,   0,   0,   0,   0,  30, 151, 243, 255, 255, 245, 154,  32,   0,   0,   0,   0,   0,   0,   0,   0,   0,   0,   0,   0,   0,   0,   0,   0,   0,   0,   0,   0,
      0,   0,   0,   0,   0,   0,   0,   0,   0,   0,   0,   0,   0,   0,   0,   0,   0,   0,   0,   0,   0,   0,  12,  85,  87,  14,   0,   0,   0,   0,   0,   0,   0,   0,   0,   0,   0,   0,   0,   0,   0,   0,   0,   0,   0,   0,   0,   0,
};

/* GALLERY - MyPictures.png. The folder that holds photographs. */
static const uint16_t XP_GALLERY_RGB[48 * 48] = {
    0x0000, 0x0000, 0x0000, 0x0000, 0x0000, 0x0000, 0x0000, 0x0000, 0x0000, 0x0000, 0x0000, 0x0000, 0x0000, 0x0000, 0x0000, 0x0000, 0x0000, 0x0000, 0x0000, 0x0000, 0x0000, 0x0000, 0x0000, 0x94b2, 0x94b2, 0x94b2, 0x0000, 0x0000, 0x0000, 0x0000, 0x0000, 0x0000, 0x0000, 0x0000, 0x0000, 0x0000, 0x0000, 0x0000, 0x0000, 0x0000, 0x0000, 0x0000, 0x0000, 0x0000, 0x0000, 0x0000, 0x0000, 0x0000,
    0x0000, 0x0000, 0x0000, 0x0000, 0x0000, 0x0000, 0x0000, 0x0000, 0x0000, 0x0000, 0x0000, 0x0000, 0x0000, 0x0000, 0x0000, 0x0000, 0x0000, 0x0000, 0x0000, 0x0000, 0x0000, 0x0000, 0x0000, 0x9cf3, 0xe71c, 0xad75, 0x94b2, 0x0000, 0x0000, 0x0000, 0x0000, 0x0000, 0x0000, 0x0000, 0x0000, 0x0000, 0x0000, 0x0000, 0x0000, 0x0000, 0x0000, 0x0000, 0x0000, 0x0000, 0x0000, 0x0000, 0x0000, 0x0000,
    0x0000, 0x0000, 0x0000, 0x0000, 0x0000, 0x0000, 0x0000, 0x0000, 0x0000, 0x0000, 0x0000, 0x0000, 0x0000, 0x0000, 0x0000, 0x0000, 0x0000, 0x0000, 0x0000, 0x0000, 0x0000, 0x0000, 0x94b2, 0xdedb, 0xffff, 0xf7be, 0xad55, 0x94b2, 0x0000, 0x0000, 0x0000, 0x0000, 0x0000, 0x0000, 0x0000, 0x0000, 0x0000, 0x0000, 0x0000, 0x0000, 0x0000, 0x0000, 0x0000, 0x0000, 0x0000, 0x0000, 0x0000, 0x0000,
    0x0000, 0x0000, 0x0000, 0x0000, 0x0000, 0x0000, 0x0000, 0x0000, 0x0000, 0x0000, 0x0000, 0x0000, 0x0000, 0x0000, 0x0000, 0x0000, 0x0000, 0x0000, 0x0000, 0x0000, 0x0000, 0x94b2, 0xc638, 0xffff, 0xbdf8, 0xe73c, 0xf79e, 0xa534, 0x94b2, 0x0000, 0x0000, 0x0000, 0x0000, 0x0000, 0x0000, 0x0000, 0x0000, 0x0000, 0x0000, 0x0000, 0x0000, 0x0000, 0x0000, 0x0000, 0x0000, 0x0000, 0x0000, 0x0000,
    0x0000, 0x0000, 0x0000, 0x0000, 0x0000, 0x0000, 0x0000, 0x0000, 0x0000, 0x0000, 0x0000, 0x0000, 0x0000, 0x0000, 0x0000, 0x0000, 0x0000, 0x0000, 0x0000, 0x0000, 0x94b2, 0xb5b6, 0xffff, 0xce9a, 0x6cfc, 0x8d19, 0xef5d, 0xef7d, 0xa514, 0x94b2, 0x0000, 0x0000, 0x0000, 0x0000, 0x0000, 0x0000, 0x0000, 0x0000, 0x0000, 0x0000, 0x0000, 0x0000, 0x0000, 0x0000, 0x0000, 0x0000, 0x0000, 0x0000,
    0x0000, 0x0000, 0x0000, 0x0000, 0x0000, 0x0000, 0x0000, 0x0000, 0x0000, 0x0000, 0x0000, 0x0000, 0x0000, 0x0000, 0x0000, 0x0000, 0x0000, 0x0000, 0x0000, 0x94b2, 0xad55, 0xf7be, 0xe71c, 0x7d1b, 0x5d1f, 0x651f, 0x9559, 0xef7d, 0xef5d, 0xa514, 0x94b2, 0x0000, 0x0000, 0x0000, 0x0000, 0x0000, 0x0000, 0x0000, 0x0000, 0x0000, 0x0000, 0x0000, 0x0000, 0x0000, 0x0000, 0x0000, 0x0000, 0x0000,
    0x0000, 0x0000, 0x0000, 0x0000, 0x0000, 0x0000, 0x0000, 0x0000, 0x0000, 0x0000, 0x0000, 0x0000, 0x0000, 0x0000, 0x0000, 0x0000, 0x0000, 0x0000, 0x0000, 0x9cf3, 0xef5d, 0xef7d, 0x8d39, 0x5cff, 0x651f, 0x653f, 0x6d3f, 0x9d79, 0xf79e, 0xef5d, 0x9cf3, 0x94b2, 0x0000, 0x0000, 0x0000, 0x0000, 0x0000, 0x0000, 0x0000, 0x0000, 0x0000, 0x0000, 0x0000, 0x0000, 0x0000, 0x0000, 0x0000, 0x0000,
    0x0000, 0x0000, 0x0000, 0x0000, 0x0000, 0x0000, 0x0000, 0x0000, 0x0000, 0x0000, 0x0000, 0x0000, 0x0000, 0x0000, 0x0000, 0x0000, 0x0000, 0x0000, 0x94b2, 0xdedb, 0xf7be, 0xa598, 0x5cff, 0x651f, 0x653f, 0x6d3f, 0x6d5f, 0x757f, 0xadb9, 0xf79e, 0xe71c, 0x9cd3, 0x94b3, 0x0000, 0x0000, 0x0000, 0x0000, 0x0000, 0x0000, 0x0000, 0x0000, 0x0000, 0x0000, 0x0000, 0x0000, 0x0000, 0x0000, 0x0000,
    0x0000, 0x0000, 0x0000, 0x0000, 0x0000, 0x0000, 0x0000, 0x0000, 0x0000, 0x0000, 0x0000, 0x0000, 0x0000, 0x0000, 0x0000, 0x0000, 0x0000, 0x94b2, 0xce59, 0xffdf, 0xbe19, 0x651e, 0x651f, 0x64fe, 0x6499, 0x6c78, 0x6cda, 0x7d7f, 0x859f, 0xb5f9, 0xf7be, 0xdefb, 0x9cd3, 0x94b3, 0x0000, 0x0000, 0x0000, 0x0000, 0x0000, 0x0000, 0x0000, 0x0000, 0x0000, 0x0000, 0x0000, 0x0000, 0x0000, 0x0000,
    0x0000, 0x0000, 0x0000, 0x0000, 0x0000, 0x0000, 0x0000, 0x0000, 0x0000, 0x0000, 0x0000, 0x0000, 0x0000, 0x0000, 0x0000, 0x0000, 0x8c51, 0xb5b6, 0xffdf, 0xd69a, 0x6d1d, 0x5cff, 0x6415, 0x8b8d, 0xb329, 0xba65, 0xa266, 0x7b4d, 0x7d1b, 0x8ddf, 0xbe19, 0xf7be, 0xdedb, 0x94b3, 0x0000, 0x0000, 0x0000, 0x0000, 0x0000, 0x0000, 0x0000, 0x0000, 0x0000, 0x0000, 0x0000, 0x0000, 0x0000, 0x0000,
    0x0000, 0x0000, 0x0000, 0x0000, 0x0000, 0x0000, 0x0000, 0xbca4, 0xbca4, 0xbca4, 0xbca4, 0xbca4, 0xbca4, 0xbca4, 0xbca4, 0x8343, 0x9cf3, 0xf79e, 0xe71c, 0x853c, 0x5cff, 0x6bf3, 0xcdf7, 0xf657, 0xec6d, 0xe263, 0xe1c0, 0xd9c0, 0x8b2b, 0x855c, 0x95ff, 0xc65a, 0xf7be, 0xd69a, 0x94b2, 0x0000, 0x0000, 0x0000, 0x0000, 0x0000, 0x0000, 0x0000, 0x0000, 0x0000, 0x0000, 0x0000, 0x0000, 0x0000,
    0x0000, 0x0000, 0x0000, 0x0000, 0xbca4, 0xbca4, 0xbca4, 0xc4c5, 0xc528, 0xcd8b, 0xd5cd, 0xde30, 0xe693, 0xeed6, 0xeef6, 0xaced, 0xef5d, 0xef5d, 0x959a, 0x5cff, 0x6437, 0xce17, 0xffff, 0xffff, 0xffff, 0xee57, 0xe243, 0xe2e6, 0xe77d, 0x7c53, 0x95ff, 0x9e1e, 0xce7a, 0xf7be, 0xce79, 0x94b2, 0x0000, 0x0000, 0x0000, 0x0000, 0x0000, 0x0000, 0x0000, 0x0000, 0x0000, 0x0000, 0x0000, 0x0000,
    0x0000, 0x0000, 0x0000, 0x0000, 0xbca4, 0xcd49, 0xffbd, 0xffff, 0xffff, 0xfffe, 0xfffd, 0xfffb, 0xffda, 0xffd8, 0xded8, 0xdedb, 0xf79e, 0xadfa, 0x5d1f, 0x64ff, 0x94b3, 0xf699, 0xf6b9, 0xffff, 0xffff, 0xf7ff, 0xee99, 0xee98, 0xe7ff, 0xadd7, 0x8d7b, 0x961f, 0x9e1e, 0xce9a, 0xf7be, 0xce59, 0x94b2, 0x0000, 0x0000, 0x0000, 0x0000, 0x0000, 0x0000, 0x0000, 0x0000, 0x0000, 0x0000, 0x0000,
    0x0000, 0x0000, 0x0000, 0xbca4, 0xbca4, 0xeef6, 0xffda, 0xffb3, 0xffb2, 0xffb2, 0xffb2, 0xffb2, 0xffb2, 0xef32, 0xce58, 0xf79e, 0xc65a, 0x651f, 0x651f, 0x649a, 0xce59, 0xf5b4, 0xed52, 0xf593, 0xf7ff, 0xf7ff, 0xe368, 0xe327, 0xe7ff, 0xcf1c, 0x84d7, 0x9e1f, 0x9e1f, 0xa61e, 0xd6bb, 0xf7be, 0xbdf7, 0x94b2, 0x0000, 0x0000, 0x0000, 0x0000, 0x0000, 0x0000, 0x0000, 0x0000, 0x0000, 0x0000,
    0x0000, 0x0000, 0x0000, 0xbca4, 0xcd6a, 0xffdd, 0xff93, 0xff92, 0xff92, 0xffb2, 0xffb2, 0xffb2, 0xf772, 0xc5f6, 0xf79e, 0xd6bb, 0x753e, 0x5d1f, 0x651f, 0x6436, 0xef5d, 0xf572, 0xec2c, 0xe369, 0xecaf, 0xec6e, 0xe1a0, 0xe1a0, 0xe573, 0xd79e, 0x7c95, 0x9e1f, 0x9e1f, 0x9e1f, 0xae3e, 0xef5d, 0xf7be, 0xbdf7, 0x94b2, 0x0000, 0x0000, 0x0000, 0x0000, 0x0000, 0x0000, 0x0000, 0x0000, 0x0000,
    0x0000, 0x0000, 0xbca4, 0xbca4, 0xf738, 0xffb8, 0xff92, 0xff92, 0xff92, 0xff92, 0xff92, 0xffb2, 0xbdd3, 0xef7d, 0xe73c, 0x857d, 0x5d1f, 0x651f, 0x653f, 0x6c35, 0xf79e, 0xfe98, 0xe307, 0xe284, 0xec6d, 0xed52, 0xe1a0, 0xe1a0, 0xe2a5, 0xd75d, 0x84b6, 0x9e1f, 0x9e1f, 0x9e1f, 0xdf5f, 0xf79e, 0xef7d, 0xf7be, 0xbdd7, 0x94b2, 0x0000, 0x0000, 0x0000, 0x0000, 0x0000, 0x0000, 0x0000, 0x0000,
    0x0000, 0x0000, 0xbca4, 0xd5ac, 0xffdc, 0xff92, 0xff92, 0xff92, 0xff92, 0xff92, 0xff92, 0xff92, 0xce52, 0xbdf7, 0xe73c, 0xcf1f, 0x653f, 0x653f, 0x6d5f, 0x6c77, 0xe71c, 0xffff, 0xec0c, 0xe347, 0xf7df, 0xf7ff, 0xe4d0, 0xe1a0, 0xe1a0, 0xb5d7, 0x8d5a, 0x9e1f, 0x9e1f, 0xcf1f, 0xf79e, 0xef7d, 0xef7d, 0xef7d, 0xf7be, 0xb596, 0x94b2, 0x0000, 0x0000, 0x0000, 0x0000, 0x0000, 0x0000, 0x0000,
    0x0000, 0x0000, 0xbca4, 0xde2f, 0xffbb, 0xff71, 0xff91, 0xff92, 0xff92, 0xff92, 0xff92, 0xff92, 0xff91, 0xce32, 0xbdf8, 0xe73c, 0xceff, 0x6d5f, 0x6d5f, 0x74fb, 0xbdd7, 0xffff, 0xff1b, 0xf616, 0xf7ff, 0xf7ff, 0xefff, 0xe46e, 0xe1a0, 0x8c31, 0x9e1f, 0x9e1f, 0xbebf, 0xf79e, 0xef7d, 0xef7d, 0xef7d, 0xef7d, 0xef7d, 0xe71d, 0x9cd3, 0x0000, 0x0000, 0x0000, 0x0000, 0x0000, 0x0000, 0x0000,
    0x0000, 0x0000, 0xbca4, 0xd5ee, 0xffbb, 0xff71, 0xff71, 0xff71, 0xff91, 0xff92, 0xff92, 0xff92, 0xff91, 0xff91, 0xc612, 0xc618, 0xe73c, 0xceff, 0x757f, 0x7d9f, 0x7c53, 0xf79d, 0xe306, 0xe201, 0xedb4, 0xf7ff, 0xefff, 0xefff, 0xbc0e, 0x84d7, 0x9e1f, 0xae7f, 0xf79e, 0xef3c, 0xe6f9, 0xde95, 0xd632, 0xd5ef, 0xcd8c, 0xbce8, 0xc4e6, 0xbca4, 0x18c0, 0x0000, 0x0000, 0x0000, 0x0000, 0x0000,
    0x0000, 0x0000, 0xbca4, 0xd5ac, 0xffbc, 0xff71, 0xff71, 0xff71, 0xff71, 0xff91, 0xff92, 0xff92, 0xff92, 0xff71, 0xff71, 0xc5d2, 0xc639, 0xe73d, 0xc6df, 0x7d9f, 0x7d3c, 0x8b4c, 0xd9c0, 0xe1a0, 0xe1a0, 0xe2c5, 0xe4ef, 0xcd50, 0x942b, 0xad71, 0xb52e, 0xc54a, 0xc528, 0xcd69, 0xd5cd, 0xde30, 0xe6b4, 0xef18, 0xf77b, 0xffff, 0xffff, 0xc528, 0x20c0, 0x0000, 0x0000, 0x0000, 0x0000, 0x0000,
    0x0000, 0x0000, 0xbca4, 0xcd6a, 0xff9b, 0xff72, 0xff71, 0xff71, 0xff71, 0xff71, 0xff71, 0xff91, 0xff92, 0xff92, 0xff71, 0xff50, 0xbdd2, 0xc639, 0xef5d, 0xc6df, 0x85df, 0x855c, 0x7b8f, 0xaa86, 0xcbc3, 0xcd29, 0xd5ac, 0xde10, 0xe693, 0xeef7, 0xf75a, 0xffde, 0xffff, 0xffff, 0xf7df, 0xefdf, 0xe7bf, 0xdf9f, 0xf7df, 0xffff, 0xf77b, 0xa403, 0x0000, 0x0000, 0x0000, 0x0000, 0x0000, 0x0000,
    0x0000, 0x0000, 0xbca4, 0xcd48, 0xff9b, 0xff52, 0xff51, 0xff51, 0xff71, 0xff71, 0xff71, 0xff71, 0xff71, 0xff71, 0xff91, 0xff50, 0xff2f, 0xbdb2, 0xce5a, 0xef5d, 0xc6df, 0x8dff, 0x9db8, 0xbd08, 0xef17, 0xffff, 0xf7df, 0xefbf, 0xe79f, 0xe7bf, 0xdf9f, 0xd79f, 0xcf7f, 0xcf7f, 0xcf7f, 0xcf7f, 0xcf5f, 0xdf7e, 0xffff, 0xffff, 0xde51, 0x6a82, 0x0000, 0x0000, 0x0000, 0x0000, 0x0000, 0x0000,
    0x0000, 0x0000, 0xbca4, 0xc507, 0xff9a, 0xff52, 0xff30, 0xff30, 0xff51, 0xff51, 0xff51, 0xff51, 0xff51, 0xff71, 0xff71, 0xff71, 0xff2f, 0xf6ef, 0xbd92, 0xce58, 0xe6d7, 0xbd90, 0xcd8b, 0xffbd, 0xefbf, 0xc73f, 0xbf3f, 0xbf3f, 0xc75f, 0xcf7f, 0xcf5f, 0xcf5f, 0xcf5f, 0xcf5f, 0xcf5f, 0xcf3f, 0xd75e, 0xffff, 0xffff, 0xffff, 0xc507, 0x1080, 0x0000, 0x0000, 0x0000, 0x0000, 0x0000, 0x0000,
    0x0000, 0x0000, 0xbca4, 0xc4e5, 0xff7a, 0xff32, 0xf710, 0xf710, 0xff10, 0xff30, 0xff30, 0xff30, 0xf6ef, 0xeeae, 0xe64c, 0xddea, 0xd588, 0xcd26, 0xcd28, 0xcd8b, 0xd5ef, 0xe6d5, 0xffff, 0xdf7f, 0xbeff, 0xbeff, 0xbf1f, 0xbf1f, 0xcf5f, 0xcf3f, 0xcf3f, 0xcf3f, 0xcf3f, 0xcf3f, 0xc73f, 0xcf1e, 0xfffe, 0xffff, 0xffff, 0xef38, 0x93a3, 0x0000, 0x0000, 0x0000, 0x0000, 0x0000, 0x0000, 0x0000,
    0x0000, 0x0000, 0xbca4, 0xbca4, 0xff79, 0xf712, 0xf6ef, 0xf6ef, 0xf6ef, 0xf6ef, 0xeeae, 0xcd26, 0xcd49, 0xd5ee, 0xe672, 0xeef6, 0xf75a, 0xffde, 0xffff, 0xffff, 0xf7de, 0xef9f, 0xd75f, 0xbeff, 0xb6df, 0xb6df, 0xb6ff, 0xcf3f, 0xc71e, 0xc71e, 0xc73f, 0xc73f, 0xc73f, 0xc71f, 0xc6fe, 0xf7be, 0xfffe, 0xfffe, 0xffff, 0xd5ee, 0x5201, 0x0000, 0x0000, 0x0000, 0x0000, 0x0000, 0x0000, 0x0000,
    0x0000, 0x0000, 0x0000, 0xbca4, 0xf737, 0xf6f2, 0xf6af, 0xf6cf, 0xf6cf, 0xf6cf, 0xc506, 0xeef7, 0xffff, 0xffff, 0xfffe, 0xfffd, 0xfffb, 0xfffa, 0xfff9, 0xff76, 0xf756, 0xbe9b, 0xbede, 0xc71f, 0xb6df, 0xb6df, 0xc71f, 0xc71e, 0xc71e, 0xc71e, 0xc71e, 0xc71e, 0xc71e, 0xbede, 0xe75c, 0xfffd, 0xfffe, 0xfffe, 0xffde, 0xb485, 0x0020, 0x0000, 0x0000, 0x0000, 0x0000, 0x0000, 0x0000, 0x0000,
    0x0000, 0x0000, 0x0000, 0xbca4, 0xf6f5, 0xf6f2, 0xf68e, 0xf68e, 0xf6ae, 0xe62c, 0xd58b, 0xfffe, 0xffd7, 0xffd6, 0xffd6, 0xfff6, 0xfff6, 0xfff7, 0xfff7, 0xffd7, 0xff75, 0xf735, 0xb67b, 0xbebe, 0xc6ff, 0xc6ff, 0xc6fe, 0xc6fe, 0xc6fe, 0xc6fe, 0xc6fe, 0xc6fe, 0xbebe, 0xdefb, 0xff9a, 0xffdc, 0xfffd, 0xfffd, 0xe6d5, 0x8323, 0x0000, 0x0000, 0x0000, 0x0000, 0x0000, 0x0000, 0x0000, 0x0000,
    0x0000, 0x0000, 0x0000, 0xbca4, 0xeeb4, 0xf6f3, 0xf66e, 0xf68e, 0xf68e, 0xd588, 0xe694, 0xffd9, 0xffd5, 0xffd5, 0xffd5, 0xffd6, 0xffd6, 0xffd6, 0xffd7, 0xfff7, 0xffd7, 0xff54, 0xf715, 0xb65b, 0xbebe, 0xbede, 0xbede, 0xbede, 0xbede, 0xbede, 0xbede, 0xbebe, 0xcebb, 0xff99, 0xff79, 0xffdc, 0xfffc, 0xfffd, 0xd5ac, 0x3141, 0x0000, 0x0000, 0x0000, 0x0000, 0x0000, 0x0000, 0x0000, 0x0000,
    0x0000, 0x0000, 0x0000, 0xbca4, 0xee92, 0xf6d3, 0xf64d, 0xf66d, 0xf66e, 0xc506, 0xf79c, 0xffb6, 0xffb4, 0xffb4, 0xffd5, 0xffd5, 0xffd5, 0xffd6, 0xffd6, 0xffd6, 0xffd7, 0xffd7, 0xff33, 0xeef4, 0xb63b, 0xbe9e, 0xbebe, 0xbebe, 0xbebe, 0xbebe, 0xbe9e, 0xbe7b, 0xf757, 0xfffb, 0xff78, 0xffdb, 0xfffc, 0xffbb, 0xac24, 0x0000, 0x0000, 0x0000, 0x0000, 0x0000, 0x0000, 0x0000, 0x0000, 0x0000,
    0x0000, 0x0000, 0x0000, 0xbca4, 0xe650, 0xf6d3, 0xee2c, 0xee4d, 0xee2c, 0xcd28, 0xfffe, 0xffb3, 0xffb4, 0xffb4, 0xffb4, 0xffb4, 0xffd5, 0xffd5, 0xffd5, 0xffd6, 0xffd6, 0xffd7, 0xffb6, 0xff32, 0xe6d4, 0xae3c, 0xb69e, 0xbebe, 0xbebe, 0xbe9e, 0xb65c, 0xf715, 0xffd9, 0xfffa, 0xff57, 0xffda, 0xfffb, 0xe692, 0x72c2, 0x0000, 0x0000, 0x0000, 0x0000, 0x0000, 0x0000, 0x0000, 0x0000, 0x0000,
    0x0000, 0x0000, 0x0000, 0xbca4, 0xe62f, 0xf6d3, 0xee0b, 0xee2c, 0xdda9, 0xde30, 0xffda, 0xff93, 0xff93, 0xff93, 0xffb4, 0xffb4, 0xffb4, 0xffb5, 0xffb5, 0xffd5, 0xffd6, 0xffd6, 0xffd6, 0xffb6, 0xff12, 0xe6b4, 0xae3c, 0xb69e, 0xbe9e, 0xae5c, 0xeed5, 0xff97, 0xfff9, 0xfffa, 0xff36, 0xffd9, 0xfffb, 0xcd49, 0x20e1, 0x0000, 0x0000, 0x0000, 0x0000, 0x0000, 0x0000, 0x0000, 0x0000, 0x0000,
    0x0000, 0x0000, 0x0000, 0xbca4, 0xdded, 0xf6d3, 0xe5eb, 0xe60b, 0xcd27, 0xef18, 0xff96, 0xff72, 0xff73, 0xff93, 0xff93, 0xff93, 0xffb4, 0xffb4, 0xffb4, 0xffb5, 0xffb5, 0xffd5, 0xffd6, 0xffd6, 0xff95, 0xfef1, 0xe6b4, 0xae3c, 0xae5d, 0xde95, 0xff75, 0xfff9, 0xfff9, 0xfff9, 0xff35, 0xffb9, 0xf757, 0x9be3, 0x0000, 0x0000, 0x0000, 0x0000, 0x0000, 0x0000, 0x0000, 0x0000, 0x0000, 0x0000,
    0x0000, 0x0000, 0x0000, 0xbca4, 0xddcc, 0xf6d3, 0xe5ca, 0xe5ea, 0xc4e6, 0xffde, 0xff52, 0xff72, 0xff72, 0xff72, 0xff93, 0xff93, 0xff93, 0xff93, 0xff94, 0xffb4, 0xffb4, 0xffb5, 0xffb5, 0xffd6, 0xffd6, 0xff95, 0xfef0, 0xde93, 0xce56, 0xff33, 0xffd8, 0xfff8, 0xfff8, 0xfff8, 0xff14, 0xffb8, 0xde0e, 0x6262, 0x0000, 0x0000, 0x0000, 0x0000, 0x0000, 0x0000, 0x0000, 0x0000, 0x0000, 0x0000,
    0x0000, 0x0000, 0x0000, 0xbca4, 0xd58a, 0xf6d3, 0xdda9, 0xd588, 0xd5ac, 0xffdb, 0xff51, 0xff51, 0xff52, 0xff52, 0xff72, 0xff72, 0xff73, 0xff93, 0xff93, 0xff93, 0xff94, 0xffb4, 0xffb5, 0xffb5, 0xffb5, 0xffd6, 0xff74, 0xf6d0, 0xfef1, 0xffd6, 0xffd7, 0xffd7, 0xffd7, 0xffd7, 0xf713, 0xff97, 0xbcc6, 0x0860, 0x0000, 0x0000, 0x0000, 0x0000, 0x0000, 0x0000, 0x0000, 0x0000, 0x0000, 0x0000,
    0x0000, 0x0000, 0x0000, 0xbca4, 0xd569, 0xf6d3, 0xd588, 0xcd26, 0xe693, 0xff76, 0xff31, 0xff31, 0xff31, 0xff51, 0xff52, 0xff52, 0xff72, 0xff72, 0xff73, 0xff73, 0xff93, 0xff94, 0xff94, 0xffb4, 0xffb5, 0xffb5, 0xffb5, 0xff73, 0xff95, 0xffd6, 0xffd6, 0xffd6, 0xffd6, 0xffd7, 0xf6f2, 0xeeb1, 0x8b83, 0x0000, 0x0000, 0x0000, 0x0000, 0x0000, 0x0000, 0x0000, 0x0000, 0x0000, 0x0000, 0x0000,
    0x0000, 0x0000, 0x0000, 0xbca4, 0xcd48, 0xf6f3, 0xd567, 0xc4e5, 0xf77b, 0xff32, 0xff10, 0xff10, 0xff31, 0xff31, 0xff31, 0xff51, 0xff51, 0xff52, 0xff72, 0xff72, 0xff73, 0xff73, 0xff93, 0xff93, 0xff94, 0xffb4, 0xffb4, 0xffb5, 0xffb5, 0xffb5, 0xffd5, 0xffd6, 0xffd6, 0xffd6, 0xf6d1, 0xd589, 0x49c1, 0x0000, 0x0000, 0x0000, 0x0000, 0x0000, 0x0000, 0x0000, 0x0000, 0x0000, 0x0000, 0x0000,
    0x0000, 0x0000, 0x0000, 0xbca4, 0xcd07, 0xf6f3, 0xcd47, 0xc507, 0xffdc, 0xf6f0, 0xf6f0, 0xf710, 0xff10, 0xff10, 0xff31, 0xff31, 0xff31, 0xff51, 0xff51, 0xff52, 0xff52, 0xff72, 0xff72, 0xff73, 0xff93, 0xff93, 0xff94, 0xff94, 0xffb4, 0xffb4, 0xffb4, 0xffb5, 0xffb5, 0xffd5, 0xf6af, 0xb464, 0x0000, 0x0000, 0x0000, 0x0000, 0x0000, 0x0000, 0x0000, 0x0000, 0x0000, 0x0000, 0x0000, 0x0000,
    0x0000, 0x0000, 0x0000, 0xbca4, 0xc4e6, 0xf6f3, 0xcd26, 0xde0f, 0xff78, 0xf6ef, 0xf6f0, 0xf6f0, 0xf6f0, 0xf710, 0xf710, 0xf710, 0xff30, 0xff31, 0xff31, 0xff51, 0xff51, 0xff52, 0xff52, 0xff72, 0xff72, 0xff73, 0xff73, 0xff93, 0xff93, 0xff93, 0xff93, 0xffb3, 0xffb3, 0xffb3, 0xddeb, 0x8343, 0x0000, 0x0000, 0x0000, 0x0000, 0x0000, 0x0000, 0x0000, 0x0000, 0x0000, 0x0000, 0x0000, 0x0000,
    0x0000, 0x0000, 0x0000, 0xbca4, 0xc4c5, 0xf6d2, 0xcd06, 0xeef7, 0xff13, 0xf6cf, 0xf6cf, 0xf6ef, 0xf6ef, 0xf6f0, 0xf710, 0xf710, 0xf710, 0xf710, 0xf730, 0xff31, 0xff31, 0xff51, 0xff51, 0xff51, 0xff52, 0xff72, 0xff72, 0xff72, 0xff72, 0xff72, 0xeeef, 0xe64c, 0xd5a9, 0xc4e5, 0xac44, 0x3141, 0x0000, 0x0000, 0x0000, 0x0000, 0x0000, 0x0000, 0x0000, 0x0000, 0x0000, 0x0000, 0x0000, 0x0000,
    0x0000, 0x0000, 0x0000, 0xbca4, 0xbca4, 0xf6b1, 0xc4e6, 0xffbd, 0xf6cf, 0xf6cf, 0xf6cf, 0xf6cf, 0xf6ef, 0xf6ef, 0xf6ef, 0xf6f0, 0xf6f0, 0xf710, 0xf710, 0xf710, 0xff30, 0xff30, 0xff31, 0xff31, 0xff51, 0xf730, 0xee8d, 0xddea, 0xcd67, 0xbcc4, 0xa423, 0x8b63, 0x6262, 0x20e0, 0x0000, 0x0000, 0x0000, 0x0000, 0x0000, 0x0000, 0x0000, 0x0000, 0x0000, 0x0000, 0x0000, 0x0000, 0x0000, 0x0000,
    0x0000, 0x0000, 0x0000, 0x0000, 0xbca4, 0xe62e, 0xcd8b, 0xff9a, 0xf6cf, 0xf6cf, 0xf6cf, 0xf6cf, 0xf6cf, 0xf6ef, 0xf6ef, 0xf6ef, 0xf6f0, 0xf6f0, 0xf710, 0xf710, 0xf710, 0xf6ef, 0xe64c, 0xd5c9, 0xcd26, 0xbca4, 0xa403, 0x8323, 0x5222, 0x1080, 0x0000, 0x0000, 0x0000, 0x0000, 0x0000, 0x0000, 0x0000, 0x0000, 0x0000, 0x0000, 0x0000, 0x0000, 0x0000, 0x0000, 0x0000, 0x0000, 0x0000, 0x0000,
    0x0000, 0x0000, 0x0000, 0x0000, 0xbca4, 0xd569, 0xe693, 0xff35, 0xf6af, 0xf6af, 0xf6cf, 0xf6cf, 0xf6cf, 0xf6cf, 0xf6cf, 0xf6ef, 0xf6ef, 0xee8d, 0xe60b, 0xd588, 0xc506, 0xb464, 0x93a3, 0x72e2, 0x41c1, 0x0840, 0x0000, 0x0000, 0x0000, 0x0000, 0x0000, 0x0000, 0x0000, 0x0000, 0x0000, 0x0000, 0x0000, 0x0000, 0x0000, 0x0000, 0x0000, 0x0000, 0x0000, 0x0000, 0x0000, 0x0000, 0x0000, 0x0000,
    0x0000, 0x0000, 0x0000, 0x0000, 0xbca4, 0xc4c5, 0xf77b, 0xf6d0, 0xf6ae, 0xf6ae, 0xf6af, 0xf6cf, 0xf6ae, 0xee4c, 0xddca, 0xcd47, 0xc4c5, 0xac44, 0x8b63, 0x6282, 0x2921, 0x0000, 0x0000, 0x0000, 0x0000, 0x0000, 0x0000, 0x0000, 0x0000, 0x0000, 0x0000, 0x0000, 0x0000, 0x0000, 0x0000, 0x0000, 0x0000, 0x0000, 0x0000, 0x0000, 0x0000, 0x0000, 0x0000, 0x0000, 0x0000, 0x0000, 0x0000, 0x0000,
    0x0000, 0x0000, 0x0000, 0x0000, 0xbca4, 0xc507, 0xffbb, 0xf6ae, 0xf68e, 0xe62b, 0xdda9, 0xcd27, 0xbcc4, 0xa423, 0x8343, 0x5a22, 0x18c0, 0x0000, 0x0000, 0x0000, 0x0000, 0x0000, 0x0000, 0x0000, 0x0000, 0x0000, 0x0000, 0x0000, 0x0000, 0x0000, 0x0000, 0x0000, 0x0000, 0x0000, 0x0000, 0x0000, 0x0000, 0x0000, 0x0000, 0x0000, 0x0000, 0x0000, 0x0000, 0x0000, 0x0000, 0x0000, 0x0000, 0x0000,
    0x0000, 0x0000, 0x0000, 0x0000, 0xbca4, 0xcd69, 0xdded, 0xcd06, 0xb484, 0x9bc3, 0x7b02, 0x49e1, 0x1060, 0x0000, 0x0000, 0x0000, 0x0000, 0x0000, 0x0000, 0x0000, 0x0000, 0x0000, 0x0000, 0x0000, 0x0000, 0x0000, 0x0000, 0x0000, 0x0000, 0x0000, 0x0000, 0x0000, 0x0000, 0x0000, 0x0000, 0x0000, 0x0000, 0x0000, 0x0000, 0x0000, 0x0000, 0x0000, 0x0000, 0x0000, 0x0000, 0x0000, 0x0000, 0x0000,
    0x0000, 0x0000, 0x0000, 0x0000, 0xb484, 0x9bc3, 0x6aa2, 0x3161, 0x0000, 0x0000, 0x0000, 0x0000, 0x0000, 0x0000, 0x0000, 0x0000, 0x0000, 0x0000, 0x0000, 0x0000, 0x0000, 0x0000, 0x0000, 0x0000, 0x0000, 0x0000, 0x0000, 0x0000, 0x0000, 0x0000, 0x0000, 0x0000, 0x0000, 0x0000, 0x0000, 0x0000, 0x0000, 0x0000, 0x0000, 0x0000, 0x0000, 0x0000, 0x0000, 0x0000, 0x0000, 0x0000, 0x0000, 0x0000,
    0x0000, 0x0000, 0x0000, 0x0000, 0x0000, 0x0000, 0x0000, 0x0000, 0x0000, 0x0000, 0x0000, 0x0000, 0x0000, 0x0000, 0x0000, 0x0000, 0x0000, 0x0000, 0x0000, 0x0000, 0x0000, 0x0000, 0x0000, 0x0000, 0x0000, 0x0000, 0x0000, 0x0000, 0x0000, 0x0000, 0x0000, 0x0000, 0x0000, 0x0000, 0x0000, 0x0000, 0x0000, 0x0000, 0x0000, 0x0000, 0x0000, 0x0000, 0x0000, 0x0000, 0x0000, 0x0000, 0x0000, 0x0000,
    0x0000, 0x0000, 0x0000, 0x0000, 0x0000, 0x0000, 0x0000, 0x0000, 0x0000, 0x0000, 0x0000, 0x0000, 0x0000, 0x0000, 0x0000, 0x0000, 0x0000, 0x0000, 0x0000, 0x0000, 0x0000, 0x0000, 0x0000, 0x0000, 0x0000, 0x0000, 0x0000, 0x0000, 0x0000, 0x0000, 0x0000, 0x0000, 0x0000, 0x0000, 0x0000, 0x0000, 0x0000, 0x0000, 0x0000, 0x0000, 0x0000, 0x0000, 0x0000, 0x0000, 0x0000, 0x0000, 0x0000, 0x0000,
};
static const uint8_t XP_GALLERY_A[48 * 48] = {
      0,   0,   0,   0,   0,   0,   0,   0,   0,   0,   0,   0,   0,   0,   0,   0,   0,   0,   0,   0,   0,   0,   0,   2, 156,  32,   0,   0,   0,   0,   0,   0,   0,   0,   0,   0,   0,   0,   0,   0,   0,   0,   0,   0,   0,   0,   0,   0,
      0,   0,   0,   0,   0,   0,   0,   0,   0,   0,   0,   0,   0,   0,   0,   0,   0,   0,   0,   0,   0,   0,   0, 129, 255, 219,  23,   0,   0,   0,   0,   0,   0,   0,   0,   0,   0,   0,   0,   0,   0,   0,   0,   0,   0,   0,   0,   0,
      0,   0,   0,   0,   0,   0,   0,   0,   0,   0,   0,   0,   0,   0,   0,   0,   0,   0,   0,   0,   0,   0,  79, 253, 255, 255, 206,  17,   0,   0,   0,   0,   0,   0,   0,   0,   0,   0,   0,   0,   0,   0,   0,   0,   0,   0,   0,   0,
      0,   0,   0,   0,   0,   0,   0,   0,   0,   0,   0,   0,   0,   0,   0,   0,   0,   0,   0,   0,   0,  44, 243, 255, 255, 255, 255, 199,  12,   0,   0,   0,   0,   0,   0,   0,   0,   0,   0,   0,   0,   0,   0,   0,   0,   0,   0,   0,
      0,   0,   0,   0,   0,   0,   0,   0,   0,   0,   0,   0,   0,   0,   0,   0,   0,   0,   0,   0,  16, 219, 255, 255, 255, 255, 255, 255, 188,   7,   0,   0,   0,   0,   0,   0,   0,   0,   0,   0,   0,   0,   0,   0,   0,   0,   0,   0,
      0,   0,   0,   0,   0,   0,   0,   0,   0,   0,   0,   0,   0,   0,   0,   0,   0,   0,   0,   2, 179, 255, 255, 255, 255, 255, 255, 255, 255, 174,   4,   0,   0,   0,   0,   0,   0,   0,   0,   0,   0,   0,   0,   0,   0,   0,   0,   0,
      0,   0,   0,   0,   0,   0,   0,   0,   0,   0,   0,   0,   0,   0,   0,   0,   0,   0,   0, 132, 255, 255, 255, 255, 255, 255, 255, 255, 255, 255, 163,   2,   0,   0,   0,   0,   0,   0,   0,   0,   0,   0,   0,   0,   0,   0,   0,   0,
      0,   0,   0,   0,   0,   0,   0,   0,   0,   0,   0,   0,   0,   0,   0,   0,   0,   0,  83, 254, 255, 255, 255, 255, 255, 255, 255, 255, 255, 255, 255, 150,   1,   0,   0,   0,   0,   0,   0,   0,   0,   0,   0,   0,   0,   0,   0,   0,
      0,   0,   0,   0,   0,   0,   0,   0,   0,   0,   0,   0,   0,   0,   0,   0,   0,  46, 243, 255, 255, 255, 255, 255, 255, 255, 255, 255, 255, 255, 255, 255, 136,   0,   0,   0,   0,   0,   0,   0,   0,   0,   0,   0,   0,   0,   0,   0,
      0,   0,   0,   0,   0,   0,   0,   0,   0,   0,   0,   0,   0,   0,   1,   3,  17, 219, 255, 255, 255, 255, 255, 255, 255, 255, 255, 255, 255, 255, 255, 255, 255, 123,   0,   0,   0,   0,   0,   0,   0,   0,   0,   0,   0,   0,   0,   0,
      0,   0,   0,   0,   0,   0,   0,   7,  34,  61,  87, 114, 142, 168, 196, 122, 190, 255, 255, 255, 255, 255, 255, 255, 255, 255, 255, 255, 255, 255, 255, 255, 255, 255, 105,   0,   0,   0,   0,   0,   0,   0,   0,   0,   0,   0,   0,   0,
      0,   0,   0,   0,   0, 162, 236, 254, 255, 255, 255, 255, 255, 255, 255, 255, 255, 255, 255, 255, 255, 255, 255, 255, 255, 255, 255, 255, 255, 255, 255, 255, 255, 255, 253,  90,   0,   0,   0,   0,   0,   0,   0,   0,   0,   0,   0,   0,
      0,   0,   0,   0,  69, 255, 255, 255, 255, 255, 255, 255, 255, 255, 255, 255, 255, 255, 255, 255, 255, 255, 255, 255, 255, 255, 255, 255, 255, 255, 255, 255, 255, 255, 255, 250,  75,   0,   0,   0,   0,   0,   0,   0,   0,   0,   0,   0,
      0,   0,   0,   2, 205, 255, 255, 255, 255, 255, 255, 255, 255, 255, 255, 255, 255, 255, 255, 255, 255, 255, 255, 255, 255, 255, 255, 255, 255, 255, 255, 255, 255, 255, 255, 255, 246,  63,   0,   0,   0,   0,   0,   0,   0,   0,   0,   0,
      0,   0,   0,  94, 255, 255, 255, 255, 255, 255, 255, 255, 255, 255, 255, 255, 255, 255, 255, 255, 255, 255, 255, 255, 255, 255, 255, 255, 255, 255, 255, 255, 255, 255, 255, 255, 255, 242,  55,   0,   0,   0,   0,   0,   0,   0,   0,   0,
      0,   0,   8, 226, 255, 255, 255, 255, 255, 255, 255, 255, 255, 255, 255, 255, 255, 255, 255, 255, 255, 255, 255, 255, 255, 255, 255, 255, 255, 255, 255, 255, 255, 255, 255, 255, 255, 255, 236,  43,   0,   0,   0,   0,   0,   0,   0,   0,
      0,   0, 101, 255, 255, 255, 255, 255, 255, 255, 255, 255, 255, 255, 255, 255, 255, 255, 255, 255, 255, 255, 255, 255, 255, 255, 255, 255, 255, 255, 255, 255, 255, 255, 255, 255, 255, 255, 255, 228,  34,   0,   0,   0,   0,   0,   0,   0,
      0,   0, 114, 255, 255, 255, 255, 255, 255, 255, 255, 255, 255, 255, 255, 255, 255, 255, 255, 255, 255, 255, 255, 255, 255, 255, 255, 255, 255, 255, 255, 255, 255, 255, 255, 255, 255, 255, 255, 255, 180,   0,   0,   0,   0,   0,   0,   0,
      0,   0,  97, 255, 255, 255, 255, 255, 255, 255, 255, 255, 255, 255, 255, 255, 255, 255, 255, 255, 255, 255, 255, 255, 255, 255, 255, 255, 255, 255, 255, 255, 255, 255, 255, 255, 255, 255, 255, 255, 246, 193,  20,   2,   0,   0,   0,   0,
      0,   0,  80, 255, 255, 255, 255, 255, 255, 255, 255, 255, 255, 255, 255, 255, 255, 255, 255, 255, 255, 255, 255, 255, 255, 255, 255, 255, 255, 255, 255, 255, 255, 255, 255, 255, 255, 255, 255, 255, 255, 254, 100,  14,   0,   0,   0,   0,
      0,   0,  63, 255, 255, 255, 255, 255, 255, 255, 255, 255, 255, 255, 255, 255, 255, 255, 255, 255, 255, 255, 255, 255, 255, 255, 255, 255, 255, 255, 255, 255, 255, 255, 255, 255, 255, 255, 255, 255, 255, 229, 102,  13,   0,   0,   0,   0,
      0,   0,  47, 255, 255, 255, 255, 255, 255, 255, 255, 255, 255, 255, 255, 255, 255, 255, 255, 255, 255, 255, 255, 255, 255, 255, 255, 255, 255, 255, 255, 255, 255, 255, 255, 255, 255, 255, 255, 255, 255, 185,  66,   4,   0,   0,   0,   0,
      0,   0,  30, 255, 255, 255, 255, 255, 255, 255, 255, 255, 255, 255, 255, 255, 255, 255, 255, 255, 255, 255, 255, 255, 255, 255, 255, 255, 255, 255, 255, 255, 255, 255, 255, 255, 255, 255, 255, 255, 252, 133,  32,   0,   0,   0,   0,   0,
      0,   0,  13, 255, 255, 255, 255, 255, 255, 255, 255, 255, 255, 255, 255, 255, 255, 255, 255, 255, 255, 255, 255, 255, 255, 255, 255, 255, 255, 255, 255, 255, 255, 255, 255, 255, 255, 255, 255, 255, 218,  95,  10,   0,   0,   0,   0,   0,
      0,   0,   1, 250, 255, 255, 255, 255, 255, 255, 255, 255, 255, 255, 255, 255, 255, 255, 255, 255, 255, 255, 255, 255, 255, 255, 255, 255, 255, 255, 255, 255, 255, 255, 255, 255, 255, 255, 255, 255, 170,  56,   2,   0,   0,   0,   0,   0,
      0,   0,   0, 234, 255, 255, 255, 255, 255, 255, 255, 255, 255, 255, 255, 255, 255, 255, 255, 255, 255, 255, 255, 255, 255, 255, 255, 255, 255, 255, 255, 255, 255, 255, 255, 255, 255, 255, 255, 244, 121,  25,   0,   0,   0,   0,   0,   0,
      0,   0,   0, 216, 255, 255, 255, 255, 255, 255, 255, 255, 255, 255, 255, 255, 255, 255, 255, 255, 255, 255, 255, 255, 255, 255, 255, 255, 255, 255, 255, 255, 255, 255, 255, 255, 255, 255, 255, 204,  84,   7,   0,   0,   0,   0,   0,   0,
      0,   0,   0, 199, 255, 255, 255, 255, 255, 255, 255, 255, 255, 255, 255, 255, 255, 255, 255, 255, 255, 255, 255, 255, 255, 255, 255, 255, 255, 255, 255, 255, 255, 255, 255, 255, 255, 255, 255, 152,  46,   1,   0,   0,   0,   0,   0,   0,
      0,   0,   0, 182, 255, 255, 255, 255, 255, 255, 255, 255, 255, 255, 255, 255, 255, 255, 255, 255, 255, 255, 255, 255, 255, 255, 255, 255, 255, 255, 255, 255, 255, 255, 255, 255, 255, 255, 234, 109,  18,   0,   0,   0,   0,   0,   0,   0,
      0,   0,   0, 164, 255, 255, 255, 255, 255, 255, 255, 255, 255, 255, 255, 255, 255, 255, 255, 255, 255, 255, 255, 255, 255, 255, 255, 255, 255, 255, 255, 255, 255, 255, 255, 255, 255, 255, 192,  71,   5,   0,   0,   0,   0,   0,   0,   0,
      0,   0,   0, 146, 255, 255, 255, 255, 255, 255, 255, 255, 255, 255, 255, 255, 255, 255, 255, 255, 255, 255, 255, 255, 255, 255, 255, 255, 255, 255, 255, 255, 255, 255, 255, 255, 255, 254, 140,  35,   1,   0,   0,   0,   0,   0,   0,   0,
      0,   0,   0, 129, 255, 255, 255, 255, 255, 255, 255, 255, 255, 255, 255, 255, 255, 255, 255, 255, 255, 255, 255, 255, 255, 255, 255, 255, 255, 255, 255, 255, 255, 255, 255, 255, 255, 226,  99,  12,   0,   0,   0,   0,   0,   0,   0,   0,
      0,   0,   0, 111, 255, 255, 255, 255, 255, 255, 255, 255, 255, 255, 255, 255, 255, 255, 255, 255, 255, 255, 255, 255, 255, 255, 255, 255, 255, 255, 255, 255, 255, 255, 255, 255, 255, 179,  61,   3,   0,   0,   0,   0,   0,   0,   0,   0,
      0,   0,   0,  93, 255, 255, 255, 255, 255, 255, 255, 255, 255, 255, 255, 255, 255, 255, 255, 255, 255, 255, 255, 255, 255, 255, 255, 255, 255, 255, 255, 255, 255, 255, 255, 255, 248, 125,  27,   0,   0,   0,   0,   0,   0,   0,   0,   0,
      0,   0,   0,  76, 255, 255, 255, 255, 255, 255, 255, 255, 255, 255, 255, 255, 255, 255, 255, 255, 255, 255, 255, 255, 255, 255, 255, 255, 255, 255, 255, 255, 255, 255, 255, 255, 208,  89,   9,   0,   0,   0,   0,   0,   0,   0,   0,   0,
      0,   0,   0,  59, 255, 255, 255, 255, 255, 255, 255, 255, 255, 255, 255, 255, 255, 255, 255, 255, 255, 255, 255, 255, 255, 255, 255, 255, 255, 255, 255, 255, 255, 255, 255, 255, 157,  50,   2,   0,   0,   0,   0,   0,   0,   0,   0,   0,
      0,   0,   0,  41, 255, 255, 255, 255, 255, 255, 255, 255, 255, 255, 255, 255, 255, 255, 255, 255, 255, 255, 255, 255, 255, 255, 255, 255, 255, 255, 255, 255, 255, 255, 255, 239, 110,  20,   0,   0,   0,   0,   0,   0,   0,   0,   0,   0,
      0,   0,   0,  24, 255, 255, 255, 255, 255, 255, 255, 255, 255, 255, 255, 255, 255, 255, 255, 255, 255, 255, 255, 255, 255, 255, 255, 255, 255, 255, 255, 255, 255, 255, 255, 197,  76,   6,   0,   0,   0,   0,   0,   0,   0,   0,   0,   0,
      0,   0,   0,   6, 254, 255, 255, 255, 255, 255, 255, 255, 255, 255, 255, 255, 255, 255, 255, 255, 255, 255, 255, 255, 255, 255, 255, 255, 255, 255, 255, 255, 255, 255, 237, 136,  36,   1,   0,   0,   0,   0,   0,   0,   0,   0,   0,   0,
      0,   0,   0,   0, 243, 255, 255, 255, 255, 255, 255, 255, 255, 255, 255, 255, 255, 255, 255, 255, 255, 255, 255, 255, 255, 255, 255, 255, 255, 253, 230, 197, 157, 109,  73,  39,   6,   0,   0,   0,   0,   0,   0,   0,   0,   0,   0,   0,
      0,   0,   0,   0, 226, 255, 255, 255, 255, 255, 255, 255, 255, 255, 255, 255, 255, 255, 255, 255, 255, 255, 255, 255, 255, 251, 225, 192, 153, 107,  75,  49,  27,  12,   4,   1,   0,   0,   0,   0,   0,   0,   0,   0,   0,   0,   0,   0,
      0,   0,   0,   0, 208, 255, 255, 255, 255, 255, 255, 255, 255, 255, 255, 255, 255, 255, 255, 255, 255, 243, 216, 184, 145, 103,  75,  49,  27,  13,   5,   1,   0,   0,   0,   0,   0,   0,   0,   0,   0,   0,   0,   0,   0,   0,   0,   0,
      0,   0,   0,   0, 191, 255, 255, 255, 255, 255, 255, 255, 255, 255, 255, 255, 255, 237, 208, 176, 136, 100,  74,  48,  26,  12,   4,   1,   0,   0,   0,   0,   0,   0,   0,   0,   0,   0,   0,   0,   0,   0,   0,   0,   0,   0,   0,   0,
      0,   0,   0,   0, 173, 255, 255, 255, 255, 255, 255, 255, 253, 232, 204, 171, 133, 102,  76,  50,  27,  13,   5,   1,   0,   0,   0,   0,   0,   0,   0,   0,   0,   0,   0,   0,   0,   0,   0,   0,   0,   0,   0,   0,   0,   0,   0,   0,
      0,   0,   0,   0, 156, 255, 255, 255, 248, 223, 196, 164, 127, 102,  76,  49,  28,  13,   5,   1,   0,   0,   0,   0,   0,   0,   0,   0,   0,   0,   0,   0,   0,   0,   0,   0,   0,   0,   0,   0,   0,   0,   0,   0,   0,   0,   0,   0,
      0,   0,   0,   0, 104, 205, 188, 156, 124, 102,  76,  49,  27,  12,   4,   1,   0,   0,   0,   0,   0,   0,   0,   0,   0,   0,   0,   0,   0,   0,   0,   0,   0,   0,   0,   0,   0,   0,   0,   0,   0,   0,   0,   0,   0,   0,   0,   0,
      0,   0,   0,   0,   6,  54,  73,  51,  28,  13,   5,   1,   0,   0,   0,   0,   0,   0,   0,   0,   0,   0,   0,   0,   0,   0,   0,   0,   0,   0,   0,   0,   0,   0,   0,   0,   0,   0,   0,   0,   0,   0,   0,   0,   0,   0,   0,   0,
      0,   0,   0,   0,   0,   3,   4,   1,   0,   0,   0,   0,   0,   0,   0,   0,   0,   0,   0,   0,   0,   0,   0,   0,   0,   0,   0,   0,   0,   0,   0,   0,   0,   0,   0,   0,   0,   0,   0,   0,   0,   0,   0,   0,   0,   0,   0,   0,
};

/* ROLL - DialUpConnection.png. Two machines and a modem. A roll is the party's shared link. */
static const uint16_t XP_ROLL_RGB[48 * 48] = {
    0x0000, 0x0000, 0x0000, 0x0000, 0x0000, 0x0000, 0x0000, 0x0000, 0x0000, 0x0000, 0x0000, 0x0000, 0x0000, 0x0000, 0x0000, 0x0000, 0x0000, 0x0000, 0x0000, 0x0000, 0x0000, 0x10a3, 0x7bd0, 0xad77, 0xbdd8, 0x5aee, 0x0000, 0x0000, 0x0000, 0x0000, 0x0000, 0x0000, 0x0000, 0x0000, 0x0000, 0x0000, 0x0000, 0x0000, 0x0000, 0x0000, 0x0000, 0x0000, 0x0000, 0x0000, 0x0000, 0x0000, 0x0000, 0x0000,
    0x0000, 0x0000, 0x0000, 0x0000, 0x0000, 0x0000, 0x0000, 0x0000, 0x0000, 0x0000, 0x0000, 0x0000, 0x0000, 0x0000, 0x0000, 0x0000, 0x52aa, 0x94b3, 0xc618, 0xd69a, 0xc639, 0xbdf8, 0xbdd8, 0xa537, 0x9495, 0x7391, 0x0000, 0x0000, 0x0000, 0x0000, 0x0000, 0x0000, 0x0000, 0x0000, 0x0000, 0x0000, 0x0000, 0x0000, 0x0000, 0x0000, 0x0000, 0x0000, 0x0000, 0x0000, 0x0000, 0x0000, 0x0000, 0x0000,
    0x0000, 0x0000, 0x0000, 0x0000, 0x0000, 0x0000, 0x0000, 0x0000, 0x0000, 0x0000, 0x2965, 0x8430, 0xbdd7, 0xd69a, 0xd6ba, 0xce59, 0xc638, 0xbdf8, 0xad56, 0x94b4, 0x9494, 0x9494, 0x8c74, 0x8c75, 0x84d7, 0x73b2, 0x0000, 0x0000, 0x0000, 0x0000, 0x0000, 0x0000, 0x0000, 0x0000, 0x0000, 0x0000, 0x0000, 0x0000, 0x0000, 0x0000, 0x0000, 0x0000, 0x0000, 0x0000, 0x0000, 0x0000, 0x0000, 0x0000,
    0x0000, 0x0000, 0x0000, 0x0000, 0x0000, 0x0000, 0x0000, 0x0000, 0x0000, 0xb596, 0xd6ba, 0xce79, 0xbdf7, 0xad55, 0x9cd3, 0x9cd3, 0x94b3, 0x94b3, 0x94b3, 0x9d15, 0xa5b8, 0xa65b, 0x9edd, 0x971f, 0x86df, 0x7c14, 0x0000, 0x0000, 0x0000, 0x0000, 0x0000, 0x0000, 0x0000, 0x0000, 0x0000, 0x0000, 0x0000, 0x0000, 0x0000, 0x0000, 0x0000, 0x0000, 0x0000, 0x0000, 0x0000, 0x0000, 0x0000, 0x0000,
    0x0000, 0x0000, 0x0000, 0x0000, 0x0000, 0x0000, 0x0000, 0x0000, 0x0000, 0xd69a, 0xad55, 0x9cd3, 0x9cd3, 0x9cd3, 0x9cf4, 0x9d76, 0xa619, 0xb6dc, 0xc7bf, 0xc7ff, 0xbfdf, 0xb79f, 0xa75f, 0x971f, 0x86df, 0x8477, 0x0862, 0x0000, 0x0000, 0x0000, 0x0000, 0x0000, 0x0000, 0x0000, 0x0000, 0x0000, 0x0000, 0x0000, 0x0000, 0x0000, 0x0000, 0x0000, 0x0000, 0x0000, 0x0000, 0x0000, 0x0000, 0x0000,
    0x0000, 0x0000, 0x0000, 0x0000, 0x0000, 0x0000, 0x0000, 0x0000, 0x0000, 0xbdf7, 0xbdf7, 0x8d36, 0x7dfb, 0x867d, 0x971f, 0x9f5f, 0xaf7f, 0xbfbf, 0xc7df, 0xc7df, 0xbfbf, 0xaf9f, 0xa75f, 0x971f, 0x86df, 0x7cb8, 0x2946, 0x0000, 0x0000, 0x0000, 0x0000, 0x0000, 0x0000, 0x0000, 0x0000, 0x0000, 0x0000, 0x0000, 0x0000, 0x0000, 0x0000, 0x0000, 0x0000, 0x0000, 0x0000, 0x0000, 0x0000, 0x0000,
    0x0000, 0x0000, 0x0000, 0x0000, 0x0000, 0x0000, 0x0000, 0x0000, 0x0000, 0x9cd3, 0xd69a, 0x7d99, 0x6e7f, 0x7e7e, 0x9ebd, 0xbefd, 0xb67b, 0xa6bc, 0xb7bf, 0xb7bf, 0xb79f, 0xaf7f, 0x9f3f, 0x8eff, 0x7ebf, 0x7d19, 0x39ca, 0x0000, 0x0000, 0x0000, 0x0000, 0x0000, 0x0000, 0x0000, 0x0000, 0x0000, 0x0000, 0x0000, 0x0000, 0x0000, 0x0000, 0x0000, 0x0000, 0x0000, 0x0000, 0x0000, 0x0000, 0x0000,
    0x0000, 0x0000, 0x0000, 0x0000, 0x0000, 0x0000, 0x0000, 0x52aa, 0x94b3, 0xb5b6, 0xdedb, 0xbe39, 0xbe19, 0xbdd8, 0xad57, 0x9495, 0x8c54, 0x9558, 0xaf7f, 0xaf7f, 0xa77f, 0x9f3f, 0x971f, 0x86df, 0x76bf, 0x753b, 0x422c, 0x0000, 0x0000, 0x0000, 0x0000, 0x0000, 0x0000, 0x0000, 0x0000, 0x0000, 0x0000, 0x0000, 0x0000, 0x0000, 0x0000, 0x0000, 0x0000, 0x0000, 0x0000, 0x0000, 0x0000, 0x0000,
    0x0000, 0x18e3, 0x8c51, 0xbdd7, 0xd69a, 0xdedb, 0xce79, 0xc639, 0xc618, 0xad76, 0x9cd4, 0x9493, 0x9494, 0x8c74, 0x8c94, 0x8cf7, 0x8559, 0x8cd7, 0x9f3f, 0x9f3f, 0x973f, 0x971f, 0x86ff, 0x7ebf, 0x6e9f, 0x6d7c, 0x528e, 0x0000, 0x0000, 0x0000, 0x0000, 0x0000, 0x0000, 0x0000, 0x0000, 0x0000, 0x0000, 0x0000, 0x0000, 0x0000, 0x0000, 0x0000, 0x0000, 0x0000, 0x0000, 0x0000, 0x0000, 0x0000,
    0x0000, 0xbdd7, 0xd6ba, 0xbdf7, 0xad55, 0x9cd3, 0x9cd3, 0x9cd3, 0x94b3, 0x94b3, 0x9cf5, 0xa5b8, 0xae5a, 0xaedd, 0xa73f, 0x971f, 0x86df, 0x8496, 0x8eff, 0x8eff, 0x86ff, 0x86df, 0x7ebf, 0x6e9f, 0x665f, 0x65bd, 0x5271, 0x1008, 0x1009, 0x1009, 0x1009, 0x1009, 0x1009, 0x1009, 0x1009, 0x0807, 0x0000, 0x0000, 0x0000, 0x0000, 0x0000, 0x0000, 0x0000, 0x0000, 0x0000, 0x0000, 0x0000, 0x0000,
    0x0000, 0xd69a, 0xad55, 0x9cd3, 0x9cd3, 0x9cd3, 0x9556, 0x9df9, 0xae9b, 0xbf7e, 0xc7ff, 0xc7ff, 0xbfdf, 0xb79f, 0xa75f, 0x971f, 0x86df, 0x8497, 0x7e9f, 0x7ebf, 0x76bf, 0x769f, 0x6e7f, 0x665f, 0x5e3f, 0x55de, 0x5af2, 0x0000, 0x0000, 0x0000, 0x0000, 0x0000, 0x0000, 0x0000, 0x0001, 0x1008, 0x0000, 0x0000, 0x0000, 0x0000, 0x0000, 0x0000, 0x0000, 0x0000, 0x0000, 0x0000, 0x0000, 0x0000,
    0x0000, 0xbdd7, 0xbdf7, 0x8578, 0x763d, 0x7ebf, 0x8f1f, 0x9f5f, 0xaf7f, 0xbfbf, 0xc7df, 0xc7df, 0xbfbf, 0xaf9f, 0xa75f, 0x971f, 0x86df, 0x7cd8, 0x6e1e, 0x6e7f, 0x667f, 0x665f, 0x5e3f, 0x563f, 0x4e1f, 0x45df, 0x6b55, 0x0000, 0x0000, 0x0000, 0x0000, 0x0000, 0x0000, 0x0000, 0x0000, 0x1009, 0x0000, 0x0000, 0x0000, 0x0000, 0x0000, 0x0000, 0x0000, 0x0000, 0x0000, 0x0000, 0x0000, 0x0000,
    0x0000, 0x8c71, 0xd69a, 0x7d78, 0x6e7f, 0x7ebf, 0x8eff, 0x9f3f, 0xa75f, 0xaf9f, 0xb79f, 0xb79f, 0xb79f, 0xa77f, 0x9f3f, 0x8eff, 0x7ebf, 0x7d1a, 0x659d, 0x5e3f, 0x563f, 0x561f, 0x4e1f, 0x4dff, 0x45df, 0x3dbf, 0x6bd8, 0x0000, 0x0000, 0x0000, 0x0000, 0x0000, 0x0000, 0x0000, 0x0000, 0x1009, 0x0000, 0x0000, 0x0000, 0x0000, 0x0000, 0x0000, 0x0000, 0x0000, 0x0000, 0x0000, 0x0000, 0x0000,
    0x0000, 0x632c, 0xd69a, 0x8d36, 0x665f, 0x769f, 0x86df, 0x8f1f, 0x9f3f, 0xa75f, 0xa77f, 0xa77f, 0xa75f, 0x9f3f, 0x971f, 0x86df, 0x769f, 0x753b, 0x5d3c, 0x4dff, 0x4dff, 0x45ff, 0x45df, 0x3ddf, 0x3dbf, 0x35bf, 0x6419, 0x1083, 0x0000, 0x0000, 0x0000, 0x0000, 0x0000, 0x0000, 0x0000, 0x1009, 0x0000, 0x0000, 0x0000, 0x0000, 0x0000, 0x0000, 0x0000, 0x0000, 0x0000, 0x0000, 0x0000, 0x0000,
    0x0000, 0x0000, 0xd69a, 0x94f4, 0x5e3f, 0x6e7f, 0x76bf, 0x86df, 0x8eff, 0x971f, 0x9f3f, 0x9f3f, 0x971f, 0x8f1f, 0x86df, 0x7ebf, 0x6e7f, 0x6d7c, 0x5cdb, 0x3ddf, 0x3ddf, 0x3dbf, 0x3dbf, 0x35bf, 0x3d7f, 0x54dc, 0x6397, 0x0842, 0x0000, 0x0000, 0x0000, 0x0000, 0x0000, 0x0000, 0x0000, 0x1009, 0x0000, 0x0000, 0x0000, 0x0000, 0x0000, 0x0000, 0x0000, 0x0000, 0x0000, 0x0000, 0x0000, 0x0000,
    0x0000, 0x0000, 0xc618, 0xad56, 0x5dfe, 0x5e5f, 0x6e7f, 0x769f, 0x7edf, 0x86df, 0x86ff, 0x86ff, 0x86df, 0x7edf, 0x76bf, 0x6e7f, 0x665f, 0x5d9d, 0x5c9a, 0x35bf, 0x35bf, 0x35bf, 0x559e, 0x6cbb, 0x7396, 0x422f, 0x1084, 0x0000, 0x0000, 0x0000, 0x0000, 0x0000, 0x0000, 0x0000, 0x0000, 0x1009, 0x0000, 0x0000, 0x0000, 0x0000, 0x0000, 0x0000, 0x0000, 0x0000, 0x0000, 0x0000, 0x0000, 0x0000,
    0x0000, 0x0000, 0x9cf4, 0xc618, 0x659b, 0x563f, 0x5e5f, 0x667f, 0x6e9f, 0x769f, 0x76bf, 0x76bf, 0x769f, 0x6e9f, 0x6e7f, 0x5e5f, 0x563f, 0x55be, 0x6439, 0x4ddf, 0x7ddd, 0x8cda, 0x7397, 0x52b1, 0x0021, 0x0000, 0x0000, 0x0000, 0x0000, 0x0000, 0x0000, 0x0000, 0x0000, 0x0000, 0x0000, 0x1009, 0x0000, 0x0000, 0x0000, 0x0000, 0x0000, 0x0000, 0x0000, 0x0000, 0x0000, 0x0000, 0x0000, 0x0000,
    0x0000, 0x0000, 0x73af, 0xc639, 0x6d39, 0x4dff, 0x561f, 0x5e3f, 0x5e5f, 0x665f, 0x667f, 0x667f, 0x665f, 0x665f, 0x5e3f, 0x561f, 0x4dff, 0x45df, 0x7c18, 0x94b9, 0x6b56, 0x52b5, 0x4a54, 0x5292, 0x0000, 0x0000, 0x0000, 0x0000, 0x0000, 0x0000, 0x0000, 0x0000, 0x0000, 0x0000, 0x0000, 0x1009, 0x0000, 0x0000, 0x0000, 0x0000, 0x0000, 0x0000, 0x0000, 0x0000, 0x0000, 0x0000, 0x0000, 0x0000,
    0x0000, 0x0000, 0x0020, 0xc619, 0x7cf7, 0x45df, 0x45ff, 0x4dff, 0x561f, 0x561f, 0x563f, 0x563f, 0x563f, 0x561f, 0x4e1f, 0x45ff, 0x45df, 0x3dbf, 0x6bf8, 0x5af5, 0x5ad5, 0x5ad5, 0x5ad5, 0x6314, 0x0842, 0x0000, 0x0000, 0x0000, 0x0000, 0x0000, 0x0000, 0x0000, 0x0000, 0x0000, 0x0000, 0x1009, 0x0000, 0x0000, 0x0000, 0x0000, 0x0000, 0x0000, 0x0000, 0x0000, 0x0000, 0x0000, 0x0000, 0x0000,
    0x0000, 0x0000, 0x0000, 0xbdf8, 0x8cd5, 0x35bf, 0x3dbf, 0x45df, 0x45df, 0x45ff, 0x4dff, 0x4dff, 0x45ff, 0x45ff, 0x45df, 0x3ddf, 0x3dbf, 0x35bf, 0x6419, 0x7bf7, 0x6b56, 0x6b56, 0x6b56, 0x6b55, 0x5af0, 0x10a3, 0x0000, 0x0000, 0x0000, 0x0000, 0x0000, 0x0000, 0x0000, 0x0000, 0x0000, 0x1009, 0x0000, 0x0000, 0x0000, 0x0000, 0x0000, 0x0000, 0x0000, 0x0000, 0x0000, 0x0000, 0x0000, 0x0000,
    0x0000, 0x0000, 0x0000, 0x9cf5, 0xad57, 0x3d7e, 0x35bf, 0x35bf, 0x3dbf, 0x3dbf, 0x3ddf, 0x3ddf, 0x3dbf, 0x3dbf, 0x35bf, 0x35bf, 0x4d3e, 0x5c7b, 0x7bf8, 0xad5a, 0x7bf6, 0x7bf6, 0x7bf6, 0x7bd6, 0x9cd8, 0x8415, 0x10a3, 0x0000, 0x0000, 0x0000, 0x0000, 0x0000, 0x0000, 0x0000, 0x0000, 0x1009, 0x0000, 0x0000, 0x0000, 0x0000, 0x0000, 0x0000, 0x0000, 0x0000, 0x0000, 0x0000, 0x0000, 0x0000,
    0x0000, 0x0000, 0x0000, 0x73b0, 0xad78, 0x4d3c, 0x359f, 0x359f, 0x359f, 0x359f, 0x35bf, 0x35bf, 0x359f, 0x45bf, 0x655d, 0x7c59, 0x94b9, 0xce5b, 0xbdfa, 0xc63b, 0x9497, 0x8c77, 0x8c77, 0x8c56, 0x9cd8, 0xad5a, 0x5af0, 0x0000, 0x0000, 0x0000, 0x0000, 0x0000, 0x0000, 0x0000, 0x0000, 0x1009, 0x0000, 0x0000, 0x0000, 0x0000, 0x0000, 0x0000, 0x0000, 0x0000, 0x0000, 0x0000, 0x0000, 0x0000,
    0x0000, 0x0000, 0x0000, 0x18e4, 0xad58, 0x5cfa, 0x359f, 0x359f, 0x359f, 0x359f, 0x35bf, 0x6e1f, 0x857c, 0x8c58, 0x6316, 0x8c57, 0xf79e, 0xef7d, 0xd6bb, 0xbdda, 0xad79, 0x9cf8, 0x9cf8, 0x94b7, 0x9cd8, 0xad5a, 0x7bd3, 0x0000, 0x0000, 0x0000, 0x0000, 0x0000, 0x0000, 0x0000, 0x0000, 0x1009, 0x0000, 0x0000, 0x0000, 0x0000, 0x0000, 0x0000, 0x0000, 0x0000, 0x0000, 0x0000, 0x0000, 0x0000,
    0x0000, 0x0000, 0x0000, 0x0000, 0xa538, 0x6cb8, 0x359f, 0x359f, 0x55ff, 0x8e5e, 0xa57b, 0x8417, 0x6316, 0x5295, 0x4a74, 0x6335, 0xef7d, 0xef5c, 0xe71c, 0xb599, 0xc63a, 0xad78, 0xad78, 0x9cf7, 0x9cd8, 0xad5a, 0x6331, 0x0000, 0x0000, 0x0000, 0x0000, 0x0000, 0x0000, 0x0000, 0x0000, 0x1009, 0x0000, 0x0000, 0x0000, 0x0000, 0x0000, 0x0000, 0x0000, 0x0000, 0x0000, 0x0000, 0x0000, 0x0000,
    0x0000, 0x0000, 0x0000, 0x0000, 0x9496, 0x84b8, 0x7e7f, 0xa61c, 0x9cf8, 0x8c57, 0x7bd7, 0x5af5, 0x5af5, 0x5af5, 0x5af5, 0x6315, 0xe71c, 0xe73c, 0xdefc, 0xad58, 0xdedc, 0xbdd9, 0xb598, 0x8c56, 0xa539, 0x94b8, 0x2106, 0x0000, 0x0000, 0x0000, 0x0000, 0x0000, 0x0000, 0x0000, 0x0000, 0x1009, 0x0000, 0x0000, 0x0000, 0x0000, 0x0000, 0x0000, 0x0000, 0x0000, 0x0000, 0x0000, 0x0000, 0x0000,
    0x0000, 0x0000, 0x422c, 0x8c56, 0xb5b9, 0x94b7, 0x8c56, 0xad59, 0xdedc, 0xe71c, 0xad5a, 0x8c78, 0x6b76, 0x6b76, 0x6b76, 0x6b75, 0x9cf8, 0xd6bb, 0xd6bb, 0xbdda, 0x94b7, 0x9496, 0x8c77, 0xa53a, 0x8c56, 0x2968, 0x0000, 0x0000, 0x0000, 0x0000, 0x0000, 0x0000, 0x0000, 0x0000, 0x0000, 0x1009, 0x0000, 0x0000, 0x0000, 0x0000, 0x0000, 0x0000, 0x0000, 0x0000, 0x0000, 0x0000, 0x0000, 0x0000,
    0x0000, 0x0000, 0x9497, 0xe73d, 0xf7be, 0xdefc, 0xef7e, 0xf7be, 0xf79e, 0xef7d, 0xb5ba, 0xb59a, 0x8416, 0x8416, 0x8416, 0x7bf6, 0x9cd8, 0x9cf8, 0xc63b, 0xbdfb, 0xad7a, 0x9cf9, 0x8435, 0x528e, 0x0862, 0x0000, 0x4228, 0x3189, 0x0000, 0x0000, 0x0000, 0x0000, 0x0000, 0x0000, 0x0000, 0x1009, 0x0000, 0x0000, 0x0000, 0x0000, 0x0000, 0x0000, 0x0000, 0x0000, 0x0000, 0x0000, 0x0000, 0x0000,
    0x0000, 0x7394, 0xd69b, 0xf7be, 0xffde, 0xffdf, 0xffdf, 0xffde, 0xf79e, 0xef7d, 0xc63a, 0xc63b, 0x94b7, 0x9497, 0x9497, 0x8c57, 0x9cd8, 0xad5a, 0x73b3, 0x4a4d, 0x39eb, 0x18e5, 0x0000, 0x0000, 0x0000, 0x0000, 0x52aa, 0x4a4c, 0x0020, 0x0000, 0x0000, 0x0000, 0x0000, 0x0000, 0x0000, 0x1009, 0x0000, 0x0000, 0x0000, 0x0000, 0x0000, 0x0000, 0x0000, 0x0000, 0x0000, 0x0000, 0x0000, 0x0000,
    0x0000, 0x7394, 0xef5c, 0xf79d, 0xf7be, 0xffdf, 0xffdf, 0xf7be, 0xf79d, 0xef7d, 0xdefc, 0xbdda, 0xb599, 0xa518, 0xa518, 0x94b7, 0x9cd8, 0xad5a, 0x73b3, 0x0000, 0x0000, 0x0000, 0x0000, 0x0000, 0x0000, 0x0000, 0x3186, 0x18e8, 0x0863, 0x0000, 0x0000, 0x0000, 0x0000, 0x0000, 0x0000, 0x1009, 0x0000, 0x0000, 0x0000, 0x0000, 0x0000, 0x0000, 0x0000, 0x0000, 0x0000, 0x0000, 0x0000, 0x0000,
    0x0000, 0x6332, 0xce7b, 0xef7d, 0xf79e, 0xf7be, 0xf7be, 0xf79e, 0xef7d, 0xef5c, 0xe71c, 0xb599, 0xce5b, 0xb598, 0xb598, 0x9cf7, 0x9cf8, 0xad5a, 0x5acf, 0x0000, 0x0000, 0x0000, 0x0000, 0x0000, 0x0000, 0x4a49, 0x528a, 0x3188, 0x2966, 0x31a6, 0x4208, 0x39e7, 0x10a2, 0x0000, 0x0000, 0x1009, 0x0000, 0x0000, 0x0000, 0x0000, 0x0000, 0x0000, 0x0000, 0x0000, 0x0000, 0x0000, 0x0000, 0x0000,
    0x0000, 0x0000, 0x8c55, 0xe71c, 0xef7d, 0xef7d, 0xef7d, 0xef7d, 0xef5c, 0xe73c, 0xdefc, 0xa538, 0xd6bb, 0xbdf9, 0xa537, 0x8c56, 0xad5a, 0x8436, 0x1083, 0x0000, 0x0000, 0x0000, 0x0000, 0x0000, 0x0000, 0x8430, 0xb5b6, 0x8410, 0x7bcf, 0x7bef, 0x7bef, 0x7bef, 0x2124, 0x0000, 0x0000, 0x1009, 0x0000, 0x0000, 0x0000, 0x0000, 0x0000, 0x0000, 0x0000, 0x0000, 0x0000, 0x0000, 0x0000, 0x0000,
    0x0000, 0x0000, 0x18c4, 0x73b3, 0xc61a, 0xef5c, 0xef5c, 0xe73c, 0xe71c, 0xdefc, 0xd69b, 0xc61a, 0x9497, 0x8c76, 0x9cd8, 0xa519, 0x73b3, 0x18c4, 0x0000, 0x0000, 0x0000, 0x0000, 0x0000, 0x0000, 0x0000, 0xa514, 0xc638, 0x8c71, 0x7bcf, 0x7bcf, 0x7bcf, 0x7bcf, 0x2945, 0x0000, 0x0000, 0x1009, 0x0000, 0x0000, 0x0000, 0x0000, 0x0000, 0x0000, 0x0000, 0x0000, 0x0000, 0x0000, 0x0000, 0x0000,
    0x0000, 0x0000, 0x0000, 0x0000, 0x31a9, 0x7392, 0xa517, 0xbdf9, 0xc63a, 0xc63a, 0xc61a, 0xb59a, 0xa539, 0x9497, 0x6b72, 0x39c9, 0x0000, 0x0000, 0x0000, 0x0000, 0x0000, 0x0000, 0x0000, 0x0000, 0x0000, 0xa514, 0xdedb, 0x9471, 0x640c, 0x5c0b, 0x544a, 0x5c0b, 0x3186, 0x0000, 0x0000, 0x1009, 0x0000, 0x0000, 0x0000, 0x0000, 0x0000, 0x0000, 0x0000, 0x0000, 0x0000, 0x0000, 0x0000, 0x0000,
    0x0000, 0x0000, 0x0000, 0x0000, 0x0000, 0x0000, 0x0000, 0x18e5, 0x39ca, 0x420b, 0x420b, 0x39ca, 0x2106, 0x0000, 0x0000, 0x0000, 0x0000, 0x0000, 0x0000, 0x0000, 0x0000, 0x0000, 0x0000, 0x0000, 0x0000, 0xa514, 0xdedb, 0x9492, 0x572c, 0x37aa, 0x0e02, 0x1c83, 0x31a6, 0x0000, 0x0000, 0x1009, 0x0000, 0x0000, 0x0000, 0x0000, 0x0000, 0x0000, 0x0000, 0x0000, 0x0000, 0x0000, 0x0000, 0x0000,
    0x0000, 0x0000, 0x0000, 0x0000, 0x0000, 0x0000, 0x0807, 0x0806, 0x0000, 0x0000, 0x0000, 0x0000, 0x0000, 0x0000, 0x0000, 0x0000, 0x0000, 0x0000, 0x0000, 0x0000, 0x0000, 0x0000, 0x0000, 0x0000, 0x0000, 0xa514, 0xdedb, 0x94b2, 0x2727, 0x0ec4, 0x0580, 0x1ca3, 0x39c7, 0x0000, 0x0000, 0x1009, 0x0000, 0x0000, 0x0000, 0x0000, 0x0000, 0x0000, 0x0000, 0x0000, 0x0000, 0x0000, 0x0000, 0x0000,
    0x0000, 0x0000, 0x0000, 0x0000, 0x0000, 0x0000, 0x1008, 0x1008, 0x0000, 0x0000, 0x0000, 0x0000, 0x0000, 0x0000, 0x0000, 0x0000, 0x0000, 0x0000, 0x0000, 0x0000, 0x0000, 0x0000, 0x0000, 0x0000, 0x0000, 0x9cf3, 0xd6ba, 0x9cb2, 0x0ec5, 0x0643, 0x0602, 0x1d04, 0x39e7, 0x0020, 0x6b4d, 0x18a5, 0x0000, 0x0000, 0x0000, 0x0000, 0x0000, 0x0000, 0x0000, 0x0000, 0x0000, 0x0000, 0x0000, 0x0000,
    0x0000, 0x0000, 0x0000, 0x0000, 0x0000, 0x0000, 0x1008, 0x0807, 0x0000, 0x0000, 0x0000, 0x0000, 0x0000, 0x0000, 0x0000, 0x0000, 0x0000, 0x0000, 0x0000, 0x0000, 0x0000, 0x0000, 0x0000, 0x0000, 0x0000, 0x9cd3, 0xce79, 0x9cd3, 0x0ec5, 0x0ee5, 0x0ee5, 0x2587, 0x8431, 0xd69a, 0xef5e, 0xd69c, 0xad57, 0x8412, 0x39e7, 0x0000, 0x0000, 0x0000, 0x0000, 0x0000, 0x0000, 0x0000, 0x0000, 0x0000,
    0x0000, 0x0000, 0x0000, 0x0000, 0x0000, 0x0000, 0x1008, 0x0807, 0x0000, 0x0000, 0x0000, 0x0000, 0x0000, 0x0000, 0x0000, 0x0000, 0x0000, 0x0000, 0x0000, 0x0000, 0x0000, 0x0000, 0x0000, 0x0000, 0x0000, 0x9492, 0xc638, 0x9cd3, 0x44ea, 0x5c8c, 0x6c0d, 0x7baf, 0xb5b7, 0xef5f, 0xe71e, 0xdebe, 0xce7e, 0xc63d, 0xb5bc, 0x94b7, 0x73b2, 0x39e9, 0x0020, 0x0000, 0x0000, 0x0000, 0x0000, 0x0000,
    0x0000, 0x0000, 0x0000, 0x0000, 0x0000, 0x0000, 0x1008, 0x0807, 0x0000, 0x0000, 0x0000, 0x0000, 0x0000, 0x0000, 0x0000, 0x0000, 0x0000, 0x0000, 0x0000, 0x0000, 0x0000, 0x0000, 0x0000, 0x0000, 0x0000, 0x8c51, 0xbdd7, 0x9cd3, 0x630c, 0x6b6d, 0x6b4d, 0x738e, 0xb5b7, 0xdefe, 0xd6be, 0xce5e, 0xc61d, 0xbddd, 0xb59d, 0x9cb9, 0x8415, 0x8436, 0x8436, 0x5af0, 0x0861, 0x0000, 0x0000, 0x0000,
    0x0000, 0x0000, 0x0000, 0x0000, 0x0000, 0x0000, 0x1008, 0x0807, 0x0000, 0x0000, 0x0000, 0x0000, 0x0000, 0x0000, 0x0000, 0x0000, 0x0000, 0x0000, 0x0000, 0x0000, 0x0000, 0x0000, 0x0000, 0x0000, 0x0000, 0x8410, 0xb596, 0x9cd3, 0x738e, 0x94b3, 0x8410, 0x6b4d, 0xad78, 0xd69e, 0xce3d, 0xc5fd, 0xad7b, 0x8c35, 0x83f5, 0x9499, 0x9499, 0x63b2, 0x3c09, 0x63b0, 0x39c9, 0x0000, 0x0000, 0x0000,
    0x0000, 0x0000, 0x0000, 0x0000, 0x0000, 0x0000, 0x1008, 0x0807, 0x0000, 0x0000, 0x0000, 0x0000, 0x0000, 0x0000, 0x0000, 0x0000, 0x0000, 0x0000, 0x0000, 0x0000, 0x0000, 0x0000, 0x0000, 0x0000, 0x0000, 0x7bcf, 0xad55, 0x9cd3, 0x632d, 0x8410, 0x8c51, 0x8410, 0x94b7, 0xbdfd, 0x9496, 0x7bd3, 0x8c56, 0x94ba, 0x73b5, 0x622c, 0x79a9, 0x34e9, 0x2627, 0x84b5, 0x31a8, 0x0000, 0x0000, 0x0000,
    0x0000, 0x0000, 0x0000, 0x0000, 0x0000, 0x0000, 0x0002, 0x1008, 0x1008, 0x1008, 0x1009, 0x1009, 0x1009, 0x1009, 0x1009, 0x1009, 0x1009, 0x1009, 0x1009, 0x1009, 0x1009, 0x1009, 0x1009, 0x1009, 0x0806, 0x6b4d, 0xa514, 0x94b3, 0x52aa, 0x7bcf, 0x7bf0, 0x7bf1, 0x7bb6, 0x5ad2, 0x7397, 0x8417, 0x6a8e, 0x71e8, 0x9266, 0x98c5, 0xa22c, 0x84d6, 0x8c76, 0x5aee, 0x0020, 0x0000, 0x0000, 0x0000,
    0x0000, 0x0000, 0x0000, 0x0000, 0x0000, 0x0000, 0x0000, 0x0000, 0x0001, 0x0001, 0x0001, 0x0001, 0x0001, 0x0001, 0x0001, 0x0001, 0x0001, 0x0001, 0x0001, 0x0001, 0x0001, 0x0001, 0x0001, 0x0001, 0x0000, 0x632c, 0x9cf3, 0x94b3, 0x7bd0, 0x8c73, 0x6b6e, 0x630d, 0x94b8, 0x7393, 0x8c5b, 0x8207, 0xb304, 0xb489, 0xacf1, 0x9c57, 0x7bd3, 0x422b, 0x0841, 0x0000, 0x0000, 0x0000, 0x0000, 0x0000,
    0x0000, 0x0000, 0x0000, 0x0000, 0x0000, 0x0000, 0x0000, 0x0000, 0x0000, 0x0000, 0x0000, 0x0000, 0x0000, 0x0000, 0x0000, 0x0000, 0x0000, 0x0000, 0x0000, 0x0000, 0x0000, 0x0000, 0x0000, 0x0000, 0x0000, 0x6b4d, 0x9cf3, 0x94b4, 0x73b0, 0xa537, 0xbdfb, 0xce7d, 0x8432, 0x8c54, 0xb59c, 0x9c6e, 0xa4f4, 0x8c77, 0x632f, 0x2946, 0x0000, 0x0000, 0x0000, 0x0000, 0x0000, 0x0000, 0x0000, 0x0000,
    0x0000, 0x0000, 0x0000, 0x0000, 0x0000, 0x0000, 0x0000, 0x0000, 0x0000, 0x0000, 0x0000, 0x0000, 0x0000, 0x0000, 0x0000, 0x0000, 0x0000, 0x0000, 0x0000, 0x0000, 0x0000, 0x0000, 0x0000, 0x0000, 0x0000, 0x528a, 0x8c51, 0x9493, 0xbdfb, 0xa517, 0x7bd1, 0x39c8, 0x0000, 0x2945, 0x9494, 0x73b3, 0x4a4b, 0x10a3, 0x0000, 0x0000, 0x0000, 0x0000, 0x0000, 0x0000, 0x0000, 0x0000, 0x0000, 0x0000,
    0x0000, 0x0000, 0x0000, 0x0000, 0x0000, 0x0000, 0x0000, 0x0000, 0x0000, 0x0000, 0x0000, 0x0000, 0x0000, 0x0000, 0x0000, 0x0000, 0x0000, 0x0000, 0x0000, 0x0000, 0x0000, 0x0000, 0x0000, 0x0000, 0x0000, 0x0000, 0x0861, 0x10a2, 0x0861, 0x0000, 0x0000, 0x0000, 0x0000, 0x0000, 0x0000, 0x0000, 0x0000, 0x0000, 0x0000, 0x0000, 0x0000, 0x0000, 0x0000, 0x0000, 0x0000, 0x0000, 0x0000, 0x0000,
    0x0000, 0x0000, 0x0000, 0x0000, 0x0000, 0x0000, 0x0000, 0x0000, 0x0000, 0x0000, 0x0000, 0x0000, 0x0000, 0x0000, 0x0000, 0x0000, 0x0000, 0x0000, 0x0000, 0x0000, 0x0000, 0x0000, 0x0000, 0x0000, 0x0000, 0x0000, 0x0000, 0x0000, 0x0000, 0x0000, 0x0000, 0x0000, 0x0000, 0x0000, 0x0000, 0x0000, 0x0000, 0x0000, 0x0000, 0x0000, 0x0000, 0x0000, 0x0000, 0x0000, 0x0000, 0x0000, 0x0000, 0x0000,
    0x0000, 0x0000, 0x0000, 0x0000, 0x0000, 0x0000, 0x0000, 0x0000, 0x0000, 0x0000, 0x0000, 0x0000, 0x0000, 0x0000, 0x0000, 0x0000, 0x0000, 0x0000, 0x0000, 0x0000, 0x0000, 0x0000, 0x0000, 0x0000, 0x0000, 0x0000, 0x0000, 0x0000, 0x0000, 0x0000, 0x0000, 0x0000, 0x0000, 0x0000, 0x0000, 0x0000, 0x0000, 0x0000, 0x0000, 0x0000, 0x0000, 0x0000, 0x0000, 0x0000, 0x0000, 0x0000, 0x0000, 0x0000,
};
static const uint8_t XP_ROLL_A[48 * 48] = {
      0,   0,   0,   0,   0,   0,   0,   0,   0,   0,   0,   0,   0,   0,   0,   0,   0,   0,   0,   1,   2,   8,  42,  89, 135,  74,   9,   0,   0,   0,   0,   0,   0,   0,   0,   0,   0,   0,   0,   0,   0,   0,   0,   0,   0,   0,   0,   0,
      0,   0,   0,   0,   0,   0,   0,   0,   0,   0,   0,   0,   0,   0,   1,   4,  17,  62, 109, 155, 200, 243, 255, 255, 255, 211,  43,   0,   0,   0,   0,   0,   0,   0,   0,   0,   0,   0,   0,   0,   0,   0,   0,   0,   0,   0,   0,   0,
      0,   0,   0,   0,   0,   0,   0,   0,   0,   1,   7,  44,  90, 134, 178, 221, 252, 255, 255, 255, 255, 255, 255, 255, 255, 236,  69,   2,   0,   0,   0,   0,   0,   0,   0,   0,   0,   0,   0,   0,   0,   0,   0,   0,   0,   0,   0,   0,
      0,   0,   0,   0,   0,   0,   0,   0,   0, 116, 244, 255, 255, 255, 255, 255, 255, 255, 255, 255, 255, 255, 255, 255, 255, 248,  85,   3,   0,   0,   0,   0,   0,   0,   0,   0,   0,   0,   0,   0,   0,   0,   0,   0,   0,   0,   0,   0,
      0,   0,   0,   0,   0,   0,   0,   0,   1, 205, 255, 255, 255, 255, 255, 255, 255, 255, 255, 255, 255, 255, 255, 255, 255, 255, 104,   6,   0,   0,   0,   0,   0,   0,   0,   0,   0,   0,   0,   0,   0,   0,   0,   0,   0,   0,   0,   0,
      0,   0,   0,   0,   0,   0,   0,   0,   1, 160, 255, 255, 255, 255, 255, 255, 255, 255, 255, 255, 255, 255, 255, 255, 255, 255, 129,  11,   0,   0,   0,   0,   0,   0,   0,   0,   0,   0,   0,   0,   0,   0,   0,   0,   0,   0,   0,   0,
      0,   0,   0,   0,   0,   0,   0,   0,   0,  99, 255, 255, 255, 255, 255, 255, 255, 255, 255, 255, 255, 255, 255, 255, 255, 255, 153,  16,   0,   0,   0,   0,   0,   0,   0,   0,   0,   0,   0,   0,   0,   0,   0,   0,   0,   0,   0,   0,
      0,   0,   0,   0,   0,   1,   4,  17,  62, 136, 255, 255, 255, 255, 255, 255, 255, 255, 255, 255, 255, 255, 255, 255, 255, 255, 174,  24,   0,   0,   0,   0,   0,   0,   0,   0,   0,   0,   0,   0,   0,   0,   0,   0,   0,   0,   0,   0,
      0,   2,  42,  89, 134, 178, 221, 252, 255, 255, 255, 255, 255, 255, 255, 255, 255, 255, 255, 255, 255, 255, 255, 255, 255, 255, 194,  38,   6,   6,   6,   6,   6,   6,   5,   3,   0,   0,   0,   0,   0,   0,   0,   0,   0,   0,   0,   0,
      0, 151, 255, 255, 255, 255, 255, 255, 255, 255, 255, 255, 255, 255, 255, 255, 255, 255, 255, 255, 255, 255, 255, 255, 255, 255, 248, 228, 224, 224, 224, 224, 224, 224, 219, 122,  17,   0,   0,   0,   0,   0,   0,   0,   0,   0,   0,   0,
      1, 200, 255, 255, 255, 255, 255, 255, 255, 255, 255, 255, 255, 255, 255, 255, 255, 255, 255, 255, 255, 255, 255, 255, 255, 255, 233, 119,  82,  81,  81,  81,  81,  81,  92, 232,  68,   4,   0,   0,   0,   0,   0,   0,   0,   0,   0,   0,
      1, 148, 255, 255, 255, 255, 255, 255, 255, 255, 255, 255, 255, 255, 255, 255, 255, 255, 255, 255, 255, 255, 255, 255, 255, 255, 239,  77,   6,   4,   4,   4,   4,   4,   7, 217,  90,   7,   0,   0,   0,   0,   0,   0,   0,   0,   0,   0,
      0,  87, 255, 255, 255, 255, 255, 255, 255, 255, 255, 255, 255, 255, 255, 255, 255, 255, 255, 255, 255, 255, 255, 255, 255, 255, 250,  91,   5,   0,   0,   0,   0,   0,   2, 216,  91,   8,   0,   0,   0,   0,   0,   0,   0,   0,   0,   0,
      0,  28, 254, 255, 255, 255, 255, 255, 255, 255, 255, 255, 255, 255, 255, 255, 255, 255, 255, 255, 255, 255, 255, 255, 255, 255, 255, 111,   8,   0,   0,   0,   0,   0,   2, 216,  91,   8,   0,   0,   0,   0,   0,   0,   0,   0,   0,   0,
      0,   5, 217, 255, 255, 255, 255, 255, 255, 255, 255, 255, 255, 255, 255, 255, 255, 255, 255, 255, 255, 255, 255, 255, 255, 255, 248, 106,   9,   0,   0,   0,   0,   0,   2, 216,  91,   8,   0,   0,   0,   0,   0,   0,   0,   0,   0,   0,
      0,   1, 161, 255, 255, 255, 255, 255, 255, 255, 255, 255, 255, 255, 255, 255, 255, 255, 255, 255, 255, 255, 255, 255, 246, 199, 123,  42,   2,   0,   0,   0,   0,   0,   2, 216,  91,   8,   0,   0,   0,   0,   0,   0,   0,   0,   0,   0,
      0,   0, 104, 255, 255, 255, 255, 255, 255, 255, 255, 255, 255, 255, 255, 255, 255, 255, 255, 255, 255, 255, 255, 237, 125,  52,  16,   2,   0,   0,   0,   0,   0,   0,   2, 216,  91,   8,   0,   0,   0,   0,   0,   0,   0,   0,   0,   0,
      0,   0,  45, 255, 255, 255, 255, 255, 255, 255, 255, 255, 255, 255, 255, 255, 255, 255, 255, 255, 255, 255, 255, 244,  82,   4,   0,   0,   0,   0,   0,   0,   0,   0,   2, 216,  91,   8,   0,   0,   0,   0,   0,   0,   0,   0,   0,   0,
      0,   0,   7, 233, 255, 255, 255, 255, 255, 255, 255, 255, 255, 255, 255, 255, 255, 255, 255, 255, 255, 255, 255, 255, 105,   8,   0,   0,   0,   0,   0,   0,   0,   0,   2, 216,  91,   8,   0,   0,   0,   0,   0,   0,   0,   0,   0,   0,
      0,   0,   2, 178, 255, 255, 255, 255, 255, 255, 255, 255, 255, 255, 255, 255, 255, 255, 255, 255, 255, 255, 255, 255, 190,  40,   3,   0,   0,   0,   0,   0,   0,   0,   2, 216,  91,   8,   0,   0,   0,   0,   0,   0,   0,   0,   0,   0,
      0,   0,   0, 117, 255, 255, 255, 255, 255, 255, 255, 255, 255, 255, 255, 255, 255, 255, 255, 255, 255, 255, 255, 255, 255, 212,  49,   3,   0,   0,   0,   0,   0,   0,   2, 216,  91,   8,   0,   0,   0,   0,   0,   0,   0,   0,   0,   0,
      0,   0,   0,  56, 255, 255, 255, 255, 255, 255, 255, 255, 255, 255, 255, 255, 255, 255, 255, 255, 255, 255, 255, 255, 255, 255, 171,  23,   0,   0,   0,   0,   0,   0,   2, 216,  91,   8,   0,   0,   0,   0,   0,   0,   0,   0,   0,   0,
      0,   0,   0,  10, 241, 255, 255, 255, 255, 255, 255, 255, 255, 255, 255, 255, 255, 255, 255, 255, 255, 255, 255, 255, 255, 255, 223,  53,   1,   0,   0,   0,   0,   0,   2, 216,  91,   8,   0,   0,   0,   0,   0,   0,   0,   0,   0,   0,
      0,   0,   0,   2, 186, 255, 255, 255, 255, 255, 255, 255, 255, 255, 255, 255, 255, 255, 255, 255, 255, 255, 255, 255, 255, 255, 215,  56,   1,   0,   0,   0,   0,   0,   2, 216,  91,   8,   0,   0,   0,   0,   0,   0,   0,   0,   0,   0,
      0,   0,   0,   1, 134, 255, 255, 255, 255, 255, 255, 255, 255, 255, 255, 255, 255, 255, 255, 255, 255, 255, 255, 255, 255, 252, 149,  27,   0,   0,   0,   0,   0,   0,   2, 216,  91,   8,   0,   0,   0,   0,   0,   0,   0,   0,   0,   0,
      0,   0,   4, 132, 249, 255, 255, 255, 255, 255, 255, 255, 255, 255, 255, 255, 255, 255, 255, 255, 255, 255, 255, 255, 246, 167,  59,  12,   4,   0,   0,   0,   0,   0,   2, 216,  91,   8,   0,   0,   0,   0,   0,   0,   0,   0,   0,   0,
      0,   1, 156, 255, 255, 255, 255, 255, 255, 255, 255, 255, 255, 255, 255, 255, 255, 255, 255, 255, 255, 255, 240, 194, 115,  45, 167, 231,  51,   3,   0,   0,   0,   0,   2, 216,  91,   8,   0,   0,   0,   0,   0,   0,   0,   0,   0,   0,
      0,  54, 255, 255, 255, 255, 255, 255, 255, 255, 255, 255, 255, 255, 255, 255, 255, 255, 241, 193, 161, 125,  83,  44,  13,   2, 189, 255, 102,   7,   0,   0,   0,   0,   2, 218,  91,   8,   0,   0,   0,   0,   0,   0,   0,   0,   0,   0,
      0, 104, 255, 255, 255, 255, 255, 255, 255, 255, 255, 255, 255, 255, 255, 255, 255, 255, 228,  79,  21,  11,   4,   1,   0,   1, 193, 255, 117,  10,   1,   0,   0,   0,   2, 219,  92,   8,   0,   0,   0,   0,   0,   0,   0,   0,   0,   0,
      0,  62, 255, 255, 255, 255, 255, 255, 255, 255, 255, 255, 255, 255, 255, 255, 255, 255, 207,  54,   1,   0,   0,   0,   0,  67, 241, 255, 219, 159, 143, 121,  39,   3,   2, 219,  92,   8,   0,   0,   0,   0,   0,   0,   0,   0,   0,   0,
      0,   6, 175, 255, 255, 255, 255, 255, 255, 255, 255, 255, 255, 255, 255, 255, 255, 244, 129,  22,   0,   0,   0,   0,   0, 145, 255, 255, 255, 255, 255, 255, 158,  19,   2, 219,  92,   8,   0,   0,   0,   0,   0,   0,   0,   0,   0,   0,
      0,   0,  24, 170, 253, 255, 255, 255, 255, 255, 255, 255, 255, 255, 255, 255, 234, 140,  42,   3,   0,   0,   0,   0,   0, 152, 255, 255, 255, 255, 255, 255, 183,  29,   2, 218,  91,   8,   0,   0,   0,   0,   0,   0,   0,   0,   0,   0,
      0,   0,   1,  16,  84, 181, 236, 255, 255, 255, 255, 255, 255, 249, 220, 165,  90,  30,   3,   0,   0,   0,   0,   0,   0, 157, 255, 255, 255, 255, 255, 255, 188,  32,   2, 216,  91,   8,   0,   0,   0,   0,   0,   0,   0,   0,   0,   0,
      0,   0,   0,   0,   3,  19,  48,  89, 127, 148, 153, 146, 124,  91,  59,  27,   7,   1,   0,   0,   0,   0,   0,   0,   0, 159, 255, 255, 255, 255, 255, 255, 192,  34,   2, 216,  91,   8,   0,   0,   0,   0,   0,   0,   0,   0,   0,   0,
      0,   0,   0,   0,   0,   0,  11,  45,  15,  13,  15,  14,  10,   5,   1,   0,   0,   0,   0,   0,   0,   0,   0,   0,   0, 160, 255, 255, 255, 255, 255, 255, 193,  35,   2, 216,  88,   7,   0,   0,   0,   0,   0,   0,   0,   0,   0,   0,
      0,   0,   0,   0,   0,   0,  53, 202,  40,   1,   0,   0,   0,   0,   0,   0,   0,   0,   0,   0,   0,   0,   0,   0,   0, 159, 255, 255, 255, 255, 255, 255, 193,  42,  57,  87,  54,   6,   0,   0,   0,   0,   0,   0,   0,   0,   0,   0,
      0,   0,   0,   0,   0,   0,  55, 213,  56,   1,   0,   0,   0,   0,   0,   0,   0,   0,   0,   0,   0,   0,   0,   0,   0, 157, 255, 255, 255, 255, 255, 255, 236, 239, 255, 252, 205, 135,  58,  13,   3,   0,   0,   0,   0,   0,   0,   0,
      0,   0,   0,   0,   0,   0,  55, 213,  56,   1,   0,   0,   0,   0,   0,   0,   0,   0,   0,   0,   0,   0,   0,   0,   0, 154, 255, 255, 255, 255, 255, 255, 255, 255, 255, 255, 255, 255, 255, 222, 154,  78,  18,   5,   1,   0,   0,   0,
      0,   0,   0,   0,   0,   0,  55, 213,  56,   1,   0,   0,   0,   0,   0,   0,   0,   0,   0,   0,   0,   0,   0,   0,   0, 148, 255, 255, 255, 255, 255, 255, 255, 255, 255, 255, 255, 255, 255, 255, 255, 255, 237, 170,  40,   3,   0,   0,
      0,   0,   0,   0,   0,   0,  55, 213,  56,   1,   0,   0,   0,   0,   0,   0,   0,   0,   0,   0,   0,   0,   0,   0,   0, 143, 255, 255, 255, 255, 255, 255, 255, 255, 255, 255, 255, 255, 255, 255, 255, 255, 255, 255, 156,  18,   0,   0,
      0,   0,   0,   0,   0,   0,  50, 219,  62,   5,   4,   4,   4,   4,   4,   4,   4,   4,   4,   4,   4,   4,   4,   4,   3, 137, 255, 255, 255, 255, 255, 255, 255, 255, 255, 255, 255, 255, 255, 255, 255, 255, 255, 255, 174,  27,   0,   0,
      0,   0,   0,   0,   0,   0,   9, 190, 222, 208, 208, 208, 208, 208, 208, 208, 208, 208, 208, 208, 208, 208, 209, 209, 119, 142, 255, 255, 255, 255, 255, 255, 255, 255, 255, 255, 255, 255, 255, 255, 255, 255, 253, 220, 106,  13,   0,   0,
      0,   0,   0,   0,   0,   0,   1,  21,  71,  88,  88,  88,  88,  88,  88,  88,  88,  88,  88,  88,  88,  88,  88,  88,  67, 133, 255, 255, 255, 255, 255, 255, 255, 255, 255, 255, 255, 255, 255, 255, 246, 199, 128,  69,  21,   1,   0,   0,
      0,   0,   0,   0,   0,   0,   0,   0,   3,   5,   5,   5,   5,   5,   5,   5,   5,   5,   5,   5,   5,   5,   5,   5,   4, 111, 255, 255, 255, 255, 255, 255, 246, 255, 255, 255, 255, 255, 230, 173, 102,  50,  17,   3,   0,   0,   0,   0,
      0,   0,   0,   0,   0,   0,   0,   0,   0,   0,   0,   0,   0,   0,   0,   0,   0,   0,   0,   0,   0,   0,   0,   0,   0,  74, 249, 255, 255, 250, 224, 181, 104, 119, 204, 244, 206, 141,  77,  33,   9,   1,   0,   0,   0,   0,   0,   0,
      0,   0,   0,   0,   0,   0,   0,   0,   0,   0,   0,   0,   0,   0,   0,   0,   0,   0,   0,   0,   0,   0,   0,   0,   0,   6,  63, 131, 123,  91,  62,  33,  10,   6,  26,  60,  52,  19,   4,   0,   0,   0,   0,   0,   0,   0,   0,   0,
      0,   0,   0,   0,   0,   0,   0,   0,   0,   0,   0,   0,   0,   0,   0,   0,   0,   0,   0,   0,   0,   0,   0,   0,   0,   0,   2,   9,  10,   5,   2,   0,   0,   0,   0,   1,   1,   0,   0,   0,   0,   0,   0,   0,   0,   0,   0,   0,
      0,   0,   0,   0,   0,   0,   0,   0,   0,   0,   0,   0,   0,   0,   0,   0,   0,   0,   0,   0,   0,   0,   0,   0,   0,   0,   0,   0,   0,   0,   0,   0,   0,   0,   0,   0,   0,   0,   0,   0,   0,   0,   0,   0,   0,   0,   0,   0,
};

/* SETTINGS - SettingsAlert.png. Gear. */
static const uint16_t XP_SETTINGS_RGB[48 * 48] = {
    0x0000, 0x0000, 0x0000, 0x0000, 0x0000, 0x0000, 0x0000, 0x0000, 0x0000, 0x0000, 0x0000, 0x0000, 0x0000, 0x0000, 0x0000, 0x0000, 0x0000, 0x0000, 0x0000, 0x0000, 0x0000, 0x0000, 0x0000, 0x0000, 0x0000, 0x0000, 0x0000, 0x0000, 0x0000, 0x0000, 0x0000, 0x0000, 0x0000, 0x0000, 0x0000, 0x0000, 0x0000, 0x0000, 0x0000, 0x0000, 0x0000, 0x0000, 0x0000, 0x0000, 0x0000, 0x0000, 0x0000, 0x0000,
    0x0000, 0x0000, 0x0000, 0x0000, 0x0000, 0x0000, 0x0000, 0x0000, 0x0000, 0x0000, 0x0000, 0x0000, 0x0000, 0x0000, 0x0000, 0x0000, 0x0000, 0x0000, 0x0000, 0x0861, 0x6b8f, 0x7c32, 0x7c12, 0x634e, 0x0000, 0x0000, 0x0000, 0x0000, 0x0000, 0x0000, 0x0000, 0x0000, 0x0000, 0x0000, 0x0000, 0x0000, 0x0000, 0x0000, 0x0000, 0x0000, 0x0000, 0x0000, 0x0000, 0x0000, 0x0000, 0x0000, 0x0000, 0x0000,
    0x0000, 0x0000, 0x0000, 0x0000, 0x0000, 0x0000, 0x0000, 0x0000, 0x0000, 0x0000, 0x0000, 0x0000, 0x0000, 0x0000, 0x0000, 0x0000, 0x0000, 0x0000, 0x9537, 0xa599, 0xa5b9, 0x9d59, 0x94f9, 0x8cb9, 0x7c17, 0x5af3, 0x0000, 0x0000, 0x18e4, 0x0000, 0x0000, 0x0000, 0x0000, 0x0000, 0x0000, 0x0000, 0x0000, 0x0000, 0x0000, 0x0000, 0x0000, 0x0000, 0x0000, 0x0000, 0x0000, 0x0000, 0x0000, 0x0000,
    0x0000, 0x0000, 0x0000, 0x0000, 0x0000, 0x0000, 0x0000, 0x0000, 0x0000, 0x0000, 0x0000, 0x0000, 0x0000, 0x0000, 0x0000, 0x0000, 0x0000, 0x0000, 0x8cf7, 0x9558, 0x8499, 0x6b7a, 0x6b7a, 0x6b7a, 0x6b7a, 0x6338, 0x0000, 0x73f2, 0xa5b9, 0x8cd5, 0x420c, 0x0000, 0x0000, 0x0000, 0x0000, 0x0000, 0x0000, 0x0000, 0x0000, 0x0000, 0x0000, 0x0000, 0x0000, 0x0000, 0x0000, 0x0000, 0x0000, 0x0000,
    0x0000, 0x0000, 0x0000, 0x0000, 0x0000, 0x0000, 0x0000, 0x0000, 0x0000, 0x0000, 0x0000, 0x0000, 0x9d37, 0xa5b9, 0x94f6, 0x5b0e, 0x0000, 0x0000, 0x8cf7, 0x9538, 0x7c39, 0x6b7a, 0x6b7a, 0x6b7a, 0x6b7a, 0x6b58, 0x1082, 0x9d58, 0x9d79, 0x94f9, 0x6b7a, 0x5af6, 0x318b, 0x0000, 0x0000, 0x0000, 0x0000, 0x0000, 0x0000, 0x0000, 0x0000, 0x0000, 0x0000, 0x0000, 0x0000, 0x0000, 0x0000, 0x0000,
    0x0000, 0x0000, 0x0000, 0x0000, 0x0000, 0x0000, 0x0000, 0x0000, 0x0000, 0x0000, 0x6bb0, 0xa578, 0xa599, 0x9d79, 0x8cb9, 0x73ba, 0x31ac, 0x0020, 0x9538, 0x9538, 0x7c1a, 0x739a, 0x739a, 0x739a, 0x739a, 0x6b79, 0x7412, 0x9d78, 0x9518, 0x73ba, 0x739a, 0x739a, 0x6b7a, 0x5293, 0x0842, 0x0000, 0x0000, 0x0000, 0x0000, 0x0000, 0x0000, 0x0000, 0x0000, 0x0000, 0x0000, 0x0000, 0x0000, 0x0000,
    0x0000, 0x0000, 0x0000, 0x0000, 0x0000, 0x0000, 0x0000, 0x0000, 0x0000, 0x8474, 0x9d78, 0x9d79, 0x9539, 0x7c1a, 0x739a, 0x739a, 0x6b79, 0x4a6d, 0x9d58, 0x9558, 0x73da, 0x739a, 0x739a, 0x739a, 0x739a, 0x739a, 0x9d39, 0x9558, 0x7bfa, 0x739a, 0x739a, 0x739a, 0x739a, 0x739a, 0x4a51, 0x0000, 0x0000, 0x0000, 0x0000, 0x0000, 0x0000, 0x0000, 0x0000, 0x0000, 0x0000, 0x0000, 0x0000, 0x0000,
    0x0000, 0x0000, 0x0000, 0x0000, 0x0000, 0x0000, 0x0000, 0x0000, 0x0000, 0x8cd6, 0x9538, 0x9519, 0x7bda, 0x73ba, 0x73ba, 0x73ba, 0x73ba, 0x7bfa, 0x9539, 0x8cf9, 0x73ba, 0x73ba, 0x73ba, 0x73ba, 0x73ba, 0x73ba, 0x73ba, 0x73da, 0x73ba, 0x73ba, 0x73ba, 0x73ba, 0x73ba, 0x739a, 0x10a5, 0x0000, 0x0000, 0x0000, 0x0000, 0x0000, 0x0000, 0x0000, 0x0000, 0x0000, 0x0000, 0x0000, 0x0000, 0x0000,
    0x0000, 0x0000, 0x0000, 0x0000, 0x0000, 0x0000, 0x0000, 0x0000, 0x0000, 0x6bd2, 0x8cd7, 0x8499, 0x73ba, 0x73ba, 0x73ba, 0x73ba, 0x73ba, 0x73ba, 0x73ba, 0x73ba, 0x73ba, 0x73ba, 0x73ba, 0x73ba, 0x73ba, 0x73ba, 0x73ba, 0x73ba, 0x73ba, 0x73ba, 0x73ba, 0x73ba, 0x73ba, 0x5292, 0x0000, 0x0000, 0x0000, 0x0000, 0x0000, 0x0000, 0x0000, 0x0000, 0x0000, 0x0000, 0x0000, 0x0000, 0x0000, 0x0000,
    0x0000, 0x0000, 0x0000, 0x0000, 0x0000, 0x0000, 0x0000, 0x0000, 0x0000, 0x2987, 0x84b6, 0x8cf8, 0x7bda, 0x7bda, 0x7bda, 0x7bda, 0x7bda, 0x7bda, 0x7bda, 0x7bda, 0x7bda, 0x7bda, 0x7bda, 0x7bda, 0x7bda, 0x7bda, 0x7bda, 0x7bda, 0x7bda, 0x7bda, 0x7bda, 0x7bda, 0x7bda, 0x2968, 0x6bb0, 0xa598, 0x9516, 0x6370, 0x0000, 0x0000, 0x0000, 0x0000, 0x0000, 0x0000, 0x0000, 0x0000, 0x0000, 0x0000,
    0x0000, 0x0000, 0x0000, 0x0000, 0x0000, 0x0000, 0x0000, 0x0000, 0x0000, 0x0000, 0x7c75, 0x8d18, 0x7c1a, 0x7bda, 0x7bda, 0x7bda, 0x7bda, 0x7bda, 0x7bda, 0x7bda, 0x7bda, 0x7bda, 0x7bda, 0x7bda, 0x7bda, 0x7bda, 0x7bda, 0x7bda, 0x7bda, 0x7bda, 0x7bda, 0x7bda, 0x7bda, 0x9d59, 0xa599, 0x9519, 0x845a, 0x7bda, 0x39cc, 0x0000, 0x0000, 0x0000, 0x0000, 0x0000, 0x0000, 0x0000, 0x0000, 0x0000,
    0x0000, 0x0000, 0x0000, 0x0000, 0x0000, 0x8cf5, 0x426a, 0x0000, 0x0000, 0x0000, 0x7c74, 0x9538, 0x847a, 0x7bfa, 0x7bfa, 0x7bfa, 0x7bfa, 0x7bfa, 0x7bfa, 0x7bfa, 0x7bfa, 0x7bfa, 0x7bfa, 0x7bfa, 0x7bfa, 0x7bfa, 0x7bfa, 0x7bfa, 0x7bfa, 0x7bfa, 0x7bfa, 0x7bfa, 0x7bfa, 0x7bfa, 0x7c1a, 0x7bfa, 0x7bfa, 0x7bfa, 0x7398, 0x0862, 0x0000, 0x0000, 0x0000, 0x0000, 0x0000, 0x0000, 0x0000, 0x0000,
    0x0000, 0x0000, 0x0000, 0x0000, 0x0020, 0x9d78, 0xa5b9, 0x8cb6, 0x5ad1, 0x2145, 0x9537, 0x9558, 0x8cd9, 0x7bfb, 0x7bfb, 0x7bfb, 0x7bfb, 0x7bfb, 0x7bfb, 0x7bfb, 0x7bfb, 0x7bfb, 0x7bfb, 0x7bfb, 0x7bfb, 0x7bfb, 0x7bfb, 0x7bfb, 0x7bfb, 0x7bfb, 0x7bfb, 0x7bfb, 0x7bfb, 0x7bfb, 0x7bfb, 0x7bfb, 0x7bfb, 0x7bfb, 0x7bfb, 0x4a4f, 0x0000, 0x0000, 0x0000, 0x0000, 0x0000, 0x0000, 0x0000, 0x0000,
    0x0000, 0x0000, 0x0000, 0x0000, 0x8cf6, 0x9d58, 0x9d78, 0x8c7a, 0x841b, 0x843b, 0x8cda, 0x9519, 0x847a, 0x841b, 0x841b, 0x841b, 0x841b, 0x841b, 0x841b, 0x841b, 0x7bd9, 0x4a70, 0x2948, 0x0862, 0x0020, 0x18e5, 0x6332, 0x7c19, 0x841b, 0x841b, 0x841b, 0x841b, 0x841b, 0x841b, 0x841b, 0x841b, 0x841b, 0x841b, 0x841b, 0x7bd9, 0x0021, 0x0000, 0x0000, 0x0000, 0x0000, 0x0000, 0x0000, 0x0000,
    0x0000, 0x0000, 0x0000, 0x0000, 0x9538, 0x9558, 0x8cf9, 0x841b, 0x841b, 0x841b, 0x841b, 0x841b, 0x841b, 0x841b, 0x841b, 0x841b, 0x841b, 0x841b, 0x841b, 0x52b1, 0x0862, 0x0000, 0x0000, 0x0000, 0x0000, 0x0000, 0x0020, 0x6390, 0x9d0f, 0xc5e9, 0xc5eb, 0x9498, 0x841b, 0x841b, 0x841b, 0x841b, 0x841b, 0x841b, 0x841b, 0x841b, 0x2107, 0x0000, 0x0000, 0x0000, 0x0000, 0x0000, 0x0000, 0x0000,
    0x0000, 0x0000, 0x0000, 0x84b5, 0x9538, 0x9538, 0x8c7a, 0x843b, 0x843b, 0x843b, 0x843b, 0x843b, 0x843b, 0x843b, 0x843b, 0x843b, 0x843b, 0x841b, 0x39cb, 0x0000, 0x0000, 0x0000, 0x0000, 0x0000, 0x0000, 0x0000, 0x0000, 0xb541, 0xd641, 0xe701, 0xf761, 0xef04, 0x5a94, 0x7bda, 0x843b, 0x843b, 0x843b, 0x843b, 0x843b, 0x31ab, 0x0000, 0x0000, 0x0000, 0x0000, 0x0000, 0x0000, 0x0000, 0x0000,
    0x0000, 0x0000, 0x0000, 0x84b6, 0x8cf7, 0x8cf8, 0x845b, 0x845b, 0x845b, 0x845b, 0x845b, 0x845b, 0x845b, 0x845b, 0x845b, 0x845b, 0x843b, 0x39cb, 0x0000, 0x0000, 0x0000, 0x0000, 0x0000, 0x0000, 0x0000, 0x0000, 0xbdc1, 0xc601, 0xdea1, 0xf741, 0xf781, 0xf781, 0x7ba8, 0x1871, 0x7bda, 0x845b, 0x845b, 0x843b, 0x39ec, 0x0000, 0x0000, 0x0000, 0x0000, 0x0000, 0x0000, 0x0000, 0x0000, 0x0000,
    0x0000, 0x0000, 0x0000, 0x52ee, 0x7413, 0x8478, 0x8c5b, 0x8c5b, 0x8c5b, 0x8c5b, 0x8c5b, 0x8c5b, 0x8c5b, 0x8c5b, 0x8c5b, 0x8c5b, 0x52b1, 0x0000, 0x0000, 0x0000, 0x0000, 0x0000, 0x0000, 0x0000, 0x0000, 0x0000, 0xc5e1, 0xd661, 0xef21, 0xf781, 0xff81, 0xff81, 0xe6e2, 0x106f, 0x41d4, 0x8c5b, 0x8c5b, 0x422d, 0x0000, 0x0000, 0x0000, 0x0000, 0x0000, 0x0000, 0x0000, 0x0000, 0x0000, 0x0000,
    0x0000, 0x0000, 0x0000, 0x0000, 0x18e4, 0x6391, 0x8479, 0x8c7b, 0x8c7b, 0x8c7b, 0x8c7b, 0x8c7b, 0x8c7b, 0x8c7b, 0x8c7b, 0x7bf8, 0x0841, 0x0000, 0x0000, 0x0000, 0x0000, 0x0000, 0x0000, 0x0000, 0x0000, 0xbdc1, 0xce01, 0xdec1, 0xf784, 0xffe6, 0xffc5, 0xffa2, 0xff81, 0x7b89, 0x0830, 0x7bfa, 0x8c7b, 0x4a8d, 0x52ed, 0x6bd1, 0x0882, 0x0000, 0x0000, 0x0000, 0x0000, 0x0000, 0x0000, 0x0000,
    0x0000, 0x0000, 0x0000, 0x0000, 0x0000, 0x0021, 0x6391, 0x8cd9, 0x8c9b, 0x8c7b, 0x8c7b, 0x8c7b, 0x8c7b, 0x8c7b, 0x8c7b, 0x39ec, 0x0000, 0x0000, 0x0000, 0x0000, 0x0000, 0x0000, 0x0000, 0x0000, 0x0000, 0xc5e1, 0xd661, 0xef43, 0xffe7, 0xffe8, 0xffe8, 0xffc5, 0xffa1, 0xe6e3, 0x104f, 0x4a15, 0x8c7b, 0x94bb, 0x9cfb, 0x94fa, 0x8c99, 0x5b11, 0x0000, 0x0000, 0x0000, 0x0000, 0x0000, 0x0000,
    0x0000, 0x0000, 0x0000, 0x0000, 0x0000, 0x0000, 0x63b1, 0x9538, 0x9519, 0x949b, 0x949b, 0x949b, 0x949b, 0x949b, 0x8c5a, 0x0021, 0x0000, 0x0000, 0x0000, 0x0000, 0x0000, 0x0000, 0x0000, 0x0000, 0xbdc1, 0xc601, 0xdec1, 0xffa5, 0xffe7, 0xffe6, 0xffe7, 0xffe7, 0xffa2, 0xff81, 0x7369, 0x1050, 0x8c3b, 0x949b, 0x949b, 0x949b, 0x949b, 0x6b75, 0x0000, 0x0000, 0x0000, 0x0000, 0x0000, 0x0000,
    0x0000, 0x0000, 0x0000, 0x52ed, 0x94f6, 0x9d57, 0x9d99, 0x9559, 0x9519, 0x94bc, 0x94bc, 0x94bc, 0x94bc, 0x94bc, 0x5af2, 0x0000, 0x0000, 0x0000, 0x0000, 0x0000, 0x0000, 0x0000, 0x0000, 0x0000, 0xc5e1, 0xd661, 0xef22, 0xffe7, 0xf763, 0xc5e1, 0xe6e2, 0xffe6, 0xffc4, 0xff81, 0xe6c2, 0x104f, 0x4a55, 0x94bc, 0x94bc, 0x94bc, 0x94bc, 0x7bd6, 0x0000, 0x0000, 0x0000, 0x0000, 0x0000, 0x0000,
    0x0000, 0x0000, 0x9d58, 0xa5b9, 0xa5b9, 0xa57a, 0x9d3a, 0x94fb, 0x94dc, 0x94bc, 0x94bc, 0x94bc, 0x94bc, 0x94bc, 0x39cb, 0x0000, 0x0000, 0x0000, 0x0000, 0x0000, 0x0000, 0x0000, 0x0000, 0xbda1, 0xc601, 0xdea1, 0xffa5, 0xd665, 0x1080, 0x0000, 0x0020, 0x9cc2, 0xffe6, 0xffa2, 0xff81, 0x6b09, 0x1050, 0x8c7b, 0x94bc, 0x94bc, 0x94bc, 0x7bf7, 0x0000, 0x0000, 0x0000, 0x0000, 0x0000, 0x0000,
    0x0000, 0x0000, 0x9517, 0x9558, 0x9cfb, 0x9cdc, 0x9cdc, 0x9cdc, 0x9cdc, 0x9cdc, 0x9cdc, 0x9cdc, 0x9cdc, 0x9cdc, 0x18e5, 0x0000, 0x0000, 0x0000, 0x0000, 0x0000, 0x0000, 0x0000, 0x0000, 0xc5c1, 0xd641, 0xef22, 0xffe6, 0x5ac1, 0x0000, 0x0000, 0x0000, 0x1080, 0xffc6, 0xffa3, 0xff81, 0xde63, 0x082f, 0x5276, 0x9cdc, 0x9cdc, 0x9cdc, 0x7bd6, 0x0000, 0x0000, 0x0000, 0x0000, 0x0000, 0x0000,
    0x0000, 0x0841, 0x8cf7, 0x9538, 0x9cfb, 0x9cfc, 0x9cfc, 0x9cfc, 0x9cfc, 0x9cfc, 0x9cfc, 0x9cfc, 0x9cfc, 0x9cfc, 0x0021, 0x0000, 0x0000, 0x0000, 0x0000, 0x0000, 0x0000, 0x0000, 0xbda1, 0xc5e1, 0xdea1, 0xf784, 0xffc5, 0x4220, 0x0000, 0x0842, 0x1084, 0x0841, 0xffa4, 0xffc6, 0xff81, 0xff61, 0x62ca, 0x1050, 0x94bb, 0x9cfc, 0x9cfc, 0x73b5, 0x0000, 0x0000, 0x0000, 0x0000, 0x0000, 0x0000,
    0x0000, 0x0020, 0x8cf7, 0x9538, 0x9d1c, 0x9cfc, 0x9cfc, 0x9cfc, 0x9cfc, 0x9cfc, 0x9cfc, 0x9cfc, 0x9cfc, 0x9cfc, 0x0000, 0x0000, 0x0000, 0x0000, 0x0000, 0x0000, 0x0000, 0x0000, 0xc5a1, 0xd621, 0xef01, 0xffc6, 0xffa3, 0x62e0, 0x0000, 0x20e6, 0x39cb, 0x3164, 0xffa2, 0xffc6, 0xffa3, 0xff61, 0xd643, 0x080f, 0x5ad6, 0x8438, 0x528e, 0x10a3, 0x0000, 0x0000, 0x0000, 0x0000, 0x0000, 0x0000,
    0x0000, 0x0000, 0x84b6, 0x8d17, 0xa51c, 0xa51c, 0xa51c, 0xa51c, 0xa51c, 0xa51c, 0xa51c, 0xa51c, 0xa51c, 0xa51c, 0x0000, 0x0000, 0x0000, 0x0000, 0x0000, 0x0000, 0x0000, 0xbd81, 0xc5c1, 0xde81, 0xf763, 0xffc6, 0xffa1, 0x8c41, 0x0021, 0x39aa, 0x62f0, 0x6b25, 0xffa1, 0xffa4, 0xffc5, 0xff61, 0xff41, 0x5aaa, 0x082e, 0x0000, 0x0000, 0x0000, 0x0000, 0x0000, 0x0000, 0x0000, 0x0000, 0x0000,
    0x0000, 0x0000, 0x7434, 0x7c74, 0x9d1b, 0xa53c, 0xa53c, 0xa53c, 0xa53c, 0xa53c, 0xa53c, 0xa53c, 0xa53c, 0xa53c, 0x18c4, 0x0000, 0x0000, 0x0000, 0x0000, 0x0000, 0x0000, 0xc581, 0xd601, 0xeec1, 0xffa5, 0xffa3, 0xff81, 0xc5e1, 0x0821, 0x4a4c, 0x7bb2, 0x9cc5, 0xff81, 0xff82, 0xffc6, 0xff62, 0xff41, 0xd603, 0x082e, 0x080d, 0x0000, 0x0000, 0x0000, 0x0000, 0x0000, 0x0000, 0x0000, 0x0000,
    0x0000, 0x0000, 0x10c3, 0x3a09, 0x73b4, 0x9cfb, 0xa53c, 0xa53c, 0xa53c, 0xa53c, 0xa53c, 0xa53c, 0xa53c, 0xa53c, 0x39ea, 0x0000, 0x0000, 0x0000, 0x0000, 0x0000, 0xbd60, 0xc5a1, 0xde41, 0xf722, 0xffa5, 0xff61, 0xff81, 0xff41, 0x1061, 0x528d, 0x7bd2, 0xd623, 0xff81, 0xff61, 0xff84, 0xff84, 0xff41, 0xff21, 0x524a, 0x080e, 0x080e, 0x0000, 0x0000, 0x0000, 0x0000, 0x0000, 0x0000, 0x0000,
    0x0000, 0x0000, 0x0000, 0x0000, 0x0000, 0x0021, 0x420b, 0x8cb8, 0xa55c, 0xad5d, 0xad5d, 0xad5d, 0xad5d, 0xad5d, 0x7393, 0x0000, 0x0000, 0x0000, 0x0000, 0x0000, 0xc560, 0xcde0, 0xe6a1, 0xff64, 0xff63, 0xff61, 0xff61, 0xff61, 0x4201, 0x526d, 0x7b90, 0xff41, 0xff61, 0xff61, 0xff62, 0xff85, 0xff41, 0xff01, 0xc583, 0x080e, 0x080e, 0x0000, 0x0000, 0x0000, 0x0000, 0x0000, 0x0000, 0x0000,
    0x0000, 0x0000, 0x0000, 0x0000, 0x0000, 0x0000, 0x0000, 0x84b6, 0x9539, 0xa55b, 0xad7d, 0xad7d, 0xad7d, 0xad7d, 0xa53b, 0x1082, 0x0000, 0x0000, 0x0000, 0xbd40, 0xc580, 0xde20, 0xf6e1, 0xff85, 0xff41, 0xff41, 0xff41, 0xff41, 0x83c1, 0x420b, 0x8c2b, 0xff41, 0xff41, 0xff41, 0xff41, 0xff64, 0xff43, 0xff01, 0xfee1, 0x4a0a, 0x080e, 0x0003, 0x0000, 0x0000, 0x0000, 0x0000, 0x0000, 0x0000,
    0x0000, 0x0000, 0x0000, 0x0000, 0x0000, 0x7c32, 0x9d78, 0x9d79, 0x9559, 0xa57c, 0xad7d, 0xad7d, 0xad7d, 0xad7d, 0xad7d, 0x6b72, 0x0000, 0x0000, 0x0000, 0xc540, 0xcda0, 0xe660, 0xff23, 0xff43, 0xff21, 0xff21, 0xff21, 0xff21, 0xbd61, 0x3189, 0xacc7, 0xff21, 0xff21, 0xff21, 0xff21, 0xff22, 0xff64, 0xff01, 0xfee0, 0xc544, 0x082e, 0x080b, 0x0000, 0x0000, 0x0000, 0x0000, 0x0000, 0x0000,
    0x0000, 0x0000, 0x0000, 0x0000, 0x9516, 0xa599, 0x9d99, 0x9d79, 0xad9c, 0xb59d, 0xb59d, 0xb59d, 0xb59d, 0xb59d, 0xb59d, 0xb59d, 0x4a4c, 0x0000, 0x8380, 0xc560, 0xde00, 0xf6a1, 0xff44, 0xff21, 0xff00, 0xff20, 0xff20, 0xff20, 0xf6c0, 0x2106, 0xc563, 0xff20, 0xff20, 0xff20, 0xff00, 0xff01, 0xff43, 0xff22, 0xfee0, 0xfec0, 0x49ea, 0x082e, 0x080c, 0x0000, 0x0000, 0x0000, 0x0000, 0x0000,
    0x0000, 0x0000, 0x0000, 0x8495, 0x9538, 0x9d59, 0xa57a, 0xb5bd, 0xb5bd, 0xb5bd, 0xb5bd, 0xb5bd, 0xb5bd, 0xb5bd, 0xb5bd, 0xb5bd, 0xb59c, 0x5aef, 0x93e0, 0xcd80, 0xe640, 0xff02, 0xff23, 0xff00, 0xff00, 0xff00, 0xff00, 0xff00, 0xff00, 0x3142, 0xde21, 0xff00, 0xff00, 0xff00, 0xff00, 0xff00, 0xff02, 0xff23, 0xfee1, 0xfec0, 0xbd24, 0x082e, 0x082e, 0x0000, 0x0000, 0x0000, 0x0000, 0x0000,
    0x0000, 0x0000, 0x0000, 0x31e9, 0x8496, 0x9539, 0xb5bd, 0xb5bd, 0xb5bd, 0xb5bd, 0xb5bd, 0xb5bd, 0xb5bd, 0xb5bd, 0xb5bd, 0xb5bd, 0xb5bd, 0xb5bd, 0xbd23, 0xddc0, 0xf681, 0xff23, 0xfee1, 0xfee0, 0xfee0, 0xfee0, 0xfee0, 0xfee0, 0xfee0, 0x4a00, 0xfec0, 0xfee0, 0xfee0, 0xfee0, 0xfee0, 0xfee0, 0xfee0, 0xff23, 0xfee1, 0xfec0, 0xfea0, 0x41ab, 0x082e, 0x082e, 0x0000, 0x0000, 0x0000, 0x0000,
    0x0000, 0x0000, 0x0000, 0x0000, 0x6bb1, 0x84d6, 0xb5bc, 0xbddd, 0xbddd, 0xbddd, 0xbddd, 0xbddd, 0xbddd, 0xbddd, 0xbddd, 0xbddd, 0xbddd, 0xbd93, 0xcd60, 0xe620, 0xfec1, 0xff02, 0xfee0, 0xfee0, 0xfee0, 0xfee0, 0xfee0, 0xfee0, 0xfee0, 0xd5c0, 0xfee0, 0xfee0, 0xfee0, 0xfee0, 0xfee0, 0xfee0, 0xfee0, 0xfee1, 0xff02, 0xfea0, 0xfea0, 0xb4a4, 0x082e, 0x082e, 0x0000, 0x0000, 0x0000, 0x0000,
    0x0000, 0x0000, 0x0000, 0x0000, 0x2166, 0x7c54, 0x9518, 0xbdfd, 0xbdfd, 0xbdfd, 0xbdfd, 0xbdfd, 0xbdfd, 0xbdfd, 0xbdfd, 0xbdfd, 0xbdfd, 0xc545, 0xdda0, 0xf660, 0xfee2, 0xfee1, 0xfec0, 0xfec0, 0xfec0, 0xfec0, 0xfec0, 0xfec0, 0xfec0, 0xfec0, 0xfec0, 0xfec0, 0xfec0, 0xfec0, 0xfec0, 0xfec0, 0xfec0, 0xfec0, 0xff02, 0xfec1, 0xfea0, 0xfe80, 0x396b, 0x082d, 0x082d, 0x0000, 0x0000, 0x0000,
    0x0000, 0x0000, 0x0000, 0x0000, 0x0000, 0x52ed, 0x6bf3, 0xad7a, 0xbdfe, 0xbdfe, 0xb5bc, 0xb5bc, 0xb5dd, 0xbdfe, 0xbdfe, 0xbdfe, 0xbdb5, 0xcd40, 0xe600, 0xfea1, 0xfee2, 0xfec0, 0xfec0, 0xfec0, 0xfec0, 0xfec0, 0xfec0, 0xfec0, 0x9c20, 0x4a00, 0x7300, 0xf660, 0xfec0, 0xfec0, 0xfec0, 0xfec0, 0xfec0, 0xfec0, 0xfee1, 0xfee1, 0xfe80, 0xfe80, 0xac64, 0x082d, 0x082d, 0x0000, 0x0000, 0x0000,
    0x0000, 0x0000, 0x0000, 0x0000, 0x0000, 0x0000, 0x0841, 0x3a0a, 0x424b, 0x2105, 0x1082, 0x8d18, 0x9559, 0xbdfd, 0xc61e, 0xc61e, 0xc546, 0xd580, 0xee20, 0xfec1, 0xfec1, 0xfea0, 0xfea0, 0xfea0, 0xfea0, 0xfea0, 0xfea0, 0xa460, 0x0000, 0x0000, 0x0000, 0x4a20, 0xfea0, 0xfea0, 0xfea0, 0xfea0, 0xfea0, 0xfea0, 0xfea0, 0xfec1, 0xfea0, 0xfe80, 0xf660, 0x314b, 0x082d, 0x0000, 0x0000, 0x0000,
    0x0000, 0x0000, 0x0000, 0x0000, 0x0000, 0x0000, 0x0000, 0x0000, 0x0000, 0x0000, 0x8495, 0x9559, 0x9559, 0xc61e, 0xc63e, 0xc5d5, 0xc500, 0xddc0, 0xf640, 0xfea0, 0xfea0, 0xfea0, 0xfea0, 0xfea0, 0xfea0, 0xfea0, 0xfea0, 0x5a60, 0x0000, 0x20e6, 0x3189, 0x18a3, 0xfea0, 0xfea0, 0xfea0, 0xfea0, 0xfea0, 0xfea0, 0xfea0, 0xfea0, 0xfe80, 0xfe80, 0xfe60, 0xac44, 0x082d, 0x082d, 0x0000, 0x0000,
    0x0000, 0x0000, 0x0000, 0x0000, 0x0000, 0x0000, 0x0000, 0x0000, 0x0000, 0x5b4f, 0x9538, 0x9538, 0xadbb, 0xc63e, 0xc63e, 0xbd07, 0xc500, 0xdda0, 0xf640, 0xfe80, 0xfe80, 0xfe80, 0xfea0, 0xfea0, 0xfea0, 0xfea0, 0xfea0, 0x8ba0, 0x0842, 0x5aaf, 0x9476, 0x62c8, 0xfea0, 0xfea0, 0xfea0, 0xfea0, 0xfea0, 0xfea0, 0xfe80, 0xfe80, 0xfe80, 0xfe60, 0xfe60, 0xf640, 0x312b, 0x082d, 0x0000, 0x0000,
    0x0000, 0x0000, 0x0000, 0x0000, 0x0000, 0x0000, 0x0000, 0x0000, 0x0000, 0x7434, 0x84b6, 0x8cf7, 0xc63d, 0xce5e, 0xc619, 0xbca0, 0xc4e0, 0xd560, 0xe5e0, 0xf620, 0xf640, 0xf640, 0xf640, 0xf640, 0xf640, 0xf640, 0xf640, 0xee20, 0x6ac1, 0x5a8b, 0x9c4d, 0xddc2, 0xf640, 0xf640, 0xf640, 0xf640, 0xf640, 0xf640, 0xf640, 0xf640, 0xf640, 0xf620, 0xf620, 0xee00, 0x7b26, 0x082d, 0x082d, 0x0000,
    0x0000, 0x0000, 0x0000, 0x0000, 0x0000, 0x0000, 0x0000, 0x0000, 0x0000, 0x0000, 0x426b, 0x7c54, 0xc63d, 0xce5e, 0xc5f7, 0xbca0, 0xbcc0, 0xc500, 0xd560, 0xdd80, 0xdda0, 0xdda0, 0xdda0, 0xdda0, 0xdda0, 0xdda0, 0xdda0, 0xdda0, 0xdda0, 0xdda0, 0xdda0, 0xdda0, 0xdda0, 0xdda0, 0xdda0, 0xdda0, 0xdda0, 0xdda0, 0xdda0, 0xdda0, 0xdda0, 0xdda0, 0xdd80, 0xdd80, 0x8326, 0x082d, 0x082d, 0x0000,
    0x0000, 0x0000, 0x0000, 0x0000, 0x0000, 0x0000, 0x0000, 0x0000, 0x0000, 0x0000, 0x0000, 0x10a3, 0x52ee, 0xad7a, 0xce7d, 0xbce4, 0xbca0, 0xbcc0, 0xc4e0, 0xc500, 0xc500, 0xc500, 0xc500, 0xc500, 0xc500, 0xc500, 0xc500, 0xc500, 0xc500, 0xc500, 0xc500, 0xc500, 0xc500, 0xc500, 0xc500, 0xc500, 0xc500, 0xc500, 0xc500, 0xc500, 0xc500, 0xc500, 0xc500, 0xc4e0, 0x394a, 0x082d, 0x082d, 0x0000,
    0x0000, 0x0000, 0x0000, 0x0000, 0x0000, 0x0000, 0x0000, 0x0000, 0x0000, 0x0000, 0x0000, 0x0000, 0x0000, 0x0861, 0x52ac, 0x8c51, 0x7b20, 0x8b83, 0x8344, 0x8344, 0x8344, 0x8344, 0x8344, 0x8344, 0x8344, 0x8344, 0x8344, 0x8344, 0x8344, 0x8344, 0x8344, 0x8344, 0x8344, 0x8344, 0x8344, 0x8344, 0x8344, 0x8344, 0x8344, 0x8344, 0x8344, 0x8344, 0x7b05, 0x396a, 0x082d, 0x082d, 0x082d, 0x0000,
    0x0000, 0x0000, 0x0000, 0x0000, 0x0000, 0x0000, 0x0000, 0x0000, 0x0000, 0x0000, 0x0000, 0x0000, 0x0000, 0x0000, 0x0000, 0x0000, 0x0000, 0x0828, 0x082d, 0x082c, 0x082c, 0x084c, 0x084b, 0x082b, 0x082b, 0x082c, 0x082c, 0x082d, 0x082d, 0x082d, 0x082d, 0x082d, 0x082d, 0x082d, 0x082d, 0x082d, 0x082d, 0x082d, 0x082d, 0x082d, 0x082d, 0x082d, 0x082d, 0x082d, 0x082d, 0x082d, 0x082d, 0x0000,
    0x0000, 0x0000, 0x0000, 0x0000, 0x0000, 0x0000, 0x0000, 0x0000, 0x0000, 0x0000, 0x0000, 0x0000, 0x0000, 0x0000, 0x0000, 0x0000, 0x0000, 0x0000, 0x0000, 0x0000, 0x0000, 0x0000, 0x0000, 0x0000, 0x0000, 0x0000, 0x0000, 0x0000, 0x0000, 0x0000, 0x0000, 0x0000, 0x0000, 0x0000, 0x0000, 0x0000, 0x0000, 0x0000, 0x0000, 0x0000, 0x0000, 0x0000, 0x0000, 0x0000, 0x0000, 0x0000, 0x0000, 0x0000,
    0x0000, 0x0000, 0x0000, 0x0000, 0x0000, 0x0000, 0x0000, 0x0000, 0x0000, 0x0000, 0x0000, 0x0000, 0x0000, 0x0000, 0x0000, 0x0000, 0x0000, 0x0000, 0x0000, 0x0000, 0x0000, 0x0000, 0x0000, 0x0000, 0x0000, 0x0000, 0x0000, 0x0000, 0x0000, 0x0000, 0x0000, 0x0000, 0x0000, 0x0000, 0x0000, 0x0000, 0x0000, 0x0000, 0x0000, 0x0000, 0x0000, 0x0000, 0x0000, 0x0000, 0x0000, 0x0000, 0x0000, 0x0000,
};
static const uint8_t XP_SETTINGS_A[48 * 48] = {
      0,   0,   0,   0,   0,   0,   0,   0,   0,   0,   0,   0,   0,   0,   0,   0,   0,   0,   0,   0,   0,   0,   0,   0,   0,   0,   0,   0,   0,   0,   0,   0,   0,   0,   0,   0,   0,   0,   0,   0,   0,   0,   0,   0,   0,   0,   0,   0,
      0,   0,   0,   0,   0,   0,   0,   0,   0,   0,   0,   0,   0,   0,   0,   0,   0,   0,   1,   9,  34,  57,  61,  50,  22,   9,   2,   0,   0,   0,   0,   0,   0,   0,   0,   0,   0,   0,   0,   0,   0,   0,   0,   0,   0,   0,   0,   0,
      0,   0,   0,   0,   0,   0,   0,   0,   0,   0,   0,   0,   0,   0,   0,   0,   0,   0, 116, 242, 255, 255, 255, 255, 228, 161,  53,   6,   9,  11,   3,   0,   0,   0,   0,   0,   0,   0,   0,   0,   0,   0,   0,   0,   0,   0,   0,   0,
      0,   0,   0,   0,   0,   0,   0,   0,   0,   0,   0,   0,   0,   3,   8,   4,   0,   1, 175, 255, 255, 255, 255, 255, 255, 250, 144,  83, 240, 183,  95,  28,   5,   0,   0,   0,   0,   0,   0,   0,   0,   0,   0,   0,   0,   0,   0,   0,
      0,   0,   0,   0,   0,   0,   0,   0,   0,   0,   0,   1,  70, 205, 186, 111,  34,   6, 211, 255, 255, 255, 255, 255, 255, 253, 176, 234, 255, 255, 254, 206,  99,  25,   3,   0,   0,   0,   0,   0,   0,   0,   0,   0,   0,   0,   0,   0,
      0,   0,   0,   0,   0,   0,   0,   0,   0,   0,   8, 145, 254, 255, 255, 254, 170,  52, 246, 255, 255, 255, 255, 255, 255, 254, 241, 255, 255, 255, 255, 255, 253, 182,  64,  10,   0,   0,   0,   0,   0,   0,   0,   0,   0,   0,   0,   0,
      0,   0,   0,   0,   0,   0,   0,   0,   0,  20, 195, 255, 255, 255, 255, 255, 252, 181, 255, 255, 255, 255, 255, 255, 255, 255, 255, 255, 255, 255, 255, 255, 255, 255, 210,  69,   4,   0,   0,   0,   0,   0,   0,   0,   0,   0,   0,   0,
      0,   0,   0,   0,   0,   0,   0,   0,   0, 138, 255, 255, 255, 255, 255, 255, 255, 255, 255, 255, 255, 255, 255, 255, 255, 255, 255, 255, 255, 255, 255, 255, 255, 255, 213,  83,   4,   0,   0,   0,   0,   0,   0,   0,   0,   0,   0,   0,
      0,   0,   0,   0,   0,   0,   0,   0,   0,  84, 255, 255, 255, 255, 255, 255, 255, 255, 255, 255, 255, 255, 255, 255, 255, 255, 255, 255, 255, 255, 255, 255, 255, 244, 164,  38,  11,   5,   1,   0,   0,   0,   0,   0,   0,   0,   0,   0,
      0,   0,   0,   0,   0,   0,   0,   0,   0,  22, 246, 255, 255, 255, 255, 255, 255, 255, 255, 255, 255, 255, 255, 255, 255, 255, 255, 255, 255, 255, 255, 255, 255, 228, 192, 225, 203, 132,  41,   5,   0,   0,   0,   0,   0,   0,   0,   0,
      0,   0,   0,   0,   0,   0,   0,   0,   0,   5, 190, 255, 255, 255, 255, 255, 255, 255, 255, 255, 255, 255, 255, 255, 255, 255, 255, 255, 255, 255, 255, 255, 255, 255, 255, 255, 255, 255, 174,  45,   2,   0,   0,   0,   0,   0,   0,   0,
      0,   0,   0,   0,   0,  26,  36,  17,   4,   1, 126, 255, 255, 255, 255, 255, 255, 255, 255, 255, 255, 255, 255, 255, 255, 255, 255, 255, 255, 255, 255, 255, 255, 255, 255, 255, 255, 255, 248, 129,  19,   0,   0,   0,   0,   0,   0,   0,
      0,   0,   0,   0,   1, 190, 249, 199, 119,  48, 174, 255, 255, 255, 255, 255, 255, 255, 255, 255, 255, 255, 255, 255, 255, 255, 255, 255, 255, 255, 255, 255, 255, 255, 255, 255, 255, 255, 255, 213,  70,   3,   0,   0,   0,   0,   0,   0,
      0,   0,   0,   0,  69, 255, 255, 255, 255, 254, 255, 255, 255, 255, 255, 255, 255, 255, 255, 255, 253, 238, 211, 178, 157, 163, 221, 255, 255, 255, 255, 255, 255, 255, 255, 255, 255, 255, 255, 250, 139,  19,   0,   0,   0,   0,   0,   0,
      0,   0,   0,   1, 193, 255, 255, 255, 255, 255, 255, 255, 255, 255, 255, 255, 255, 255, 255, 242, 197, 131,  71,  37,  23,  23,  55, 192, 255, 255, 255, 255, 255, 255, 255, 255, 255, 255, 255, 255, 193,  49,   0,   0,   0,   0,   0,   0,
      0,   0,   0,  49, 255, 255, 255, 255, 255, 255, 255, 255, 255, 255, 255, 255, 255, 255, 232, 167,  73,  17,   2,   0,   0,   0,   2, 157, 255, 255, 255, 255, 255, 255, 255, 255, 255, 255, 255, 232, 154,  36,   0,   0,   0,   0,   0,   0,
      0,   0,   0, 145, 255, 255, 255, 255, 255, 255, 255, 255, 255, 255, 255, 255, 255, 233, 156,  52,   6,   0,   0,   0,   0,   0,  36, 252, 255, 255, 255, 255, 255, 255, 255, 255, 255, 255, 233, 159,  52,   4,   0,   0,   0,   0,   0,   0,
      0,   0,   1,  85, 238, 255, 255, 255, 255, 255, 255, 255, 255, 255, 255, 255, 242, 168,  51,   4,   0,   0,   0,   0,   0,   0, 154, 255, 255, 255, 255, 255, 255, 255, 255, 255, 255, 236, 160,  50,   4,   0,   0,   0,   0,   0,   0,   0,
      0,   0,   0,  11,  80, 216, 255, 255, 255, 255, 255, 255, 255, 255, 255, 252, 199,  76,   6,   0,   0,   0,   0,   0,   0,  28, 249, 255, 255, 255, 255, 255, 255, 255, 255, 255, 255, 228, 145,  82,  33,  12,   2,   0,   0,   0,   0,   0,
      0,   0,   0,   0,   7,  53, 193, 255, 255, 255, 255, 255, 255, 255, 255, 232, 131,  19,   0,   0,   0,   0,   0,   0,   0, 145, 255, 255, 255, 255, 255, 255, 255, 255, 255, 255, 255, 255, 255, 255, 240, 157,  48,   3,   0,   0,   0,   0,
      0,   0,   0,   0,   0,   4,  88, 255, 255, 255, 255, 255, 255, 255, 253, 194,  62,   2,   0,   0,   0,   0,   0,   0,  25, 246, 255, 255, 255, 255, 255, 255, 255, 255, 255, 255, 255, 255, 255, 255, 255, 240, 121,  11,   0,   0,   0,   0,
      0,   0,   3,  20,  75, 136, 227, 255, 255, 255, 255, 255, 255, 255, 242, 146,  22,   0,   0,   0,   0,   0,   0,   0, 143, 255, 255, 255, 255, 255, 255, 255, 255, 255, 255, 255, 255, 255, 255, 255, 255, 247, 140,  16,   0,   0,   0,   0,
      0,   2, 178, 250, 255, 255, 255, 255, 255, 255, 255, 255, 255, 255, 225,  98,   6,   0,   0,   0,   0,   0,   0,  21, 245, 255, 255, 255, 255, 255, 255, 255, 255, 255, 255, 255, 255, 255, 255, 255, 255, 248, 146,  18,   0,   0,   0,   0,
      0,   5, 241, 255, 255, 255, 255, 255, 255, 255, 255, 255, 255, 255, 204,  62,   1,   0,   0,   0,   0,   0,   0, 132, 255, 255, 255, 255, 255, 255, 255, 255, 255, 255, 255, 255, 255, 255, 255, 255, 255, 247, 146,  18,   0,   0,   0,   0,
      0,   8, 253, 255, 255, 255, 255, 255, 255, 255, 255, 255, 255, 255, 185,  42,   0,   0,   0,   0,   0,   0,  14, 239, 255, 255, 255, 255, 255, 255, 255, 255, 255, 255, 255, 255, 255, 255, 255, 255, 255, 245, 139,  16,   0,   0,   0,   0,
      0,   8, 250, 255, 255, 255, 255, 255, 255, 255, 255, 255, 255, 255, 174,  33,   0,   0,   0,   0,   0,   0, 122, 255, 255, 255, 255, 255, 255, 255, 255, 255, 255, 255, 255, 255, 255, 255, 255, 249, 230, 191,  95,   9,   0,   0,   0,   0,
      0,   7, 238, 255, 255, 255, 255, 255, 255, 255, 255, 255, 255, 255, 173,  32,   0,   0,   0,   0,   0,  13, 235, 255, 255, 255, 255, 255, 255, 255, 255, 255, 255, 255, 255, 255, 255, 255, 251, 160, 104,  54,  16,   1,   0,   0,   0,   0,
      0,   5, 218, 255, 255, 255, 255, 255, 255, 255, 255, 255, 255, 255, 183,  38,   0,   0,   0,   0,   0, 120, 255, 255, 255, 255, 255, 255, 255, 255, 255, 255, 255, 255, 255, 255, 255, 255, 255, 122,   7,   1,   0,   0,   0,   0,   0,   0,
      0,   2,  65, 180, 227, 250, 255, 255, 255, 255, 255, 255, 255, 255, 204,  56,   1,   0,   0,   0,  10, 233, 255, 255, 255, 255, 255, 255, 255, 255, 255, 255, 255, 255, 255, 255, 255, 255, 255, 225,   6,   0,   0,   0,   0,   0,   0,   0,
      0,   0,   7,  32,  68, 109, 163, 238, 255, 255, 255, 255, 255, 255, 231,  93,   5,   0,   0,   0, 110, 255, 255, 255, 255, 255, 255, 255, 255, 255, 255, 255, 255, 255, 255, 255, 255, 255, 255, 255, 106,   1,   0,   0,   0,   0,   0,   0,
      0,   0,   0,   0,   2,   7,  24, 197, 255, 255, 255, 255, 255, 255, 252, 149,  24,   0,   0,   5, 226, 255, 255, 255, 255, 255, 255, 255, 255, 255, 255, 255, 255, 255, 255, 255, 255, 255, 255, 255, 228,  21,   0,   0,   0,   0,   0,   0,
      0,   0,   0,   0,   0,  13, 156, 255, 255, 255, 255, 255, 255, 255, 255, 217,  75,   5,   0,  99, 255, 255, 255, 255, 255, 255, 255, 255, 255, 255, 255, 255, 255, 255, 255, 255, 255, 255, 255, 255, 255, 113,   1,   0,   0,   0,   0,   0,
      0,   0,   0,   1,  56, 215, 255, 255, 255, 255, 255, 255, 255, 255, 255, 254, 173,  42,   7, 221, 255, 255, 255, 255, 255, 255, 255, 255, 255, 255, 255, 255, 255, 255, 255, 255, 255, 255, 255, 255, 255, 214,   2,   0,   0,   0,   0,   0,
      0,   0,   0,  61, 250, 255, 255, 255, 255, 255, 255, 255, 255, 255, 255, 255, 252, 162, 127, 255, 255, 255, 255, 255, 255, 255, 255, 255, 255, 255, 255, 255, 255, 255, 255, 255, 255, 255, 255, 255, 255, 255,  83,   0,   0,   0,   0,   0,
      0,   0,   0,  26, 240, 255, 255, 255, 255, 255, 255, 255, 255, 255, 255, 255, 255, 255, 249, 255, 255, 255, 255, 255, 255, 255, 255, 255, 255, 255, 255, 255, 255, 255, 255, 255, 255, 255, 255, 255, 255, 255, 206,   1,   0,   0,   0,   0,
      0,   0,   0,   5, 144, 255, 255, 255, 255, 255, 255, 255, 255, 255, 255, 255, 255, 255, 255, 255, 255, 255, 255, 255, 255, 255, 255, 255, 255, 255, 255, 255, 255, 255, 255, 255, 255, 255, 255, 255, 255, 255, 255,  78,   0,   0,   0,   0,
      0,   0,   0,   0,  34, 235, 255, 255, 255, 255, 255, 255, 255, 255, 255, 255, 255, 255, 255, 255, 255, 255, 255, 255, 255, 255, 255, 255, 255, 255, 255, 255, 255, 255, 255, 255, 255, 255, 255, 255, 255, 255, 255, 204,   1,   0,   0,   0,
      0,   0,   0,   0,   4, 113, 247, 255, 255, 255, 253, 255, 255, 255, 255, 255, 255, 255, 255, 255, 255, 255, 255, 255, 255, 255, 255, 255, 255, 255, 255, 255, 255, 255, 255, 255, 255, 255, 255, 255, 255, 255, 255, 255,  70,   0,   0,   0,
      0,   0,   0,   0,   0,  16,  91, 172, 197, 182, 170, 253, 255, 255, 255, 255, 255, 255, 255, 255, 255, 255, 255, 255, 255, 255, 255, 255, 255, 255, 255, 255, 255, 255, 255, 255, 255, 255, 255, 255, 255, 255, 255, 255, 191,   0,   0,   0,
      0,   0,   0,   0,   0,   0,   7,  26,  46,  38, 142, 255, 255, 255, 255, 255, 255, 255, 255, 255, 255, 255, 255, 255, 255, 255, 255, 255, 255, 255, 255, 255, 255, 255, 255, 255, 255, 255, 255, 255, 255, 255, 255, 255, 255,  60,   0,   0,
      0,   0,   0,   0,   0,   0,   0,   0,   0,   9, 230, 255, 255, 255, 255, 255, 255, 255, 255, 255, 255, 255, 255, 255, 255, 255, 255, 255, 255, 255, 255, 255, 255, 255, 255, 255, 255, 255, 255, 255, 255, 255, 255, 255, 255, 183,   0,   0,
      0,   0,   0,   0,   0,   0,   0,   0,   0,  73, 255, 255, 255, 255, 255, 255, 255, 255, 255, 255, 255, 255, 255, 255, 255, 255, 255, 255, 255, 255, 255, 255, 255, 255, 255, 255, 255, 255, 255, 255, 255, 255, 255, 255, 255, 255,  55,   0,
      0,   0,   0,   0,   0,   0,   0,   0,   0,  15, 139, 245, 255, 255, 255, 255, 255, 255, 255, 255, 255, 255, 255, 255, 255, 255, 255, 255, 255, 255, 255, 255, 255, 255, 255, 255, 255, 255, 255, 255, 255, 255, 255, 255, 255, 255, 160,   0,
      0,   0,   0,   0,   0,   0,   0,   0,   0,   1,  21,  91, 194, 248, 255, 255, 255, 255, 255, 255, 255, 255, 255, 255, 255, 255, 255, 255, 255, 255, 255, 255, 255, 255, 255, 255, 255, 255, 255, 255, 255, 255, 255, 255, 255, 255, 190,   0,
      0,   0,   0,   0,   0,   0,   0,   0,   0,   0,   0,   7,  37,  97, 174, 223, 223, 237, 255, 255, 255, 255, 255, 255, 255, 255, 255, 255, 255, 255, 255, 255, 255, 255, 255, 255, 255, 255, 255, 255, 255, 255, 255, 255, 255, 255, 115,   0,
      0,   0,   0,   0,   0,   0,   0,   0,   0,   0,   0,   0,   0,   6,  28,  65,  74,  53, 179, 229, 241, 247, 248, 247, 246, 242, 231, 218, 216, 216, 216, 216, 216, 216, 216, 216, 216, 216, 216, 216, 216, 216, 216, 216, 208, 120,   2,   0,
      0,   0,   0,   0,   0,   0,   0,   0,   0,   0,   0,   0,   0,   0,   0,   2,   3,   1,   3,  30,  76, 116, 126, 120, 105,  81,  38,   3,   0,   0,   0,   0,   0,   0,   0,   0,   0,   0,   0,   0,   0,   0,   0,   0,   0,   0,   0,   0,
      0,   0,   0,   0,   0,   0,   0,   0,   0,   0,   0,   0,   0,   0,   0,   0,   0,   0,   0,   0,   3,   9,  11,   9,   6,   3,   1,   0,   0,   0,   0,   0,   0,   0,   0,   0,   0,   0,   0,   0,   0,   0,   0,   0,   0,   0,   0,   0,
};

/* STATUS - MSN.png. Four wings for four camera links. */
static const uint16_t XP_STATUS_RGB[48 * 48] = {
    0x0000, 0x0000, 0x0000, 0x0000, 0x0000, 0x0000, 0x0000, 0x0000, 0x0000, 0x0000, 0x0000, 0x0000, 0x0000, 0x0000, 0x0000, 0x0000, 0x0000, 0x0000, 0x0000, 0x0000, 0x0000, 0x0000, 0x0000, 0x0000, 0x0000, 0x0000, 0x0000, 0x0000, 0x0000, 0x0000, 0x0000, 0x0000, 0x0000, 0x0000, 0x0000, 0x0000, 0x0000, 0x0000, 0x0000, 0x0000, 0x0000, 0x0000, 0x0000, 0x0000, 0x0000, 0x0000, 0x0000, 0x0000,
    0x0000, 0x0000, 0x0000, 0x0000, 0x0000, 0x0000, 0x0000, 0x0000, 0x0000, 0x0000, 0x0000, 0x0000, 0x0000, 0x0000, 0x0000, 0x0000, 0x0000, 0x0000, 0x0000, 0x0000, 0x0000, 0x0000, 0x0000, 0x0000, 0x0000, 0x0000, 0x0000, 0x0000, 0x0000, 0x0000, 0x0000, 0x0000, 0x0000, 0x0000, 0x0000, 0x0000, 0x0000, 0x0000, 0x0000, 0x0000, 0x0000, 0x0000, 0x0000, 0x0000, 0x0000, 0x0000, 0x0000, 0x0000,
    0x0000, 0x0000, 0x0000, 0x0000, 0x0000, 0x0000, 0x0000, 0x0000, 0x0000, 0x0000, 0x0000, 0x0000, 0x0000, 0x0000, 0x0000, 0x0000, 0x0000, 0x0000, 0x0000, 0x0000, 0x0000, 0x0000, 0x0000, 0x0000, 0x0000, 0x0000, 0x0000, 0x0000, 0x0000, 0x0000, 0x0000, 0x0000, 0x0000, 0x0000, 0x0000, 0x0000, 0x0000, 0x0000, 0x0000, 0x38c2, 0x9225, 0x6163, 0x0000, 0x0000, 0x0000, 0x0000, 0x0000, 0x0000,
    0x0000, 0x0000, 0x0000, 0x0000, 0x0000, 0x0000, 0x0000, 0x0000, 0x0000, 0x0000, 0x0000, 0x0000, 0x0000, 0x0000, 0x0000, 0x0000, 0x0000, 0x0000, 0x0000, 0x0000, 0x0000, 0x0000, 0x0000, 0x0000, 0x0000, 0x0000, 0x0000, 0x0000, 0x0000, 0x0000, 0x0000, 0x0000, 0x0000, 0x0000, 0x0000, 0x0000, 0x0000, 0xbae7, 0xdb68, 0xeb68, 0xeb48, 0xeb48, 0xdae7, 0xa224, 0x0000, 0x0000, 0x0000, 0x0000,
    0x0000, 0x0000, 0x0000, 0x0000, 0x0000, 0x0000, 0x0000, 0x0000, 0x0000, 0x0000, 0x0000, 0x0000, 0x0000, 0x0000, 0x0000, 0x0000, 0x0000, 0x0000, 0x0000, 0x0000, 0x0000, 0x0000, 0x0000, 0x0000, 0x0000, 0x0000, 0x0000, 0x0000, 0x0000, 0x0000, 0x0000, 0x0000, 0x0000, 0x0000, 0x0000, 0xaae7, 0xe3a9, 0xeba9, 0xeb68, 0xeb27, 0xeb07, 0xeb07, 0xeb06, 0xeae6, 0x99e4, 0x0000, 0x0000, 0x0000,
    0x0000, 0x0000, 0x0000, 0x0000, 0x0000, 0x0000, 0x0000, 0x0000, 0x0000, 0x0000, 0x0000, 0x0000, 0x0000, 0x0000, 0x0000, 0x0000, 0x0000, 0x0000, 0x0000, 0x0000, 0x0000, 0x0000, 0x0000, 0x0000, 0x0000, 0x0000, 0x0000, 0x0000, 0x0000, 0x0000, 0x0000, 0x0000, 0x0000, 0x7a25, 0xdbc9, 0xebea, 0xeba9, 0xeb67, 0xeb26, 0xeae6, 0xeac6, 0xeac6, 0xeac6, 0xeac6, 0xdaa5, 0x2060, 0x0000, 0x0000,
    0x0000, 0x0000, 0x0000, 0x0000, 0x0000, 0x0000, 0x0000, 0x0000, 0x0000, 0x0000, 0x0000, 0x0000, 0x0000, 0x0000, 0x0000, 0x0000, 0x0000, 0x0000, 0x0000, 0x0000, 0x0000, 0x0000, 0x0000, 0x0000, 0x0000, 0x0000, 0x0000, 0x0000, 0x0000, 0x0000, 0x0000, 0x0000, 0xc388, 0xec2a, 0xec09, 0xeba8, 0xeb67, 0xeb26, 0xeb06, 0xeae6, 0xeac5, 0xeac5, 0xeac5, 0xe2c5, 0xe2a5, 0x99e4, 0x0000, 0x0000,
    0x0000, 0x0000, 0x0000, 0x0000, 0x0000, 0x0000, 0x0000, 0x0000, 0x0000, 0x0000, 0x0000, 0x0000, 0x0000, 0x0000, 0x0000, 0x0000, 0x0000, 0x0000, 0x0000, 0x0000, 0x0000, 0x0000, 0x0000, 0x0000, 0x0000, 0x0000, 0x0000, 0x0000, 0x0000, 0x0000, 0x28c2, 0xdc0a, 0xec4a, 0xec09, 0xeba8, 0xeb67, 0xeb46, 0xeb06, 0xeae6, 0xeae6, 0xeac5, 0xeac5, 0xeac5, 0xeac5, 0xe2a5, 0xc265, 0x0000, 0x0000,
    0x0000, 0x0000, 0x0000, 0x0000, 0x0000, 0x0000, 0x0000, 0x0000, 0x0000, 0x0000, 0x0000, 0x0000, 0x0000, 0x0000, 0x0000, 0x0000, 0x0000, 0x0000, 0x0000, 0x0000, 0x0000, 0x0000, 0x0000, 0x0000, 0x0000, 0x0000, 0x0000, 0x0000, 0x0000, 0x7a66, 0xe46b, 0xf46a, 0xec09, 0xebc8, 0xeb87, 0xeb67, 0xeb26, 0xeb06, 0xeae6, 0xeae6, 0xeac5, 0xeac5, 0xeac5, 0xeac5, 0xe2c5, 0xdaa5, 0x40c1, 0x0000,
    0x0000, 0x0000, 0x33b3, 0x3415, 0x2b51, 0x0021, 0x0000, 0x0000, 0x0000, 0x0000, 0x0000, 0x0000, 0x0000, 0x0000, 0x0000, 0x0000, 0x0000, 0x0000, 0x0000, 0x0000, 0x0000, 0x0000, 0x0000, 0x0000, 0x0000, 0x0000, 0x0000, 0x0000, 0x82c6, 0xecab, 0xf48a, 0xec29, 0xebe8, 0xeba7, 0xeb87, 0xeb47, 0xeb26, 0xeb06, 0xeae6, 0xeae6, 0xeac5, 0xeac5, 0xeac5, 0xeac5, 0xe2c5, 0xdaa5, 0x89a3, 0x0000,
    0x0000, 0x3457, 0x3cfa, 0x451a, 0x451a, 0x3cd9, 0x3c77, 0x2b93, 0x0000, 0x0000, 0x0000, 0x0000, 0x0000, 0x0000, 0x0000, 0x0000, 0x0000, 0x0000, 0x0000, 0x0000, 0x0000, 0x0000, 0x0000, 0x0000, 0x0000, 0x0000, 0x0000, 0x8ae7, 0xeccb, 0xf4ab, 0xf449, 0xec08, 0xebc8, 0xeba7, 0xeb87, 0xeb47, 0xeb26, 0xeb06, 0xeae6, 0xeac6, 0xeac5, 0xeac5, 0xeac5, 0xeac5, 0xe2c5, 0xdaa5, 0xa204, 0x0000,
    0x0000, 0x2c99, 0x34da, 0x34da, 0x34da, 0x34da, 0x34da, 0x3cfa, 0x3cb9, 0x3416, 0x11c9, 0x0000, 0x0000, 0x0000, 0x0000, 0x0000, 0x0000, 0x0000, 0x0000, 0x0000, 0x0000, 0x0000, 0x0000, 0x0000, 0x0000, 0x0000, 0x7266, 0xeccb, 0xf4cb, 0xf469, 0xec28, 0xebe8, 0xebc7, 0xeba7, 0xeb67, 0xeb46, 0xeb26, 0xeb06, 0xeae6, 0xeac6, 0xeac5, 0xeac5, 0xeac5, 0xeac5, 0xe2c5, 0xdaa5, 0xb224, 0x0000,
    0x0000, 0x2458, 0x2479, 0x2499, 0x2499, 0x2499, 0x2c99, 0x2cb9, 0x34ba, 0x34da, 0x34d9, 0x3436, 0x1a0b, 0x0000, 0x0000, 0x0000, 0x0000, 0x0000, 0x0000, 0x0000, 0x0000, 0x0000, 0x0000, 0x0000, 0x0000, 0x0820, 0xe4cb, 0xf4eb, 0xf48a, 0xec49, 0xec28, 0xebe8, 0xebc7, 0xeba7, 0xeb67, 0xeb46, 0xeb26, 0xeb06, 0xeae6, 0xeac5, 0xeac5, 0xeac5, 0xeac5, 0xeac5, 0xe2c5, 0xdaa5, 0xba44, 0x0000,
    0x0000, 0x23b4, 0x2458, 0x2479, 0x1c79, 0x1c79, 0x1c79, 0x1c79, 0x2479, 0x2499, 0x2cb9, 0x34da, 0x34b9, 0x2c15, 0x08e5, 0x0000, 0x0000, 0x0000, 0x0000, 0x0000, 0x0000, 0x0000, 0x0000, 0x0000, 0x0000, 0xd46a, 0xf50c, 0xf4ca, 0xf469, 0xec48, 0xec08, 0xebe8, 0xebc7, 0xeb87, 0xeb67, 0xeb46, 0xeb26, 0xeb06, 0xeae6, 0xeac5, 0xeac5, 0xeac5, 0xeac5, 0xeac5, 0xe2c5, 0xdaa5, 0xba44, 0x0000,
    0x0000, 0x1aaf, 0x2c57, 0x2c78, 0x2479, 0x2479, 0x1c79, 0x1c59, 0x1459, 0x1c59, 0x1c79, 0x2499, 0x2cb9, 0x34ba, 0x3499, 0x2372, 0x0000, 0x0000, 0x0000, 0x0000, 0x0000, 0x0000, 0x0000, 0x0000, 0x9b48, 0xf52c, 0xf4eb, 0xf4a9, 0xf469, 0xec48, 0xec08, 0xebe8, 0xebc7, 0xeb87, 0xeb67, 0xeb46, 0xeb26, 0xeb06, 0xeae6, 0xeac5, 0xeac5, 0xeac5, 0xeac5, 0xeac5, 0xe2c5, 0xdaa5, 0xba44, 0x0000,
    0x0000, 0x0020, 0x3415, 0x3478, 0x2c99, 0x2c99, 0x2499, 0x1c79, 0x1c79, 0x1459, 0x1459, 0x1459, 0x1c79, 0x2499, 0x2cb9, 0x34da, 0x2c57, 0x11c9, 0x0000, 0x0000, 0x0000, 0x0000, 0x0000, 0x0000, 0xe4eb, 0xf50b, 0xf4ca, 0xf489, 0xf469, 0xec48, 0xec08, 0xebe8, 0xeba7, 0xeb87, 0xeb67, 0xeb46, 0xeb26, 0xeb06, 0xeae6, 0xeac5, 0xeac5, 0xeac5, 0xeac5, 0xeac5, 0xe2c5, 0xdaa5, 0xb224, 0x0000,
    0x0000, 0x0000, 0x2b10, 0x3c77, 0x3498, 0x34b9, 0x2cba, 0x2c9a, 0x2499, 0x1c79, 0x1459, 0x1459, 0x1459, 0x1459, 0x1c79, 0x2499, 0x2cb9, 0x2c99, 0x1af0, 0x0000, 0x0000, 0x0000, 0x0000, 0x9347, 0xf54c, 0xf50b, 0xf4a9, 0xf489, 0xf469, 0xec28, 0xec08, 0xebe8, 0xeba7, 0xeb87, 0xeb67, 0xeb46, 0xeb26, 0xeb06, 0xeae6, 0xeac5, 0xeac5, 0xeac5, 0xeac5, 0xeac5, 0xe2c5, 0xda85, 0xaa04, 0x0000,
    0x0000, 0x0000, 0x0082, 0x3c36, 0x3c98, 0x3cb9, 0x34da, 0x34ba, 0x2cba, 0x2499, 0x1c79, 0x1c79, 0x1459, 0x1459, 0x1459, 0x1c59, 0x2479, 0x2c99, 0x2cb9, 0x23b4, 0x0883, 0x6396, 0x5313, 0xcc8a, 0xf52b, 0xf4ea, 0xf4a9, 0xf489, 0xf469, 0xec28, 0xec08, 0xebe8, 0xeba7, 0xeb87, 0xeb67, 0xeb26, 0xeb06, 0xeae6, 0xeae6, 0xeac5, 0xeac5, 0xeac5, 0xeac5, 0xeac5, 0xe2c5, 0xd285, 0x99e3, 0x0000,
    0x0000, 0x0000, 0x0000, 0x2aae, 0x4497, 0x44b8, 0x3cda, 0x3cda, 0x34da, 0x2cba, 0x2c9a, 0x2499, 0x1c79, 0x1c59, 0x1459, 0x1459, 0x1459, 0x1c79, 0x2499, 0x2cb9, 0x2394, 0x6396, 0x6bd7, 0xc4ae, 0xf50b, 0xf4ca, 0xf4a9, 0xf489, 0xf489, 0xf489, 0xf469, 0xf449, 0xec28, 0xebe8, 0xeba7, 0xeb47, 0xeb06, 0xeae6, 0xeae6, 0xeac5, 0xeac5, 0xeac5, 0xeac5, 0xeac5, 0xe2a5, 0xd285, 0x8183, 0x0000,
    0x0000, 0x0000, 0x0000, 0x0000, 0x43f4, 0x44b8, 0x44d9, 0x44fa, 0x3cfa, 0x34da, 0x34da, 0x2cba, 0x2499, 0x2479, 0x1c79, 0x1459, 0x1459, 0x1459, 0x1c79, 0x2499, 0x2499, 0x5396, 0x6bd7, 0x73d4, 0xf50b, 0xf50a, 0xf52a, 0xf52a, 0xf50a, 0xf50a, 0xf4ea, 0xf4c9, 0xf4a9, 0xf489, 0xf469, 0xec28, 0xebe8, 0xeb87, 0xeb06, 0xeac5, 0xeac5, 0xeac5, 0xeac5, 0xeac5, 0xdaa5, 0xca85, 0x5902, 0x0000,
    0x0000, 0x0000, 0x0000, 0x0000, 0x19c9, 0x4c97, 0x4cd8, 0x4cfa, 0x451a, 0x44fa, 0x3cfa, 0x34da, 0x2cba, 0x2c9a, 0x2499, 0x1c79, 0x1c59, 0x1459, 0x1459, 0x1c79, 0x1c79, 0x3b96, 0x63b7, 0x63b6, 0xac4f, 0xf52a, 0xf52a, 0xf52a, 0xf50a, 0xf50a, 0xf4ea, 0xf4c9, 0xf4a9, 0xf489, 0xf469, 0xec28, 0xec08, 0xebe8, 0xeba7, 0xe367, 0xeae6, 0xeac5, 0xeac5, 0xe2c5, 0xdaa5, 0xc265, 0x0820, 0x0000,
    0x0000, 0x0000, 0x0000, 0x0000, 0x0000, 0x3b71, 0x54b8, 0x54f9, 0x4d1a, 0x4d1b, 0x451a, 0x3cfa, 0x3cda, 0x34da, 0x2cba, 0x2499, 0x2479, 0x1c79, 0x1459, 0x0c76, 0x0474, 0x23b4, 0x5b96, 0x6bd7, 0x5b75, 0xed0b, 0xf52a, 0xf52a, 0xf50a, 0xf50a, 0xf4ea, 0xf4c9, 0xf4a9, 0xf489, 0xf469, 0xec28, 0xec08, 0xebe8, 0xebc7, 0xeb87, 0xe367, 0xe306, 0xeac5, 0xe2c5, 0xd285, 0xaa04, 0x0000, 0x0000,
    0x0000, 0x0000, 0x0000, 0x0000, 0x0000, 0x0862, 0x4c35, 0x54d8, 0x5519, 0x553a, 0x4d3b, 0x4d1b, 0x451a, 0x3cfa, 0x34da, 0x2cba, 0x2c9a, 0x1c98, 0x0474, 0x0473, 0x0493, 0x13f3, 0x5355, 0x6bd7, 0x5b96, 0xa42f, 0xf52a, 0xf52a, 0xf50a, 0xf50a, 0xf4ea, 0xf4c9, 0xf4a9, 0xf489, 0xf449, 0xec28, 0xec08, 0xebe8, 0xebc7, 0xeb87, 0xeb67, 0xe326, 0xe2e6, 0xe2a5, 0xd285, 0x89a3, 0x0000, 0x0000,
    0x0000, 0x0000, 0x0000, 0x0000, 0x0000, 0x0000, 0x21c9, 0x5497, 0x5cf8, 0x5d3a, 0x555b, 0x553b, 0x4d3b, 0x451b, 0x3cfa, 0x3cda, 0x2cb9, 0x0494, 0x0473, 0x0493, 0x0492, 0x0472, 0x4b15, 0x63b6, 0x63b7, 0x5354, 0xed0b, 0xf52a, 0xf50a, 0xf50a, 0xf4ea, 0xf4c9, 0xf4a9, 0xf489, 0xf449, 0xec28, 0xec08, 0xebe8, 0xebc7, 0xeb87, 0xeb67, 0xe346, 0xe306, 0xdac5, 0xca65, 0x40e1, 0x0000, 0x0000,
    0x0000, 0x0000, 0x0000, 0x0000, 0x0000, 0x0000, 0x0000, 0x3aee, 0x5cd7, 0x5d19, 0x5d3a, 0x5d5b, 0x555b, 0x4d3b, 0x4d1b, 0x451a, 0x0c95, 0x0473, 0x0493, 0x0492, 0x04b1, 0x04d0, 0x3353, 0x5b76, 0x6bd7, 0x5356, 0xa42f, 0xf52a, 0xf50a, 0xf4ea, 0xf4ea, 0xf4c9, 0xf4a9, 0xf469, 0xf449, 0xec28, 0xec08, 0xebe8, 0xebc7, 0xeb87, 0xeb67, 0xeb46, 0xe306, 0xdae6, 0xba44, 0x0000, 0x0000, 0x0000,
    0x0000, 0x0000, 0x0000, 0x0000, 0x0000, 0x0000, 0x0000, 0x0000, 0x4bb2, 0x5cd8, 0x6519, 0x655a, 0x5d7b, 0x5d5b, 0x555b, 0x34f9, 0x0493, 0x0492, 0x04b1, 0x04b1, 0x04cf, 0x04ee, 0x23f1, 0x4b35, 0x6bd7, 0x5b96, 0x6373, 0xf52a, 0xf50a, 0xf4ea, 0xf4ea, 0xf4c9, 0xf4a9, 0xf469, 0xf449, 0xec28, 0xec08, 0xebe8, 0xeba7, 0xeb87, 0xeb67, 0xeb46, 0xe306, 0xdac6, 0xc324, 0x0000, 0x0000, 0x0000,
    0x0000, 0x0000, 0x0000, 0x0000, 0x0000, 0x0000, 0x0000, 0x0000, 0x0862, 0x5434, 0x64f8, 0x6539, 0x657b, 0x657b, 0x5d7b, 0x1cd6, 0x0492, 0x04b1, 0x04b0, 0x04cf, 0x04ee, 0x050d, 0x0cad, 0x4315, 0x6396, 0x63d7, 0x4b35, 0xc48d, 0xf50a, 0xf4ea, 0xf4ea, 0xf4c9, 0xf489, 0xf469, 0xf449, 0xec28, 0xec08, 0xebe8, 0xeba7, 0xeb87, 0xeb67, 0xeb46, 0xe306, 0xd2c5, 0xed84, 0x0000, 0x0000, 0x0000,
    0x0000, 0x0000, 0x0000, 0x0000, 0x0000, 0x0000, 0x0000, 0x0000, 0x0000, 0x10e4, 0x5c75, 0x64f8, 0x6539, 0x657b, 0x657b, 0x0cb3, 0x04b1, 0x04d0, 0x04cf, 0x04ee, 0x050c, 0x052b, 0x052b, 0x3353, 0x5376, 0x6bd7, 0x5b76, 0x83d1, 0xf50a, 0xf4ea, 0xf4ca, 0xf4c9, 0xf489, 0xf469, 0xf449, 0xec28, 0xec08, 0xebe8, 0xeba7, 0xeb87, 0xeb67, 0xe326, 0xdae6, 0xe405, 0xf624, 0x0820, 0x0000, 0x0000,
    0x0000, 0x0000, 0x0000, 0x0000, 0x0000, 0x0000, 0x0000, 0x0000, 0x0000, 0x0000, 0x1946, 0x5c75, 0x64f8, 0x6d3a, 0x657b, 0x04b1, 0x04cf, 0x04ee, 0x04ed, 0x050c, 0x052b, 0x052a, 0x054a, 0x1c2e, 0x4b35, 0x63b7, 0x63b6, 0x5334, 0xf50a, 0xf4ea, 0xf4ca, 0xf4a9, 0xf489, 0xf469, 0xf449, 0xec28, 0xec08, 0xebc8, 0xeba7, 0xeb87, 0xeb67, 0xdb26, 0xd306, 0xf5c5, 0xf604, 0x20e0, 0x0000, 0x0000,
    0x0000, 0x0000, 0x0000, 0x0000, 0x0000, 0x0000, 0x0000, 0x0000, 0x0000, 0x0000, 0x0000, 0x2187, 0x5c96, 0x64f8, 0x6539, 0x04cf, 0x04ee, 0x050d, 0x050c, 0x052b, 0x052a, 0x054a, 0x0549, 0x050a, 0x4314, 0x5b96, 0x6bd7, 0x5355, 0xcc8c, 0xf4ea, 0xf4ca, 0xf4a9, 0xf489, 0xf469, 0xf448, 0xec28, 0xec08, 0xebc8, 0xeba7, 0xeb87, 0xe346, 0xd306, 0xece5, 0xf605, 0xede5, 0x0840, 0x0000, 0x0000,
    0x0000, 0x0000, 0x0000, 0x0000, 0x0000, 0x0000, 0x0000, 0x0000, 0x0000, 0x0000, 0x0000, 0x0000, 0x1946, 0x5c75, 0x64f7, 0x04ee, 0x050c, 0x052b, 0x052b, 0x054a, 0x0549, 0x0549, 0x0549, 0x0549, 0x240f, 0x5355, 0x6bd7, 0x5b76, 0x9c0f, 0xf4ea, 0xf4c9, 0xf4a9, 0xec89, 0xec69, 0xec48, 0xec08, 0xebe8, 0xebc7, 0xe387, 0xdb47, 0xdb46, 0xed05, 0xfe25, 0xf5e5, 0xe585, 0x0000, 0x0000, 0x0000,
    0x0000, 0x0000, 0x0000, 0x0000, 0x0000, 0x0000, 0x0000, 0x0000, 0x0000, 0x0000, 0x0000, 0x0000, 0x0000, 0x1925, 0x5c34, 0x0d0d, 0x052b, 0x052a, 0x054a, 0x0549, 0x0549, 0x0549, 0x0549, 0x0549, 0x052a, 0x4354, 0x63b6, 0x63b6, 0x7bf1, 0xf5a7, 0xf528, 0xeca9, 0xec69, 0xec49, 0xec28, 0xec08, 0xe3c8, 0xe3a7, 0xdb87, 0xe466, 0xf5a5, 0xfe05, 0xfe05, 0xf5c5, 0xcd05, 0x0000, 0x0000, 0x0000,
    0x0000, 0x0000, 0x0000, 0x0000, 0x0000, 0x0000, 0x0000, 0x0000, 0x0000, 0x0000, 0x0000, 0x0000, 0x0000, 0x0000, 0x0882, 0x1c8b, 0x052a, 0x054a, 0x0549, 0x0549, 0x0549, 0x0549, 0x0549, 0x0549, 0x054a, 0x54d0, 0x5b76, 0x6bd7, 0x6bb4, 0xfe05, 0xfe25, 0xfe25, 0xfde6, 0xf586, 0xf566, 0xf546, 0xf546, 0xf586, 0xfde6, 0xfe06, 0xfe06, 0xfe06, 0xf5e6, 0xed86, 0xb424, 0x0000, 0x0000, 0x0000,
    0x0000, 0x0000, 0x0000, 0x0000, 0x0000, 0x0000, 0x0000, 0x0000, 0x0000, 0x0000, 0x0000, 0x0000, 0x0000, 0x0000, 0x0000, 0x5368, 0x65ac, 0x156a, 0x0549, 0x0549, 0x0549, 0x0549, 0x0549, 0x054a, 0x55ed, 0x762d, 0x5c13, 0x6bd7, 0x5b96, 0xedc6, 0xfe06, 0xfe06, 0xfe06, 0xfe06, 0xfe06, 0xfde6, 0xfde6, 0xfde6, 0xfde6, 0xfde6, 0xfde6, 0xfde6, 0xf5a6, 0xe546, 0x7ae3, 0x0000, 0x0000, 0x0000,
    0x0000, 0x0000, 0x0000, 0x0000, 0x0000, 0x0000, 0x0000, 0x0000, 0x0000, 0x0000, 0x0000, 0x0000, 0x0000, 0x0000, 0x0000, 0x0000, 0x7d2c, 0x85ee, 0x5ded, 0x2d8b, 0x156a, 0x156a, 0x35ab, 0x660d, 0x6e0d, 0x660d, 0x5dae, 0x63d6, 0x63b7, 0xdd67, 0xf5e6, 0xfde6, 0xfde6, 0xfde6, 0xfde6, 0xfde6, 0xfde6, 0xfde6, 0xfdc7, 0xfdc7, 0xfdc7, 0xf5a7, 0xe566, 0xd4e6, 0x20c1, 0x0000, 0x0000, 0x0000,
    0x0000, 0x0000, 0x0000, 0x0000, 0x0000, 0x0000, 0x0000, 0x0000, 0x0000, 0x0000, 0x0000, 0x0000, 0x0000, 0x0000, 0x0000, 0x0000, 0x4b47, 0x7dad, 0x7e0e, 0x7e2e, 0x762e, 0x762d, 0x6e0d, 0x660d, 0x5ded, 0x55ed, 0x4dec, 0x4d4e, 0x6bf6, 0xcd08, 0xeda6, 0xf5c6, 0xfdc7, 0xfdc7, 0xfdc7, 0xfdc7, 0xfdc7, 0xfdc7, 0xfdc7, 0xfdc7, 0xf5a7, 0xed87, 0xdd06, 0x9b84, 0x0000, 0x0000, 0x0000, 0x0000,
    0x0000, 0x0000, 0x0000, 0x0000, 0x0000, 0x0000, 0x0000, 0x0000, 0x0000, 0x0000, 0x0000, 0x0000, 0x0000, 0x0000, 0x0000, 0x0000, 0x0000, 0x5caa, 0x6dac, 0x6ded, 0x6e0d, 0x660d, 0x5ded, 0x55ec, 0x4dec, 0x4dcc, 0x45cc, 0x3dac, 0x452e, 0xbca8, 0xdd06, 0xed87, 0xf5a7, 0xfdc7, 0xfda7, 0xfda7, 0xfda7, 0xf5a7, 0xf5a8, 0xf5a8, 0xf587, 0xe527, 0xcc86, 0x2901, 0x0000, 0x0000, 0x0000, 0x0000,
    0x0000, 0x0000, 0x0000, 0x0000, 0x0000, 0x0000, 0x0000, 0x0000, 0x0000, 0x0000, 0x0000, 0x0000, 0x0000, 0x0000, 0x0000, 0x0000, 0x0000, 0x2a25, 0x5d2b, 0x5dac, 0x5ded, 0x55ec, 0x4dec, 0x4dcc, 0x45cc, 0x3dac, 0x35ab, 0x2d8b, 0x256b, 0x5ae4, 0xc466, 0xd4e6, 0xed47, 0xf587, 0xf5a8, 0xf5a8, 0xf5a8, 0xf588, 0xf588, 0xf588, 0xe527, 0xd4a7, 0x82e4, 0x0000, 0x0000, 0x0000, 0x0000, 0x0000,
    0x0000, 0x0000, 0x0000, 0x0000, 0x0000, 0x0000, 0x0000, 0x0000, 0x0000, 0x0000, 0x0000, 0x0000, 0x0000, 0x0000, 0x0000, 0x0000, 0x0000, 0x0000, 0x3387, 0x4d2b, 0x4d8c, 0x45cc, 0x45cc, 0x3dab, 0x35ab, 0x2dab, 0x258b, 0x256a, 0x1d4a, 0x00e1, 0x6223, 0xb406, 0xcca7, 0xe507, 0xed68, 0xf588, 0xf588, 0xf588, 0xf568, 0xe528, 0xd4a7, 0xa3a6, 0x0020, 0x0000, 0x0000, 0x0000, 0x0000, 0x0000,
    0x0000, 0x0000, 0x0000, 0x0000, 0x0000, 0x0000, 0x0000, 0x0000, 0x0000, 0x0000, 0x0000, 0x0000, 0x0000, 0x0000, 0x0000, 0x0000, 0x0000, 0x0000, 0x0000, 0x33e8, 0x3d0a, 0x356b, 0x358b, 0x2d8b, 0x258b, 0x258b, 0x1d6a, 0x154a, 0x0ce9, 0x0000, 0x0000, 0x3942, 0xa3a5, 0xc447, 0xd4a7, 0xe508, 0xed48, 0xed48, 0xe508, 0xcc87, 0xabc6, 0x20c1, 0x0000, 0x0000, 0x0000, 0x0000, 0x0000, 0x0000,
    0x0000, 0x0000, 0x0000, 0x0000, 0x0000, 0x0000, 0x0000, 0x0000, 0x0000, 0x0000, 0x0000, 0x0000, 0x0000, 0x0000, 0x0000, 0x0000, 0x0000, 0x0000, 0x0000, 0x0061, 0x2408, 0x24e9, 0x254a, 0x256a, 0x1d6a, 0x156a, 0x156a, 0x0d29, 0x0468, 0x0000, 0x0000, 0x0000, 0x0840, 0x7aa4, 0xb3e6, 0xc447, 0xcc87, 0xcc87, 0xc447, 0xaba6, 0x28e1, 0x0000, 0x0000, 0x0000, 0x0000, 0x0000, 0x0000, 0x0000,
    0x0000, 0x0000, 0x0000, 0x0000, 0x0000, 0x0000, 0x0000, 0x0000, 0x0000, 0x0000, 0x0000, 0x0000, 0x0000, 0x0000, 0x0000, 0x0000, 0x0000, 0x0000, 0x0000, 0x0000, 0x00a1, 0x13c7, 0x14a9, 0x1509, 0x0d4a, 0x0d4a, 0x054a, 0x0509, 0x03a6, 0x0000, 0x0000, 0x0000, 0x0000, 0x0000, 0x2901, 0x82e5, 0xa3a6, 0xaba6, 0x8ae5, 0x18a1, 0x0000, 0x0000, 0x0000, 0x0000, 0x0000, 0x0000, 0x0000, 0x0000,
    0x0000, 0x0000, 0x0000, 0x0000, 0x0000, 0x0000, 0x0000, 0x0000, 0x0000, 0x0000, 0x0000, 0x0000, 0x0000, 0x0000, 0x0000, 0x0000, 0x0000, 0x0000, 0x0000, 0x0000, 0x0000, 0x0020, 0x0b26, 0x0c48, 0x04a8, 0x04e9, 0x04e9, 0x04a8, 0x0244, 0x0000, 0x0000, 0x0000, 0x0000, 0x0000, 0x0000, 0x0000, 0x0000, 0x0000, 0x0000, 0x0000, 0x0000, 0x0000, 0x0000, 0x0000, 0x0000, 0x0000, 0x0000, 0x0000,
    0x0000, 0x0000, 0x0000, 0x0000, 0x0000, 0x0000, 0x0000, 0x0000, 0x0000, 0x0000, 0x0000, 0x0000, 0x0000, 0x0000, 0x0000, 0x0000, 0x0000, 0x0000, 0x0000, 0x0000, 0x0000, 0x0000, 0x0000, 0x0203, 0x03c7, 0x0448, 0x0448, 0x03e7, 0x0020, 0x0000, 0x0000, 0x0000, 0x0000, 0x0000, 0x0000, 0x0000, 0x0000, 0x0000, 0x0000, 0x0000, 0x0000, 0x0000, 0x0000, 0x0000, 0x0000, 0x0000, 0x0000, 0x0000,
    0x0000, 0x0000, 0x0000, 0x0000, 0x0000, 0x0000, 0x0000, 0x0000, 0x0000, 0x0000, 0x0000, 0x0000, 0x0000, 0x0000, 0x0000, 0x0000, 0x0000, 0x0000, 0x0000, 0x0000, 0x0000, 0x0000, 0x0000, 0x0000, 0x0060, 0x0244, 0x0284, 0x00e1, 0x0000, 0x0000, 0x0000, 0x0000, 0x0000, 0x0000, 0x0000, 0x0000, 0x0000, 0x0000, 0x0000, 0x0000, 0x0000, 0x0000, 0x0000, 0x0000, 0x0000, 0x0000, 0x0000, 0x0000,
    0x0000, 0x0000, 0x0000, 0x0000, 0x0000, 0x0000, 0x0000, 0x0000, 0x0000, 0x0000, 0x0000, 0x0000, 0x0000, 0x0000, 0x0000, 0x0000, 0x0000, 0x0000, 0x0000, 0x0000, 0x0000, 0x0000, 0x0000, 0x0000, 0x0000, 0x0000, 0x0000, 0x0000, 0x0000, 0x0000, 0x0000, 0x0000, 0x0000, 0x0000, 0x0000, 0x0000, 0x0000, 0x0000, 0x0000, 0x0000, 0x0000, 0x0000, 0x0000, 0x0000, 0x0000, 0x0000, 0x0000, 0x0000,
    0x0000, 0x0000, 0x0000, 0x0000, 0x0000, 0x0000, 0x0000, 0x0000, 0x0000, 0x0000, 0x0000, 0x0000, 0x0000, 0x0000, 0x0000, 0x0000, 0x0000, 0x0000, 0x0000, 0x0000, 0x0000, 0x0000, 0x0000, 0x0000, 0x0000, 0x0000, 0x0000, 0x0000, 0x0000, 0x0000, 0x0000, 0x0000, 0x0000, 0x0000, 0x0000, 0x0000, 0x0000, 0x0000, 0x0000, 0x0000, 0x0000, 0x0000, 0x0000, 0x0000, 0x0000, 0x0000, 0x0000, 0x0000,
    0x0000, 0x0000, 0x0000, 0x0000, 0x0000, 0x0000, 0x0000, 0x0000, 0x0000, 0x0000, 0x0000, 0x0000, 0x0000, 0x0000, 0x0000, 0x0000, 0x0000, 0x0000, 0x0000, 0x0000, 0x0000, 0x0000, 0x0000, 0x0000, 0x0000, 0x0000, 0x0000, 0x0000, 0x0000, 0x0000, 0x0000, 0x0000, 0x0000, 0x0000, 0x0000, 0x0000, 0x0000, 0x0000, 0x0000, 0x0000, 0x0000, 0x0000, 0x0000, 0x0000, 0x0000, 0x0000, 0x0000, 0x0000,
};
static const uint8_t XP_STATUS_A[48 * 48] = {
      0,   0,   0,   0,   0,   0,   0,   0,   0,   0,   0,   0,   0,   0,   0,   0,   0,   0,   0,   0,   0,   0,   0,   0,   0,   0,   0,   0,   0,   0,   0,   0,   0,   0,   0,   0,   0,   0,   0,   0,   0,   0,   0,   0,   0,   0,   0,   0,
      0,   0,   0,   0,   0,   0,   0,   0,   0,   0,   0,   0,   0,   0,   0,   0,   0,   0,   0,   0,   0,   0,   0,   0,   0,   0,   0,   0,   0,   0,   0,   0,   0,   0,   0,   0,   0,   0,   0,   0,   0,   0,   0,   0,   0,   0,   0,   0,
      0,   0,   0,   0,   0,   0,   0,   0,   0,   0,   0,   0,   0,   0,   0,   0,   0,   0,   0,   0,   0,   0,   0,   0,   0,   0,   0,   0,   0,   0,   0,   0,   0,   0,   0,   0,   0,   1,   4,  16,  39,  28,   9,   2,   0,   0,   0,   0,
      0,   0,   0,   0,   0,   0,   0,   0,   0,   0,   0,   0,   0,   0,   0,   0,   0,   0,   0,   0,   0,   0,   0,   0,   0,   0,   0,   0,   0,   0,   0,   0,   0,   0,   0,   0,   7,  74, 180, 246, 255, 253, 205,  81,   8,   0,   0,   0,
      0,   0,   0,   0,   0,   0,   0,   0,   0,   0,   0,   0,   0,   0,   0,   0,   0,   0,   0,   0,   0,   0,   0,   0,   0,   0,   0,   0,   0,   0,   0,   0,   0,   0,   4,  55, 189, 255, 255, 255, 255, 255, 255, 250,  94,   5,   0,   0,
      0,   0,   0,   0,   0,   0,   0,   0,   0,   0,   0,   0,   0,   0,   0,   0,   0,   0,   0,   0,   0,   0,   0,   0,   0,   0,   0,   0,   0,   0,   0,   0,   2,  27, 154, 250, 255, 255, 255, 255, 255, 255, 255, 255, 230,  38,   1,   0,
      0,   0,   0,   0,   0,   0,   0,   0,   0,   0,   0,   0,   0,   0,   0,   0,   0,   0,   0,   0,   0,   0,   0,   0,   0,   0,   0,   0,   0,   0,   0,   5,  87, 233, 255, 255, 255, 255, 255, 255, 255, 255, 255, 255, 255, 132,   8,   0,
      0,   0,   0,   0,   0,   0,   0,   0,   0,   0,   0,   0,   0,   0,   0,   0,   0,   0,   0,   0,   0,   0,   0,   0,   0,   0,   0,   0,   0,   0,  12, 144, 253, 255, 255, 255, 255, 255, 255, 255, 255, 255, 255, 255, 255, 214,  28,   0,
      0,   0,   0,   0,   0,   0,   0,   0,   0,   0,   0,   0,   0,   0,   0,   0,   0,   0,   0,   0,   0,   0,   0,   0,   0,   0,   0,   0,   1,  28, 191, 255, 255, 255, 255, 255, 255, 255, 255, 255, 255, 255, 255, 255, 255, 254,  68,   2,
      0,   6,  51,  77,  49,  14,   4,   1,   0,   0,   0,   0,   0,   0,   0,   0,   0,   0,   0,   0,   0,   0,   0,   0,   0,   0,   0,   1,  35, 213, 255, 255, 255, 255, 255, 255, 255, 255, 255, 255, 255, 255, 255, 255, 255, 255, 130,   7,
      5, 142, 255, 255, 255, 231, 159,  74,  13,   2,   0,   0,   0,   0,   0,   0,   0,   0,   0,   0,   0,   0,   0,   0,   0,   0,   1,  37, 214, 255, 255, 255, 255, 255, 255, 255, 255, 255, 255, 255, 255, 255, 255, 255, 255, 255, 173,  15,
     20, 243, 255, 255, 255, 255, 255, 255, 217, 122,  30,   5,   0,   0,   0,   0,   0,   0,   0,   0,   0,   0,   0,   0,   0,   0,  28, 215, 255, 255, 255, 255, 255, 255, 255, 255, 255, 255, 255, 255, 255, 255, 255, 255, 255, 255, 201,  23,
     26, 238, 255, 255, 255, 255, 255, 255, 255, 255, 241, 144,  33,   4,   0,   0,   0,   0,   0,   0,   0,   0,   0,   0,   0,  10, 184, 255, 255, 255, 255, 255, 255, 255, 255, 255, 255, 255, 255, 255, 255, 255, 255, 255, 255, 255, 220,  33,
     17, 193, 255, 255, 255, 255, 255, 255, 255, 255, 255, 255, 238, 129,  21,   2,   0,   0,   0,   0,   0,   0,   0,   0,   4, 123, 255, 255, 255, 255, 255, 255, 255, 255, 255, 255, 255, 255, 255, 255, 255, 255, 255, 255, 255, 255, 225,  38,
      6, 115, 255, 255, 255, 255, 255, 255, 255, 255, 255, 255, 255, 255, 220,  87,  10,   1,   0,   0,   0,   0,   0,   1,  51, 246, 255, 255, 255, 255, 255, 255, 255, 255, 255, 255, 255, 255, 255, 255, 255, 255, 255, 255, 255, 255, 224,  37,
      1,  37, 226, 255, 255, 255, 255, 255, 255, 255, 255, 255, 255, 255, 255, 254, 175,  34,   3,   0,   0,   0,   0,   9, 187, 255, 255, 255, 255, 255, 255, 255, 255, 255, 255, 255, 255, 255, 255, 255, 255, 255, 255, 255, 255, 255, 219,  35,
      0,  11, 138, 255, 255, 255, 255, 255, 255, 255, 255, 255, 255, 255, 255, 255, 255, 225,  75,   7,   1,   5,   5,  60, 254, 255, 255, 255, 255, 255, 255, 255, 255, 255, 255, 255, 255, 255, 255, 255, 255, 255, 255, 255, 255, 255, 204,  29,
      0,   1,  44, 229, 255, 255, 255, 255, 255, 255, 255, 255, 255, 255, 255, 255, 255, 255, 248, 122,  28, 195, 145, 169, 255, 255, 255, 255, 255, 255, 255, 255, 255, 255, 255, 255, 255, 255, 255, 255, 255, 255, 255, 255, 255, 255, 184,  23,
      0,   0,  10, 124, 255, 255, 255, 255, 255, 255, 255, 255, 255, 255, 255, 255, 255, 255, 255, 255, 184, 255, 255, 248, 255, 255, 255, 255, 255, 255, 255, 255, 255, 255, 255, 255, 255, 255, 255, 255, 255, 255, 255, 255, 255, 255, 156,  15,
      0,   0,   1,  34, 208, 255, 255, 255, 255, 255, 255, 255, 255, 255, 255, 255, 255, 255, 255, 255, 255, 255, 255, 255, 255, 255, 255, 255, 255, 255, 255, 255, 255, 255, 255, 255, 255, 255, 255, 255, 255, 255, 255, 255, 255, 255, 117,   9,
      0,   0,   0,   7,  87, 249, 255, 255, 255, 255, 255, 255, 255, 255, 255, 255, 255, 255, 255, 255, 255, 255, 255, 255, 255, 255, 255, 255, 255, 255, 255, 255, 255, 255, 255, 255, 255, 255, 255, 255, 255, 255, 255, 255, 255, 249,  69,   3,
      0,   0,   0,   0,  20, 161, 255, 255, 255, 255, 255, 255, 255, 255, 255, 255, 255, 255, 255, 255, 255, 255, 255, 255, 255, 255, 255, 255, 255, 255, 255, 255, 255, 255, 255, 255, 255, 255, 255, 255, 255, 255, 255, 255, 255, 217,  42,   1,
      0,   0,   0,   0,   2,  48, 221, 255, 255, 255, 255, 255, 255, 255, 255, 255, 255, 255, 255, 255, 255, 255, 255, 255, 255, 255, 255, 255, 255, 255, 255, 255, 255, 255, 255, 255, 255, 255, 255, 255, 255, 255, 255, 255, 255, 172,  23,   0,
      0,   0,   0,   0,   0,   8,  89, 246, 255, 255, 255, 255, 255, 255, 255, 255, 255, 255, 255, 255, 255, 255, 255, 255, 255, 255, 255, 255, 255, 255, 255, 255, 255, 255, 255, 255, 255, 255, 255, 255, 255, 255, 255, 255, 255, 108,   9,   0,
      0,   0,   0,   0,   0,   0,  18, 136, 255, 255, 255, 255, 255, 255, 255, 255, 255, 255, 255, 255, 255, 255, 255, 255, 255, 255, 255, 255, 255, 255, 255, 255, 255, 255, 255, 255, 255, 255, 255, 255, 255, 255, 255, 255, 234,  57,   2,   0,
      0,   0,   0,   0,   0,   0,   2,  33, 182, 255, 255, 255, 255, 255, 255, 255, 255, 255, 255, 255, 255, 255, 255, 255, 255, 255, 255, 255, 255, 255, 255, 255, 255, 255, 255, 255, 255, 255, 255, 255, 255, 255, 255, 255, 217,  38,   0,   0,
      0,   0,   0,   0,   0,   0,   0,   4,  49, 212, 255, 255, 255, 255, 255, 255, 255, 255, 255, 255, 255, 255, 255, 255, 255, 255, 255, 255, 255, 255, 255, 255, 255, 255, 255, 255, 255, 255, 255, 255, 255, 255, 255, 255, 244,  46,   1,   0,
      0,   0,   0,   0,   0,   0,   0,   0,   7,  68, 226, 255, 255, 255, 255, 255, 255, 255, 255, 255, 255, 255, 255, 255, 255, 255, 255, 255, 255, 255, 255, 255, 255, 255, 255, 255, 255, 255, 255, 255, 255, 255, 255, 255, 253,  58,   2,   0,
      0,   0,   0,   0,   0,   0,   0,   0,   0,  11,  81, 232, 255, 255, 255, 255, 255, 255, 255, 255, 255, 255, 255, 255, 255, 255, 255, 255, 255, 255, 255, 255, 255, 255, 255, 255, 255, 255, 255, 255, 255, 255, 255, 255, 255,  70,   2,   0,
      0,   0,   0,   0,   0,   0,   0,   0,   0,   0,  12,  86, 235, 255, 255, 255, 255, 255, 255, 255, 255, 255, 255, 255, 255, 255, 255, 255, 255, 255, 255, 255, 255, 255, 255, 255, 255, 255, 255, 255, 255, 255, 255, 255, 254,  66,   2,   0,
      0,   0,   0,   0,   0,   0,   0,   0,   0,   0,   0,  13,  85, 230, 255, 255, 255, 255, 255, 255, 255, 255, 255, 255, 255, 255, 255, 255, 255, 255, 255, 255, 255, 255, 255, 255, 255, 255, 255, 255, 255, 255, 255, 255, 247,  58,   2,   0,
      0,   0,   0,   0,   0,   0,   0,   0,   0,   0,   0,   0,  13,  80, 220, 255, 255, 255, 255, 255, 255, 255, 255, 255, 255, 255, 255, 255, 255, 255, 255, 255, 255, 255, 255, 255, 255, 255, 255, 255, 255, 255, 255, 255, 227,  45,   1,   0,
      0,   0,   0,   0,   0,   0,   0,   0,   0,   0,   0,   0,   0,  10,  64, 215, 255, 255, 255, 255, 255, 255, 255, 255, 255, 255, 255, 255, 255, 255, 255, 255, 255, 255, 255, 255, 255, 255, 255, 255, 255, 255, 255, 255, 195,  30,   0,   0,
      0,   0,   0,   0,   0,   0,   0,   0,   0,   0,   0,   0,   0,   0,   8, 113, 255, 255, 255, 255, 255, 255, 255, 255, 255, 255, 255, 255, 255, 255, 255, 255, 255, 255, 255, 255, 255, 255, 255, 255, 255, 255, 255, 255, 141,  14,   0,   0,
      0,   0,   0,   0,   0,   0,   0,   0,   0,   0,   0,   0,   0,   0,   1,  35, 222, 255, 255, 255, 255, 255, 255, 255, 255, 255, 255, 255, 255, 255, 255, 255, 255, 255, 255, 255, 255, 255, 255, 255, 255, 255, 255, 249,  80,   5,   0,   0,
      0,   0,   0,   0,   0,   0,   0,   0,   0,   0,   0,   0,   0,   0,   0,   9, 121, 255, 255, 255, 255, 255, 255, 255, 255, 255, 255, 255, 255, 255, 255, 255, 255, 255, 255, 255, 255, 255, 255, 255, 255, 255, 255, 189,  37,   1,   0,   0,
      0,   0,   0,   0,   0,   0,   0,   0,   0,   0,   0,   0,   0,   0,   0,   1,  33, 210, 255, 255, 255, 255, 255, 255, 255, 255, 255, 255, 255, 255, 255, 255, 255, 255, 255, 255, 255, 255, 255, 255, 255, 255, 248,  96,  10,   0,   0,   0,
      0,   0,   0,   0,   0,   0,   0,   0,   0,   0,   0,   0,   0,   0,   0,   0,   7,  91, 250, 255, 255, 255, 255, 255, 255, 255, 255, 255, 255, 201, 254, 255, 255, 255, 255, 255, 255, 255, 255, 255, 255, 255, 173,  37,   1,   0,   0,   0,
      0,   0,   0,   0,   0,   0,   0,   0,   0,   0,   0,   0,   0,   0,   0,   0,   0,  21, 155, 255, 255, 255, 255, 255, 255, 255, 255, 255, 255, 106, 137, 244, 255, 255, 255, 255, 255, 255, 255, 255, 255, 218,  67,   7,   0,   0,   0,   0,
      0,   0,   0,   0,   0,   0,   0,   0,   0,   0,   0,   0,   0,   0,   0,   0,   0,   2,  39, 195, 255, 255, 255, 255, 255, 255, 255, 255, 248,  58,  24,  97, 222, 255, 255, 255, 255, 255, 255, 255, 235,  95,  15,   0,   0,   0,   0,   0,
      0,   0,   0,   0,   0,   0,   0,   0,   0,   0,   0,   0,   0,   0,   0,   0,   0,   0,   5,  56, 212, 255, 255, 255, 255, 255, 255, 255, 224,  42,   1,  13,  63, 175, 250, 255, 255, 255, 255, 234, 108,  23,   1,   0,   0,   0,   0,   0,
      0,   0,   0,   0,   0,   0,   0,   0,   0,   0,   0,   0,   0,   0,   0,   0,   0,   0,   0,   7,  62, 207, 255, 255, 255, 255, 255, 255, 185,  26,   0,   0,   5,  32,  96, 194, 247, 250, 207,  97,  23,   1,   0,   0,   0,   0,   0,   0,
      0,   0,   0,   0,   0,   0,   0,   0,   0,   0,   0,   0,   0,   0,   0,   0,   0,   0,   0,   0,   7,  52, 179, 254, 255, 255, 255, 255, 129,  12,   0,   0,   0,   1,   9,  39,  75,  83,  55,  15,   1,   0,   0,   0,   0,   0,   0,   0,
      0,   0,   0,   0,   0,   0,   0,   0,   0,   0,   0,   0,   0,   0,   0,   0,   0,   0,   0,   0,   0,   5,  37, 129, 235, 255, 255, 231,  63,   3,   0,   0,   0,   0,   0,   1,   5,   6,   2,   0,   0,   0,   0,   0,   0,   0,   0,   0,
      0,   0,   0,   0,   0,   0,   0,   0,   0,   0,   0,   0,   0,   0,   0,   0,   0,   0,   0,   0,   0,   0,   2,  18,  67, 150, 172,  94,  19,   0,   0,   0,   0,   0,   0,   0,   0,   0,   0,   0,   0,   0,   0,   0,   0,   0,   0,   0,
      0,   0,   0,   0,   0,   0,   0,   0,   0,   0,   0,   0,   0,   0,   0,   0,   0,   0,   0,   0,   0,   0,   0,   0,   4,  18,  25,  11,   1,   0,   0,   0,   0,   0,   0,   0,   0,   0,   0,   0,   0,   0,   0,   0,   0,   0,   0,   0,
      0,   0,   0,   0,   0,   0,   0,   0,   0,   0,   0,   0,   0,   0,   0,   0,   0,   0,   0,   0,   0,   0,   0,   0,   0,   0,   0,   0,   0,   0,   0,   0,   0,   0,   0,   0,   0,   0,   0,   0,   0,   0,   0,   0,   0,   0,   0,   0,
      0,   0,   0,   0,   0,   0,   0,   0,   0,   0,   0,   0,   0,   0,   0,   0,   0,   0,   0,   0,   0,   0,   0,   0,   0,   0,   0,   0,   0,   0,   0,   0,   0,   0,   0,   0,   0,   0,   0,   0,   0,   0,   0,   0,   0,   0,   0,   0,
};

/* Home-screen order: the SCREEN_* order in ui.c. */
static const xp_icon_t XP_ICONS[XP_ICON_COUNT] = {
    {"DigitalCamera", XP_MODE_RGB, XP_MODE_A},
    {"SmartScreen", XP_FLASH_RGB, XP_FLASH_A},
    {"MyPictures", XP_GALLERY_RGB, XP_GALLERY_A},
    {"DialUpConnection", XP_ROLL_RGB, XP_ROLL_A},
    {"SettingsAlert", XP_SETTINGS_RGB, XP_SETTINGS_A},
    {"MSN", XP_STATUS_RGB, XP_STATUS_A},
};

#endif
