// Generated by tools/mkfont-ui.mjs - do not edit.
// BIZ UDPGothic (SIL OFL 1.1), googlefonts/morisawa-biz-ud-gothic@18934af56b9c
// 112 code points from ui.c string literals + ASCII; S 22px: 112 glyphs, 11 KB; M 34px: 112 glyphs, 26 KB; MB 34px: 112 glyphs, 27 KB
#pragma once
#include <stdint.h>

/* One glyph: ink box (bx, by) relative to the pen at the baseline, w x h
 * pixels of 4-bit coverage at `off` (two per byte, high nibble first),
 * and the advance. */
typedef struct { uint16_t cp; uint32_t off; int8_t bx, by; uint8_t w, h, adv; } ut_glyph_t;
typedef struct { const ut_glyph_t *g; int n; const uint8_t *px; int em, asc, desc; } ut_face_t;

static const ut_glyph_t UT_S_GLYPHS[112] = {
  {0x0020, 0, 0, 0, 0, 0, 7},
  {0x0021, 0, 2, -18, 3, 19, 7},
  {0x0022, 29, 1, -19, 8, 7, 10},
  {0x0023, 57, 2, -18, 16, 20, 20},
  {0x0024, 217, 2, -19, 13, 21, 18},
  {0x0025, 354, 1, -18, 20, 19, 22},
  {0x0026, 544, 2, -18, 16, 19, 20},
  {0x0027, 696, 1, -19, 4, 7, 6},
  {0x0028, 710, 2, -19, 7, 21, 11},
  {0x0029, 784, 1, -19, 7, 21, 11},
  {0x002a, 858, 0, -15, 11, 13, 11},
  {0x002b, 930, 2, -16, 15, 15, 18},
  {0x002c, 1043, 1, -4, 4, 7, 7},
  {0x002d, 1057, 1, -9, 8, 2, 11},
  {0x002e, 1065, 1, -3, 4, 4, 7},
  {0x002f, 1073, 1, -19, 9, 21, 11},
  {0x0030, 1168, 1, -18, 14, 19, 17},
  {0x0031, 1301, 2, -18, 7, 19, 14},
  {0x0032, 1368, 2, -18, 13, 19, 17},
  {0x0033, 1492, 1, -18, 14, 19, 17},
  {0x0034, 1625, 0, -18, 16, 19, 17},
  {0x0035, 1777, 2, -18, 13, 19, 17},
  {0x0036, 1901, 2, -18, 13, 19, 17},
  {0x0037, 2025, 2, -18, 14, 19, 17},
  {0x0038, 2158, 1, -18, 14, 19, 17},
  {0x0039, 2291, 1, -18, 14, 20, 17},
  {0x003a, 2431, 2, -12, 3, 13, 7},
  {0x003b, 2451, 2, -13, 3, 16, 7},
  {0x003c, 2475, 1, -16, 16, 15, 18},
  {0x003d, 2595, 2, -12, 15, 7, 18},
  {0x003e, 2648, 2, -16, 15, 15, 18},
  {0x003f, 2761, 1, -18, 14, 19, 17},
  {0x0040, 2894, 1, -18, 19, 19, 22},
  {0x0041, 3075, 0, -18, 17, 19, 17},
  {0x0042, 3237, 2, -18, 14, 19, 17},
  {0x0043, 3370, 1, -18, 16, 19, 18},
  {0x0044, 3522, 2, -18, 16, 19, 18},
  {0x0045, 3674, 2, -18, 13, 19, 15},
  {0x0046, 3798, 2, -18, 12, 19, 15},
  {0x0047, 3912, 1, -18, 16, 19, 18},
  {0x0048, 4064, 2, -18, 14, 19, 18},
  {0x0049, 4197, 1, -18, 7, 19, 9},
  {0x004a, 4264, 0, -18, 10, 19, 12},
  {0x004b, 4359, 2, -18, 14, 19, 17},
  {0x004c, 4492, 2, -18, 11, 19, 13},
  {0x004d, 4597, 2, -18, 18, 19, 22},
  {0x004e, 4768, 2, -18, 14, 19, 18},
  {0x004f, 4901, 1, -18, 17, 19, 19},
  {0x0050, 5063, 2, -18, 14, 19, 16},
  {0x0051, 5196, 1, -18, 18, 20, 20},
  {0x0052, 5376, 2, -18, 14, 19, 17},
  {0x0053, 5509, 1, -18, 14, 19, 16},
  {0x0054, 5642, 0, -18, 16, 19, 15},
  {0x0055, 5794, 2, -18, 15, 19, 18},
  {0x0056, 5937, 0, -18, 16, 19, 16},
  {0x0057, 6089, 0, -18, 22, 19, 22},
  {0x0058, 6298, 0, -18, 17, 19, 18},
  {0x0059, 6460, 0, -18, 16, 19, 16},
  {0x005a, 6612, 1, -18, 15, 19, 17},
  {0x005b, 6755, 3, -19, 7, 21, 11},
  {0x005c, 6829, 1, -19, 10, 21, 11},
  {0x005d, 6934, 1, -19, 7, 21, 11},
  {0x005e, 7008, 1, -18, 9, 4, 11},
  {0x005f, 7026, 0, 2, 7, 1, 7},
  {0x0060, 7030, 2, -18, 6, 4, 11},
  {0x0061, 7042, 1, -13, 12, 14, 14},
  {0x0062, 7126, 2, -19, 13, 20, 16},
  {0x0063, 7256, 1, -13, 13, 14, 14},
  {0x0064, 7347, 1, -19, 13, 20, 16},
  {0x0065, 7477, 1, -13, 13, 14, 15},
  {0x0066, 7568, 0, -19, 11, 20, 11},
  {0x0067, 7678, 1, -13, 12, 16, 15},
  {0x0068, 7774, 2, -19, 12, 20, 15},
  {0x0069, 7894, 2, -18, 3, 19, 7},
  {0x006a, 7923, 0, -18, 6, 21, 8},
  {0x006b, 7986, 2, -19, 12, 20, 14},
  {0x006c, 8106, 2, -19, 5, 20, 7},
  {0x006d, 8156, 1, -13, 18, 14, 21},
  {0x006e, 8282, 2, -13, 12, 14, 15},
  {0x006f, 8366, 1, -13, 13, 14, 15},
  {0x0070, 8457, 2, -13, 13, 16, 16},
  {0x0071, 8561, 1, -13, 13, 16, 16},
  {0x0072, 8665, 2, -13, 8, 14, 10},
  {0x0073, 8721, 1, -13, 11, 14, 13},
  {0x0074, 8798, 0, -17, 10, 18, 10},
  {0x0075, 8888, 2, -13, 12, 14, 15},
  {0x0076, 8972, 0, -13, 13, 14, 13},
  {0x0077, 9063, 0, -13, 19, 14, 19},
  {0x0078, 9196, 0, -13, 13, 14, 13},
  {0x0079, 9287, 0, -13, 14, 16, 13},
  {0x007a, 9399, 0, -13, 12, 14, 13},
  {0x007b, 9483, 2, -19, 8, 21, 11},
  {0x007c, 9567, 4, -20, 2, 23, 10},
  {0x007d, 9590, 1, -19, 9, 21, 11},
  {0x007e, 9685, 1, -17, 9, 3, 11},
  {0x00b0, 9699, 0, -19, 7, 6, 8},
  {0x00d7, 9720, 2, -15, 14, 13, 18},
  {0x00f7, 9811, 2, -15, 15, 14, 18},
  {0x2026, 9916, 2, -10, 18, 3, 22},
  {0x2103, 9943, 0, -19, 21, 20, 22},
  {0x2190, 10153, 1, -14, 20, 11, 22},
  {0x2191, 10263, 6, -18, 10, 19, 22},
  {0x2192, 10358, 1, -14, 20, 11, 22},
  {0x2193, 10468, 6, -18, 10, 19, 22},
  {0x25cb, 10563, 1, -19, 20, 21, 22},
  {0x25cf, 10773, 1, -19, 20, 21, 22},
  {0x2605, 10983, 0, -19, 22, 21, 22},
  {0x2606, 11214, 0, -19, 22, 21, 22},
  {0x301c, 11445, 2, -11, 18, 5, 22},
  {0x30fb, 11490, 3, -11, 5, 5, 11},
  {0x30fc, 11503, 1, -10, 19, 2, 21},
  {0xff5e, 11522, 2, -11, 18, 5, 22},
};
static const uint8_t UT_S_PX[11567] = {
  0x24,0x39,0xfd,0x9f,0xc8,0xfc,0x8f,0xc7,0xfb,0x7f,0xb6,0xfa,0x6f,0xa5,0xf9,0x5f,0x94,0xf8,0x4f,0x83,0xf7,0x00,0x03,0x44,0xbf,0xfb,0xff,0x68,0x80,0x5b,0xb5,0x5b,
  0xb6,0x7f,0xf7,0x6f,0xf8,0x7f,0xf7,0x6f,0xf7,0x25,0xf4,0x25,0xf5,0x06,0xe1,0x06,0xe1,0x1d,0x70,0x0d,0x70,0x37,0x00,0x37,0x00,0x00,0x00,0x04,0xf5,0x00,0x05,0xf4,
  0x00,0x00,0x00,0x06,0xf3,0x00,0x08,0xf1,0x00,0x00,0x00,0x09,0xf1,0x00,0x0a,0xe0,0x00,0x00,0x00,0x0b,0xd0,0x00,0x0c,0xc0,0x00,0x03,0x88,0x8e,0xd8,0x88,0x8e,0xd8,
  0x86,0x06,0xff,0xff,0xff,0xff,0xff,0xff,0xfc,0x01,0x44,0x6f,0x84,0x44,0x7f,0x84,0x43,0x00,0x00,0x5f,0x40,0x00,0x6f,0x30,0x00,0x00,0x00,0x7f,0x20,0x00,0x8f,0x10,
  0x00,0x00,0x00,0x9f,0x00,0x00,0xbe,0x00,0x00,0x00,0x00,0xcc,0x00,0x00,0xdb,0x00,0x00,0x00,0x00,0xea,0x00,0x00,0xf9,0x00,0x00,0x00,0x01,0xf8,0x00,0x02,0xf7,0x00,
  0x00,0x8f,0xff,0xff,0xff,0xff,0xff,0xff,0x90,0x6b,0xbd,0xfc,0xbb,0xbd,0xfc,0xbb,0x70,0x00,0x08,0xf1,0x00,0x09,0xf0,0x00,0x00,0x00,0x0a,0xe0,0x00,0x0b,0xd0,0x00,
  0x00,0x00,0x0c,0xc0,0x00,0x0e,0xb0,0x00,0x00,0x00,0x0f,0xa0,0x00,0x1f,0x80,0x00,0x00,0x00,0x04,0x20,0x00,0x14,0x20,0x00,0x00,0x00,0x00,0x00,0xa6,0x00,0x00,0x00,
  0x00,0x00,0x0d,0x80,0x00,0x00,0x00,0x01,0x7a,0xed,0x95,0x10,0x00,0x06,0xef,0xee,0xef,0xfe,0x70,0x04,0xfe,0x50,0xd8,0x16,0xdc,0x00,0xbf,0x60,0x0d,0x80,0x00,0x20,
  0x0d,0xf3,0x00,0xd8,0x00,0x00,0x00,0xbf,0x80,0x0d,0x80,0x00,0x00,0x04,0xff,0xa3,0xd8,0x00,0x00,0x00,0x04,0xef,0xff,0xb2,0x00,0x00,0x00,0x01,0x6c,0xff,0xfb,0x40,
  0x00,0x00,0x00,0x0d,0xcc,0xff,0x90,0x00,0x00,0x00,0xd8,0x05,0xef,0x60,0x00,0x00,0x0d,0x80,0x07,0xfc,0x00,0x00,0x00,0xd8,0x00,0x3f,0xe0,0x71,0x00,0x0d,0x80,0x06,
  0xfc,0x5f,0xe7,0x10,0xd8,0x04,0xef,0x60,0x7e,0xff,0xce,0xdd,0xff,0xa0,0x00,0x17,0xbe,0xff,0xfb,0x50,0x00,0x00,0x00,0x0d,0x80,0x00,0x00,0x00,0x00,0x00,0xd8,0x00,
  0x00,0x00,0x00,0x28,0xb9,0x20,0x00,0x00,0x00,0x02,0x41,0x00,0x04,0xef,0xbf,0xf5,0x00,0x00,0x00,0x1d,0xc0,0x00,0x1e,0xd2,0x01,0xde,0x10,0x00,0x00,0x9e,0x20,0x00,
  0x5f,0x70,0x00,0x6f,0x60,0x00,0x05,0xf5,0x00,0x00,0x8f,0x40,0x00,0x3f,0x80,0x00,0x2e,0x90,0x00,0x00,0x8f,0x40,0x00,0x3f,0x80,0x00,0xcc,0x00,0x00,0x00,0x5f,0x70,
  0x00,0x6f,0x60,0x08,0xe2,0x00,0x00,0x00,0x1e,0xe2,0x02,0xde,0x10,0x4f,0x60,0x00,0x00,0x00,0x04,0xef,0xcf,0xf4,0x01,0xea,0x00,0x00,0x00,0x00,0x00,0x28,0xb8,0x20,
  0x0b,0xd1,0x00,0x47,0x40,0x00,0x00,0x00,0x00,0x00,0x7f,0x30,0x2c,0xff,0xfc,0x20,0x00,0x00,0x00,0x03,0xf7,0x00,0xce,0x61,0x6f,0xc0,0x00,0x00,0x00,0x1d,0xb0,0x05,
  0xf8,0x00,0x08,0xf4,0x00,0x00,0x00,0xae,0x10,0x08,0xf3,0x00,0x04,0xf7,0x00,0x00,0x06,0xf4,0x00,0x08,0xf3,0x00,0x03,0xf8,0x00,0x00,0x2e,0x80,0x00,0x07,0xf5,0x00,
  0x05,0xf6,0x00,0x00,0xcc,0x00,0x00,0x02,0xfb,0x00,0x0c,0xf1,0x00,0x09,0xe2,0x00,0x00,0x00,0x8f,0xd8,0xdf,0x70,0x00,0x18,0x40,0x00,0x00,0x00,0x06,0xdf,0xd6,0x00,
  0x00,0x00,0x27,0x88,0x50,0x00,0x00,0x00,0x00,0x05,0xef,0xff,0xfc,0x10,0x00,0x00,0x00,0x2f,0xf7,0x13,0xbf,0xc0,0x00,0x00,0x00,0x8f,0x80,0x00,0x0d,0xf2,0x00,0x00,
  0x00,0x9f,0x50,0x00,0x0b,0xf4,0x00,0x00,0x00,0x7f,0x80,0x00,0x0e,0xf2,0x00,0x00,0x00,0x2f,0xe1,0x00,0xaf,0xa0,0x00,0x00,0x00,0x08,0xfb,0x3c,0xfc,0x10,0x00,0x00,
  0x00,0x00,0xdf,0xfe,0x80,0x00,0x00,0x00,0x00,0x3c,0xff,0xf8,0x00,0x00,0x06,0x20,0x06,0xff,0x72,0xdf,0x60,0x00,0x1f,0xd0,0x3f,0xf4,0x00,0x2e,0xf7,0x00,0x6f,0x80,
  0xaf,0x80,0x00,0x03,0xef,0x80,0xdf,0x20,0xdf,0x30,0x00,0x00,0x3e,0xfc,0xfa,0x00,0xdf,0x40,0x00,0x00,0x03,0xef,0xf2,0x00,0xaf,0xa0,0x00,0x00,0x03,0xef,0xfc,0x20,
  0x2e,0xfa,0x30,0x03,0x8e,0xf7,0xcf,0xe4,0x04,0xef,0xff,0xff,0xfd,0x40,0x1b,0xfd,0x00,0x16,0xbb,0xb9,0x50,0x00,0x00,0x82,0x5b,0xb5,0x7f,0xf7,0x7f,0xf7,0x25,0xf4,
  0x06,0xe1,0x1d,0x70,0x37,0x00,0x00,0x00,0x09,0x90,0x00,0x0a,0xe3,0x00,0x06,0xf6,0x00,0x01,0xeb,0x00,0x00,0x9f,0x30,0x00,0x1f,0xb0,0x00,0x06,0xf6,0x00,0x00,0xbf,
  0x10,0x00,0x0e,0xd0,0x00,0x01,0xfb,0x00,0x00,0x2f,0xa0,0x00,0x02,0xfb,0x00,0x00,0x0f,0xc0,0x00,0x00,0xcf,0x00,0x00,0x08,0xf4,0x00,0x00,0x2f,0x90,0x00,0x00,0xbf,
  0x10,0x00,0x03,0xf9,0x00,0x00,0x09,0xf3,0x00,0x00,0x1c,0xd1,0x00,0x00,0x2d,0xb0,0x1b,0x70,0x00,0x00,0x6f,0x60,0x00,0x00,0xaf,0x30,0x00,0x01,0xec,0x00,0x00,0x06,
  0xf5,0x00,0x00,0x1e,0xc0,0x00,0x00,0x9f,0x30,0x00,0x04,0xf7,0x00,0x00,0x1f,0xb0,0x00,0x00,0xed,0x00,0x00,0x0e,0xe0,0x00,0x00,0xed,0x00,0x00,0x1f,0xb0,0x00,0x03,
  0xf9,0x00,0x00,0x8f,0x40,0x00,0x0d,0xe0,0x00,0x04,0xf7,0x00,0x00,0xce,0x10,0x00,0x7f,0x60,0x00,0x3f,0xa0,0x00,0x1d,0xb0,0x00,0x00,0x00,0x00,0x04,0x00,0x00,0x00,
  0x00,0x07,0xf7,0x00,0x00,0x03,0x00,0x6f,0x70,0x03,0x04,0xfb,0x04,0xf4,0x0b,0xf4,0x2e,0xfa,0x1f,0x2a,0xfe,0x30,0x07,0xe9,0xd9,0xe7,0x10,0x00,0x00,0x8f,0x90,0x00,
  0x00,0x02,0xac,0xdc,0xa2,0x00,0x1a,0xfd,0x2f,0x2d,0xfa,0x15,0xfd,0x23,0xf3,0x2d,0xf6,0x07,0x20,0x6f,0x60,0x27,0x00,0x00,0x07,0xf8,0x00,0x00,0x00,0x00,0x28,0x20,
  0x00,0x00,0x00,0x00,0x00,0x47,0x00,0x00,0x00,0x00,0x00,0x00,0x07,0xe0,0x00,0x00,0x00,0x00,0x00,0x00,0x7e,0x00,0x00,0x00,0x00,0x00,0x00,0x07,0xe0,0x00,0x00,0x00,
  0x00,0x00,0x00,0x7e,0x00,0x00,0x00,0x00,0x00,0x00,0x07,0xe0,0x00,0x00,0x00,0x00,0x00,0x00,0x7e,0x00,0x00,0x00,0x0f,0xff,0xff,0xff,0xff,0xff,0xff,0xf7,0x44,0x44,
  0x44,0x9f,0x44,0x44,0x44,0x20,0x00,0x00,0x07,0xe0,0x00,0x00,0x00,0x00,0x00,0x00,0x7e,0x00,0x00,0x00,0x00,0x00,0x00,0x07,0xe0,0x00,0x00,0x00,0x00,0x00,0x00,0x7e,
  0x00,0x00,0x00,0x00,0x00,0x00,0x07,0xe0,0x00,0x00,0x00,0x00,0x00,0x00,0x7e,0x00,0x00,0x00,0x00,0x38,0x85,0x7f,0xf9,0x7f,0xf9,0x38,0xf7,0x05,0xf3,0x0c,0xa0,0x37,
  0x10,0x38,0x88,0x88,0x87,0x6f,0xff,0xff,0xfe,0x38,0x85,0x7f,0xf9,0x7f,0xf9,0x38,0x85,0x00,0x00,0x00,0x00,0x60,0x00,0x00,0x00,0x5d,0x00,0x00,0x00,0x0b,0x70,0x00,
  0x00,0x02,0xf1,0x00,0x00,0x00,0x8a,0x00,0x00,0x00,0x1e,0x40,0x00,0x00,0x06,0xc0,0x00,0x00,0x00,0xc6,0x00,0x00,0x00,0x3e,0x10,0x00,0x00,0x09,0x90,0x00,0x00,0x01,
  0xe3,0x00,0x00,0x00,0x7b,0x00,0x00,0x00,0x0d,0x50,0x00,0x00,0x04,0xe0,0x00,0x00,0x00,0xa8,0x00,0x00,0x00,0x2f,0x20,0x00,0x00,0x08,0xa0,0x00,0x00,0x00,0xe4,0x00,
  0x00,0x00,0x5d,0x00,0x00,0x00,0x0b,0x70,0x00,0x00,0x00,0xa1,0x00,0x00,0x00,0x00,0x00,0x00,0x05,0x88,0x84,0x00,0x00,0x00,0x03,0xdf,0xff,0xff,0xb1,0x00,0x00,0x3e,
  0xfa,0x41,0x5c,0xfc,0x10,0x00,0xcf,0x90,0x00,0x01,0xdf,0x80,0x05,0xfe,0x10,0x00,0x00,0x4f,0xf1,0x0a,0xf9,0x00,0x00,0x00,0x0d,0xf6,0x0e,0xf5,0x00,0x00,0x00,0x09,
  0xfa,0x1f,0xf2,0x00,0x00,0x00,0x06,0xfc,0x2f,0xf1,0x00,0x00,0x00,0x05,0xfd,0x3f,0xf0,0x00,0x00,0x00,0x04,0xfe,0x3f,0xf0,0x00,0x00,0x00,0x05,0xfd,0x2f,0xf2,0x00,
  0x00,0x00,0x06,0xfc,0x0e,0xf4,0x00,0x00,0x00,0x08,0xfa,0x0b,0xf7,0x00,0x00,0x00,0x0b,0xf7,0x07,0xfd,0x00,0x00,0x00,0x2f,0xf2,0x01,0xef,0x60,0x00,0x00,0xaf,0xb0,
  0x00,0x6f,0xf6,0x00,0x19,0xfe,0x20,0x00,0x07,0xff,0xeb,0xff,0xe4,0x00,0x00,0x00,0x4a,0xef,0xc9,0x20,0x00,0x00,0x00,0x38,0x50,0x16,0xbf,0xfb,0xbf,0xff,0xdf,0xb9,
  0xa6,0x24,0xfb,0x00,0x00,0x4f,0xb0,0x00,0x04,0xfb,0x00,0x00,0x4f,0xb0,0x00,0x04,0xfb,0x00,0x00,0x4f,0xb0,0x00,0x04,0xfb,0x00,0x00,0x4f,0xb0,0x00,0x04,0xfb,0x00,
  0x00,0x4f,0xb0,0x00,0x04,0xfb,0x00,0x00,0x4f,0xb0,0x00,0x04,0xfb,0x00,0x00,0x4f,0xb0,0x00,0x04,0xfb,0x00,0x00,0x28,0x50,0x00,0x02,0x68,0x88,0x50,0x00,0x00,0x1a,
  0xff,0xff,0xff,0xe5,0x00,0x2d,0xfd,0x74,0x44,0xaf,0xf6,0x05,0xfa,0x10,0x00,0x00,0x7f,0xe1,0x03,0x00,0x00,0x00,0x00,0xef,0x40,0x00,0x00,0x00,0x00,0x0e,0xf4,0x00,
  0x00,0x00,0x00,0x03,0xff,0x20,0x00,0x00,0x00,0x01,0xcf,0xa0,0x00,0x00,0x00,0x02,0xdf,0xc1,0x00,0x00,0x00,0x06,0xef,0x91,0x00,0x00,0x00,0x1b,0xfe,0x50,0x00,0x00,
  0x00,0x3e,0xfb,0x20,0x00,0x00,0x00,0x4e,0xf7,0x00,0x00,0x00,0x00,0x2e,0xf5,0x00,0x00,0x00,0x00,0x0c,0xf6,0x00,0x00,0x00,0x00,0x06,0xfb,0x00,0x00,0x00,0x00,0x00,
  0xbf,0x74,0x44,0x44,0x44,0x44,0x2d,0xff,0xff,0xff,0xff,0xff,0xf8,0x68,0x88,0x88,0x88,0x88,0x88,0x40,0x00,0x00,0x48,0x88,0x73,0x00,0x00,0x00,0x6d,0xff,0xff,0xff,
  0xc2,0x00,0x09,0xff,0x94,0x12,0x5c,0xfe,0x20,0x03,0xc2,0x00,0x00,0x01,0xcf,0x90,0x00,0x00,0x00,0x00,0x00,0x6f,0xc0,0x00,0x00,0x00,0x00,0x00,0x6f,0xb0,0x00,0x00,
  0x00,0x00,0x00,0xcf,0x70,0x00,0x00,0x00,0x00,0x2a,0xfc,0x10,0x00,0x00,0x7b,0xbc,0xfe,0x81,0x00,0x00,0x00,0xaf,0xff,0xda,0x60,0x00,0x00,0x00,0x00,0x02,0x5b,0xfd,
  0x20,0x00,0x00,0x00,0x00,0x00,0x8f,0xd0,0x00,0x00,0x00,0x00,0x00,0x0e,0xf4,0x00,0x00,0x00,0x00,0x00,0x0c,0xf7,0x00,0x00,0x00,0x00,0x00,0x0d,0xf6,0x0a,0x50,0x00,
  0x00,0x00,0x4f,0xf2,0x4f,0xfa,0x40,0x00,0x16,0xef,0xa0,0x04,0xdf,0xff,0xde,0xff,0xfa,0x10,0x00,0x05,0xab,0xfe,0xb9,0x30,0x00,0x00,0x00,0x00,0x00,0x05,0x86,0x00,
  0x00,0x00,0x00,0x00,0x00,0x3f,0xfd,0x00,0x00,0x00,0x00,0x00,0x01,0xdd,0xfd,0x00,0x00,0x00,0x00,0x00,0x0a,0xf6,0xfd,0x00,0x00,0x00,0x00,0x00,0x6f,0xb1,0xfd,0x00,
  0x00,0x00,0x00,0x02,0xee,0x21,0xfd,0x00,0x00,0x00,0x00,0x0c,0xf6,0x01,0xfd,0x00,0x00,0x00,0x00,0x8f,0xa0,0x01,0xfd,0x00,0x00,0x00,0x04,0xfd,0x10,0x01,0xfd,0x00,
  0x00,0x00,0x1d,0xf4,0x00,0x01,0xfd,0x00,0x00,0x00,0xaf,0x80,0x00,0x01,0xfd,0x00,0x00,0x06,0xfc,0x00,0x00,0x01,0xfd,0x00,0x00,0x1e,0xfa,0x88,0x88,0x88,0xfe,0x88,
  0x82,0x2f,0xff,0xff,0xff,0xff,0xff,0xff,0xf4,0x14,0x44,0x44,0x44,0x45,0xfd,0x44,0x41,0x00,0x00,0x00,0x00,0x01,0xfd,0x00,0x00,0x00,0x00,0x00,0x00,0x01,0xfd,0x00,
  0x00,0x00,0x00,0x00,0x00,0x01,0xfd,0x00,0x00,0x00,0x00,0x00,0x00,0x01,0x86,0x00,0x00,0x02,0x44,0x44,0x44,0x44,0x42,0x00,0x7f,0xff,0xff,0xff,0xff,0x90,0x09,0xfa,
  0x88,0x88,0x88,0x85,0x00,0xaf,0x40,0x00,0x00,0x00,0x00,0x0c,0xf2,0x00,0x00,0x00,0x00,0x00,0xdf,0x00,0x00,0x00,0x00,0x00,0x0f,0xd0,0x00,0x00,0x00,0x00,0x02,0xfc,
  0x05,0x9b,0xb8,0x20,0x00,0x3f,0xcd,0xff,0xff,0xff,0x90,0x05,0xff,0xb4,0x00,0x16,0xef,0x80,0x39,0x80,0x00,0x00,0x04,0xff,0x20,0x00,0x00,0x00,0x00,0x0b,0xf7,0x00,
  0x00,0x00,0x00,0x00,0x8f,0x90,0x00,0x00,0x00,0x00,0x09,0xf9,0x00,0x00,0x00,0x00,0x00,0xcf,0x60,0x50,0x00,0x00,0x00,0x6f,0xf1,0x7f,0xc6,0x10,0x01,0x7f,0xf7,0x01,
  0xbf,0xff,0xff,0xff,0xf7,0x00,0x00,0x38,0xbb,0xdb,0x92,0x00,0x00,0x00,0x00,0x00,0x06,0xc7,0x00,0x00,0x00,0x00,0x5e,0xff,0x90,0x00,0x00,0x01,0xaf,0xf9,0x20,0x00,
  0x00,0x01,0xbf,0xd3,0x00,0x00,0x00,0x00,0xaf,0xc1,0x00,0x00,0x00,0x00,0x5f,0xd1,0x00,0x00,0x00,0x00,0x0d,0xf4,0x00,0x00,0x00,0x00,0x05,0xfc,0x05,0xab,0xb9,0x40,
  0x00,0xaf,0x7a,0xfe,0xbe,0xff,0x90,0x0d,0xfc,0xe6,0x00,0x04,0xdf,0x90,0xef,0xf4,0x00,0x00,0x02,0xef,0x3e,0xfa,0x00,0x00,0x00,0x09,0xf7,0xdf,0x70,0x00,0x00,0x00,
  0x7f,0x9b,0xf7,0x00,0x00,0x00,0x07,0xf9,0x6f,0xc0,0x00,0x00,0x00,0xbf,0x61,0xef,0x60,0x00,0x00,0x3f,0xf1,0x05,0xff,0x70,0x00,0x5e,0xf7,0x00,0x06,0xff,0xfb,0xef,
  0xf9,0x00,0x00,0x02,0x9b,0xfc,0xa4,0x00,0x00,0x34,0x44,0x44,0x44,0x44,0x44,0x40,0xaf,0xff,0xff,0xff,0xff,0xff,0xf2,0xaf,0x98,0x88,0x88,0x88,0x9f,0xe1,0xaf,0x30,
  0x00,0x00,0x00,0x9f,0x70,0xaf,0x30,0x00,0x00,0x02,0xfe,0x10,0xaf,0x30,0x00,0x00,0x08,0xf7,0x00,0x58,0x20,0x00,0x00,0x1e,0xe1,0x00,0x00,0x00,0x00,0x00,0x6f,0x90,
  0x00,0x00,0x00,0x00,0x00,0xdf,0x30,0x00,0x00,0x00,0x00,0x04,0xfc,0x00,0x00,0x00,0x00,0x00,0x0a,0xf6,0x00,0x00,0x00,0x00,0x00,0x1e,0xf1,0x00,0x00,0x00,0x00,0x00,
  0x5f,0xb0,0x00,0x00,0x00,0x00,0x00,0xaf,0x60,0x00,0x00,0x00,0x00,0x01,0xef,0x20,0x00,0x00,0x00,0x00,0x04,0xfc,0x00,0x00,0x00,0x00,0x00,0x08,0xf9,0x00,0x00,0x00,
  0x00,0x00,0x0c,0xf5,0x00,0x00,0x00,0x00,0x00,0x07,0x81,0x00,0x00,0x00,0x00,0x00,0x27,0x88,0x85,0x00,0x00,0x00,0x1a,0xff,0xff,0xff,0xe5,0x00,0x00,0xcf,0xc3,0x00,
  0x16,0xef,0x60,0x06,0xfd,0x10,0x00,0x00,0x5f,0xe0,0x0a,0xf7,0x00,0x00,0x00,0x0d,0xf3,0x0a,0xf7,0x00,0x00,0x00,0x0d,0xf2,0x07,0xfc,0x00,0x00,0x00,0x3f,0xd0,0x01,
  0xdf,0xa1,0x00,0x04,0xef,0x40,0x00,0x2b,0xfe,0x97,0xcf,0xc3,0x00,0x00,0x00,0x9f,0xff,0xfc,0x30,0x00,0x00,0x3d,0xfb,0x54,0x9e,0xfa,0x10,0x04,0xfe,0x50,0x00,0x01,
  0xbf,0xc0,0x0d,0xf5,0x00,0x00,0x00,0x0c,0xf7,0x2f,0xe0,0x00,0x00,0x00,0x07,0xfb,0x3f,0xe0,0x00,0x00,0x00,0x07,0xfb,0x1f,0xf5,0x00,0x00,0x00,0x0c,0xf8,0x08,0xfe,
  0x60,0x00,0x02,0xbf,0xe2,0x00,0x9f,0xff,0xbb,0xdf,0xfd,0x30,0x00,0x03,0x9b,0xef,0xca,0x60,0x00,0x00,0x00,0x16,0x88,0x72,0x00,0x00,0x00,0x07,0xff,0xff,0xff,0x91,
  0x00,0x00,0x8f,0xe6,0x22,0x5d,0xfb,0x00,0x04,0xfe,0x20,0x00,0x01,0xdf,0x60,0x0b,0xf7,0x00,0x00,0x00,0x5f,0xd0,0x0e,0xf2,0x00,0x00,0x00,0x0f,0xf2,0x1f,0xf0,0x00,
  0x00,0x00,0x0d,0xf5,0x1f,0xf1,0x00,0x00,0x00,0x0e,0xf7,0x0d,0xf5,0x00,0x00,0x00,0x5f,0xf7,0x07,0xfd,0x10,0x00,0x02,0xee,0xf7,0x01,0xcf,0xd6,0x44,0x7e,0xda,0xf6,
  0x00,0x1a,0xff,0xff,0xfb,0x1c,0xf3,0x00,0x00,0x27,0x88,0x30,0x1f,0xe0,0x00,0x00,0x00,0x00,0x00,0x8f,0xa0,0x00,0x00,0x00,0x00,0x03,0xff,0x30,0x00,0x00,0x00,0x00,
  0x3e,0xf8,0x00,0x00,0x00,0x00,0x39,0xff,0x90,0x00,0x00,0x08,0xbe,0xff,0xd5,0x00,0x00,0x00,0x0a,0xfd,0xa5,0x00,0x00,0x00,0x00,0x01,0x00,0x00,0x00,0x00,0x00,0xff,
  0xdf,0xfd,0xff,0xd0,0x00,0x00,0x00,0x00,0x00,0x00,0x00,0x00,0x04,0x43,0xff,0xdf,0xfd,0x88,0x60,0x88,0x6f,0xfd,0xff,0xd8,0x86,0x00,0x00,0x00,0x00,0x00,0x00,0x00,
  0x0b,0xb9,0xff,0xdf,0xfc,0x4b,0xa0,0xd6,0x5e,0x16,0x40,0x00,0x00,0x00,0x00,0x00,0x00,0x00,0x13,0x00,0x00,0x00,0x00,0x00,0x00,0x29,0xe8,0x00,0x00,0x00,0x00,0x00,
  0x29,0xfe,0x71,0x00,0x00,0x00,0x00,0x29,0xfd,0x61,0x00,0x00,0x00,0x00,0x3a,0xfd,0x60,0x00,0x00,0x00,0x00,0x3a,0xfc,0x50,0x00,0x00,0x00,0x00,0x4b,0xfb,0x40,0x00,
  0x00,0x00,0x00,0x1b,0xfe,0x40,0x00,0x00,0x00,0x00,0x00,0x01,0x8e,0xe7,0x10,0x00,0x00,0x00,0x00,0x00,0x01,0x7e,0xe8,0x10,0x00,0x00,0x00,0x00,0x00,0x01,0x7e,0xf9,
  0x20,0x00,0x00,0x00,0x00,0x00,0x00,0x6d,0xf9,0x20,0x00,0x00,0x00,0x00,0x00,0x00,0x6d,0xfa,0x30,0x00,0x00,0x00,0x00,0x00,0x00,0x5d,0xf6,0x00,0x00,0x00,0x00,0x00,
  0x00,0x00,0x55,0xbb,0xbb,0xbb,0xbb,0xbb,0xbb,0xbb,0x6b,0xbb,0xbb,0xbb,0xbb,0xbb,0xbb,0xb6,0x00,0x00,0x00,0x00,0x00,0x00,0x00,0x00,0x00,0x00,0x00,0x00,0x00,0x00,
  0x00,0x00,0x00,0x00,0x00,0x00,0x00,0x00,0x08,0x88,0x88,0x88,0x88,0x88,0x88,0x84,0xff,0xff,0xff,0xff,0xff,0xff,0xff,0x80,0x40,0x00,0x00,0x00,0x00,0x00,0x00,0x0f,
  0xc5,0x00,0x00,0x00,0x00,0x00,0x00,0x4b,0xfc,0x50,0x00,0x00,0x00,0x00,0x00,0x03,0xaf,0xd6,0x00,0x00,0x00,0x00,0x00,0x00,0x29,0xfd,0x60,0x00,0x00,0x00,0x00,0x00,
  0x02,0x9f,0xe7,0x10,0x00,0x00,0x00,0x00,0x00,0x18,0xee,0x71,0x00,0x00,0x00,0x00,0x00,0x01,0xaf,0xe5,0x00,0x00,0x00,0x00,0x04,0xbf,0xb4,0x00,0x00,0x00,0x00,0x5c,
  0xfb,0x40,0x00,0x00,0x00,0x05,0xcf,0xa3,0x00,0x00,0x00,0x00,0x6d,0xfa,0x30,0x00,0x00,0x00,0x17,0xef,0x92,0x00,0x00,0x00,0x00,0x0e,0xf9,0x20,0x00,0x00,0x00,0x00,
  0x00,0x81,0x00,0x00,0x00,0x00,0x00,0x00,0x00,0x00,0x00,0x37,0x88,0x85,0x10,0x00,0x00,0x5d,0xff,0xff,0xff,0xf9,0x10,0x09,0xff,0x94,0x10,0x36,0xdf,0xc1,0x4f,0xd2,
  0x00,0x00,0x00,0x1e,0xf7,0x05,0x20,0x00,0x00,0x00,0x09,0xfa,0x00,0x00,0x00,0x00,0x00,0x0b,0xf9,0x00,0x00,0x00,0x00,0x00,0x5f,0xf3,0x00,0x00,0x00,0x00,0x08,0xff,
  0x50,0x00,0x00,0x00,0x02,0xcf,0xc3,0x00,0x00,0x00,0x00,0x0c,0xf7,0x00,0x00,0x00,0x00,0x00,0x6f,0x80,0x00,0x00,0x00,0x00,0x00,0xaf,0x20,0x00,0x00,0x00,0x00,0x00,
  0xce,0x00,0x00,0x00,0x00,0x00,0x00,0xdd,0x00,0x00,0x00,0x00,0x00,0x00,0x00,0x00,0x00,0x00,0x00,0x00,0x02,0x44,0x10,0x00,0x00,0x00,0x00,0x06,0xff,0x60,0x00,0x00,
  0x00,0x00,0x06,0xff,0x60,0x00,0x00,0x00,0x00,0x03,0x88,0x30,0x00,0x00,0x00,0x00,0x00,0x15,0x8b,0xb8,0x51,0x00,0x00,0x00,0x00,0x01,0x8f,0xfc,0xbb,0xdf,0xe8,0x00,
  0x00,0x00,0x03,0xde,0x71,0x00,0x00,0x28,0xfc,0x20,0x00,0x03,0xeb,0x10,0x00,0x00,0x00,0x03,0xed,0x10,0x01,0xdc,0x10,0x01,0x68,0x71,0x01,0x03,0xe9,0x00,0x8e,0x20,
  0x03,0xef,0xef,0xe6,0xf2,0x07,0xf2,0x0e,0x90,0x02,0xed,0x30,0x1b,0xfd,0x00,0x1f,0x74,0xf4,0x00,0xbe,0x20,0x00,0x4f,0x90,0x00,0xca,0x6f,0x10,0x2f,0x90,0x00,0x03,
  0xf6,0x00,0x0b,0xb7,0xf0,0x05,0xf5,0x00,0x00,0x4f,0x40,0x00,0xba,0x7f,0x00,0x6f,0x40,0x00,0x08,0xf2,0x00,0x0d,0x85,0xf2,0x05,0xf5,0x00,0x01,0xef,0x20,0x04,0xf4,
  0x2f,0x60,0x1f,0xb0,0x01,0xbd,0xf6,0x02,0xdc,0x00,0xbd,0x00,0x7f,0xdb,0xee,0x3a,0xfb,0xed,0x20,0x04,0xf7,0x00,0x5b,0xb9,0x20,0x07,0x86,0x13,0x00,0x08,0xf6,0x00,
  0x00,0x00,0x00,0x00,0x1b,0xe1,0x00,0x09,0xfa,0x20,0x00,0x00,0x01,0x7e,0xe5,0x00,0x00,0x06,0xef,0xc8,0x88,0x9c,0xff,0x92,0x00,0x00,0x00,0x01,0x6a,0xbf,0xeb,0xa6,
  0x10,0x00,0x00,0x00,0x00,0x00,0x03,0x42,0x00,0x00,0x00,0x00,0x00,0x00,0x01,0xef,0xb0,0x00,0x00,0x00,0x00,0x00,0x00,0x6f,0xef,0x20,0x00,0x00,0x00,0x00,0x00,0x0c,
  0xf7,0xf8,0x00,0x00,0x00,0x00,0x00,0x03,0xfc,0x1f,0xe0,0x00,0x00,0x00,0x00,0x00,0x9f,0x60,0xaf,0x50,0x00,0x00,0x00,0x00,0x1e,0xf1,0x05,0xfb,0x00,0x00,0x00,0x00,
  0x06,0xfa,0x00,0x0e,0xf2,0x00,0x00,0x00,0x00,0xcf,0x40,0x00,0x8f,0x70,0x00,0x00,0x00,0x2f,0xd0,0x00,0x03,0xfd,0x00,0x00,0x00,0x08,0xf8,0x00,0x00,0x0c,0xf4,0x00,
  0x00,0x00,0xef,0x98,0x88,0x88,0xbf,0xa0,0x00,0x00,0x5f,0xff,0xff,0xff,0xff,0xff,0x10,0x00,0x0b,0xf8,0x44,0x44,0x44,0x4b,0xf7,0x00,0x02,0xff,0x10,0x00,0x00,0x00,
  0x5f,0xd0,0x00,0x8f,0xa0,0x00,0x00,0x00,0x00,0xef,0x40,0x0e,0xf4,0x00,0x00,0x00,0x00,0x09,0xfa,0x05,0xfd,0x00,0x00,0x00,0x00,0x00,0x3f,0xf1,0x58,0x50,0x00,0x00,
  0x00,0x00,0x00,0x78,0x30,0x24,0x44,0x44,0x44,0x10,0x00,0x00,0x9f,0xff,0xff,0xff,0xfc,0x50,0x00,0x9f,0xa8,0x88,0x88,0xcf,0xf9,0x00,0x9f,0x60,0x00,0x00,0x05,0xff,
  0x40,0x9f,0x60,0x00,0x00,0x00,0xbf,0x80,0x9f,0x60,0x00,0x00,0x00,0x9f,0x90,0x9f,0x60,0x00,0x00,0x00,0xcf,0x60,0x9f,0x60,0x00,0x00,0x19,0xfd,0x10,0x9f,0xa8,0x88,
  0x8b,0xff,0xa2,0x00,0x9f,0xff,0xff,0xff,0xfa,0x30,0x00,0x9f,0x60,0x00,0x04,0x7d,0xfb,0x10,0x9f,0x60,0x00,0x00,0x00,0xaf,0xc0,0x9f,0x60,0x00,0x00,0x00,0x1e,0xf4,
  0x9f,0x60,0x00,0x00,0x00,0x0c,0xf6,0x9f,0x60,0x00,0x00,0x00,0x0e,0xf5,0x9f,0x60,0x00,0x00,0x00,0x8f,0xf1,0x9f,0x84,0x44,0x44,0x5b,0xff,0x70,0x9f,0xff,0xff,0xff,
  0xff,0xd5,0x00,0x58,0x88,0x88,0x88,0x73,0x00,0x00,0x00,0x00,0x00,0x58,0x88,0x73,0x00,0x00,0x00,0x00,0x7e,0xff,0xff,0xff,0xd5,0x00,0x00,0x1b,0xff,0x95,0x44,0x5a,
  0xff,0x90,0x00,0xaf,0xd3,0x00,0x00,0x00,0x3d,0x80,0x06,0xfe,0x30,0x00,0x00,0x00,0x01,0x00,0x0d,0xf7,0x00,0x00,0x00,0x00,0x00,0x00,0x4f,0xf1,0x00,0x00,0x00,0x00,
  0x00,0x00,0x7f,0xb0,0x00,0x00,0x00,0x00,0x00,0x00,0xaf,0x90,0x00,0x00,0x00,0x00,0x00,0x00,0xaf,0x80,0x00,0x00,0x00,0x00,0x00,0x00,0xaf,0x80,0x00,0x00,0x00,0x00,
  0x00,0x00,0x9f,0xa0,0x00,0x00,0x00,0x00,0x00,0x00,0x6f,0xe0,0x00,0x00,0x00,0x00,0x00,0x00,0x1f,0xf5,0x00,0x00,0x00,0x00,0x00,0x00,0x09,0xfd,0x10,0x00,0x00,0x00,
  0x00,0x00,0x01,0xef,0xc1,0x00,0x00,0x00,0x07,0xc0,0x00,0x3e,0xfe,0x61,0x00,0x15,0xcf,0xf4,0x00,0x02,0xbf,0xff,0xff,0xff,0xfd,0x40,0x00,0x00,0x04,0x9b,0xee,0xb9,
  0x40,0x00,0x34,0x44,0x44,0x42,0x00,0x00,0x00,0x00,0xdf,0xff,0xff,0xff,0xfa,0x50,0x00,0x00,0xdf,0x98,0x88,0x8a,0xef,0xfb,0x20,0x00,0xdf,0x30,0x00,0x00,0x05,0xdf,
  0xd2,0x00,0xdf,0x30,0x00,0x00,0x00,0x1b,0xfc,0x00,0xdf,0x30,0x00,0x00,0x00,0x01,0xef,0x50,0xdf,0x30,0x00,0x00,0x00,0x00,0x8f,0xb0,0xdf,0x30,0x00,0x00,0x00,0x00,
  0x3f,0xf0,0xdf,0x30,0x00,0x00,0x00,0x00,0x1f,0xf2,0xdf,0x30,0x00,0x00,0x00,0x00,0x0f,0xf3,0xdf,0x30,0x00,0x00,0x00,0x00,0x0f,0xf2,0xdf,0x30,0x00,0x00,0x00,0x00,
  0x3f,0xf1,0xdf,0x30,0x00,0x00,0x00,0x00,0x7f,0xc0,0xdf,0x30,0x00,0x00,0x00,0x00,0xdf,0x70,0xdf,0x30,0x00,0x00,0x00,0x09,0xfe,0x10,0xdf,0x30,0x00,0x00,0x02,0xaf,
  0xf4,0x00,0xdf,0x64,0x44,0x47,0xaf,0xfe,0x50,0x00,0xdf,0xff,0xff,0xff,0xfe,0x92,0x00,0x00,0x68,0x88,0x88,0x86,0x40,0x00,0x00,0x00,0x34,0x44,0x44,0x44,0x44,0x43,
  0x0c,0xff,0xff,0xff,0xff,0xff,0xc0,0xcf,0x98,0x88,0x88,0x88,0x86,0x0c,0xf3,0x00,0x00,0x00,0x00,0x00,0xcf,0x30,0x00,0x00,0x00,0x00,0x0c,0xf3,0x00,0x00,0x00,0x00,
  0x00,0xcf,0x30,0x00,0x00,0x00,0x00,0x0c,0xf3,0x00,0x00,0x00,0x00,0x00,0xcf,0x98,0x88,0x88,0x88,0x60,0x0c,0xff,0xff,0xff,0xff,0xfc,0x00,0xcf,0x64,0x44,0x44,0x44,
  0x30,0x0c,0xf3,0x00,0x00,0x00,0x00,0x00,0xcf,0x30,0x00,0x00,0x00,0x00,0x0c,0xf3,0x00,0x00,0x00,0x00,0x00,0xcf,0x30,0x00,0x00,0x00,0x00,0x0c,0xf3,0x00,0x00,0x00,
  0x00,0x00,0xcf,0x64,0x44,0x44,0x44,0x44,0x0c,0xff,0xff,0xff,0xff,0xff,0xf2,0x68,0x88,0x88,0x88,0x88,0x88,0x10,0x34,0x44,0x44,0x44,0x44,0x42,0xbf,0xff,0xff,0xff,
  0xff,0xf7,0xbf,0xa8,0x88,0x88,0x88,0x83,0xbf,0x40,0x00,0x00,0x00,0x00,0xbf,0x40,0x00,0x00,0x00,0x00,0xbf,0x40,0x00,0x00,0x00,0x00,0xbf,0x40,0x00,0x00,0x00,0x00,
  0xbf,0x40,0x00,0x00,0x00,0x00,0xbf,0xa8,0x88,0x88,0x88,0x30,0xbf,0xff,0xff,0xff,0xff,0x70,0xbf,0x74,0x44,0x44,0x44,0x20,0xbf,0x40,0x00,0x00,0x00,0x00,0xbf,0x40,
  0x00,0x00,0x00,0x00,0xbf,0x40,0x00,0x00,0x00,0x00,0xbf,0x40,0x00,0x00,0x00,0x00,0xbf,0x40,0x00,0x00,0x00,0x00,0xbf,0x40,0x00,0x00,0x00,0x00,0xbf,0x40,0x00,0x00,
  0x00,0x00,0x68,0x20,0x00,0x00,0x00,0x00,0x00,0x00,0x01,0x58,0x98,0x85,0x00,0x00,0x00,0x01,0x8e,0xff,0xff,0xff,0xe7,0x00,0x00,0x1c,0xfe,0x94,0x44,0x59,0xef,0xb0,
  0x00,0xcf,0xc2,0x00,0x00,0x00,0x1b,0x50,0x07,0xfd,0x10,0x00,0x00,0x00,0x00,0x00,0x1e,0xf5,0x00,0x00,0x00,0x00,0x00,0x00,0x5f,0xd0,0x00,0x00,0x00,0x00,0x00,0x00,
  0x9f,0xa0,0x00,0x00,0x00,0x00,0x00,0x00,0xbf,0x70,0x00,0x00,0x00,0x00,0x00,0x00,0xcf,0x60,0x00,0x00,0x14,0x44,0x44,0x42,0xbf,0x70,0x00,0x00,0x5f,0xff,0xff,0xfa,
  0xaf,0x80,0x00,0x00,0x28,0x88,0x8a,0xfa,0x7f,0xc0,0x00,0x00,0x00,0x00,0x04,0xfa,0x2f,0xf2,0x00,0x00,0x00,0x00,0x04,0xfa,0x0b,0xfb,0x00,0x00,0x00,0x00,0x07,0xfa,
  0x02,0xef,0x90,0x00,0x00,0x00,0x5f,0xfa,0x00,0x4f,0xfc,0x50,0x00,0x39,0xfc,0xfa,0x00,0x03,0xdf,0xff,0xff,0xff,0xa1,0xfa,0x00,0x00,0x05,0xab,0xdb,0x94,0x00,0xa7,
  0x34,0x10,0x00,0x00,0x00,0x00,0x43,0xdf,0x20,0x00,0x00,0x00,0x01,0xfe,0xdf,0x20,0x00,0x00,0x00,0x01,0xfe,0xdf,0x20,0x00,0x00,0x00,0x01,0xfe,0xdf,0x20,0x00,0x00,
  0x00,0x01,0xfe,0xdf,0x20,0x00,0x00,0x00,0x01,0xfe,0xdf,0x20,0x00,0x00,0x00,0x01,0xfe,0xdf,0x20,0x00,0x00,0x00,0x01,0xfe,0xdf,0x98,0x88,0x88,0x88,0x88,0xfe,0xdf,
  0xff,0xff,0xff,0xff,0xff,0xfe,0xdf,0x54,0x44,0x44,0x44,0x45,0xfe,0xdf,0x20,0x00,0x00,0x00,0x01,0xfe,0xdf,0x20,0x00,0x00,0x00,0x01,0xfe,0xdf,0x20,0x00,0x00,0x00,
  0x01,0xfe,0xdf,0x20,0x00,0x00,0x00,0x01,0xfe,0xdf,0x20,0x00,0x00,0x00,0x01,0xfe,0xdf,0x20,0x00,0x00,0x00,0x01,0xfe,0xdf,0x20,0x00,0x00,0x00,0x01,0xfe,0x68,0x10,
  0x00,0x00,0x00,0x01,0x87,0x24,0x44,0x44,0x3a,0xff,0xff,0xfd,0x24,0x8f,0xb4,0x30,0x06,0xf9,0x00,0x00,0x6f,0x90,0x00,0x06,0xf9,0x00,0x00,0x6f,0x90,0x00,0x06,0xf9,
  0x00,0x00,0x6f,0x90,0x00,0x06,0xf9,0x00,0x00,0x6f,0x90,0x00,0x06,0xf9,0x00,0x00,0x6f,0x90,0x00,0x06,0xf9,0x00,0x00,0x6f,0x90,0x00,0x06,0xf9,0x00,0x00,0x6f,0x90,
  0x0a,0xff,0xff,0xfd,0x58,0x88,0x88,0x70,0x00,0x00,0x00,0x03,0x41,0x00,0x00,0x00,0x0c,0xf4,0x00,0x00,0x00,0x0c,0xf4,0x00,0x00,0x00,0x0c,0xf4,0x00,0x00,0x00,0x0c,
  0xf4,0x00,0x00,0x00,0x0c,0xf4,0x00,0x00,0x00,0x0c,0xf4,0x00,0x00,0x00,0x0c,0xf4,0x00,0x00,0x00,0x0c,0xf4,0x00,0x00,0x00,0x0c,0xf4,0x00,0x00,0x00,0x0c,0xf4,0x00,
  0x00,0x00,0x0c,0xf4,0x00,0x00,0x00,0x0c,0xf4,0x00,0x00,0x00,0x0c,0xf4,0x02,0x00,0x00,0x0d,0xf3,0xac,0x00,0x00,0x1f,0xf1,0x9f,0xa1,0x01,0xbf,0xc0,0x1c,0xff,0xff,
  0xfe,0x30,0x00,0x7b,0xfc,0x92,0x00,0x34,0x10,0x00,0x00,0x00,0x34,0x40,0xbf,0x40,0x00,0x00,0x05,0xff,0x50,0xbf,0x40,0x00,0x00,0x4f,0xf6,0x00,0xbf,0x40,0x00,0x04,
  0xef,0x60,0x00,0xbf,0x40,0x00,0x3e,0xf6,0x00,0x00,0xbf,0x40,0x03,0xef,0x60,0x00,0x00,0xbf,0x40,0x2e,0xf7,0x00,0x00,0x00,0xbf,0x42,0xef,0x70,0x00,0x00,0x00,0xbf,
  0x6d,0xfe,0x20,0x00,0x00,0x00,0xbf,0xef,0xaf,0xd1,0x00,0x00,0x00,0xbf,0xf5,0x0b,0xfb,0x00,0x00,0x00,0xbf,0x60,0x01,0xdf,0x80,0x00,0x00,0xbf,0x40,0x00,0x3f,0xf4,
  0x00,0x00,0xbf,0x40,0x00,0x06,0xfe,0x20,0x00,0xbf,0x40,0x00,0x00,0xaf,0xd1,0x00,0xbf,0x40,0x00,0x00,0x1d,0xfa,0x00,0xbf,0x40,0x00,0x00,0x03,0xff,0x70,0xbf,0x40,
  0x00,0x00,0x00,0x6f,0xf4,0x68,0x20,0x00,0x00,0x00,0x06,0x86,0x34,0x20,0x00,0x00,0x00,0x0a,0xf6,0x00,0x00,0x00,0x00,0xaf,0x60,0x00,0x00,0x00,0x0a,0xf6,0x00,0x00,
  0x00,0x00,0xaf,0x60,0x00,0x00,0x00,0x0a,0xf6,0x00,0x00,0x00,0x00,0xaf,0x60,0x00,0x00,0x00,0x0a,0xf6,0x00,0x00,0x00,0x00,0xaf,0x60,0x00,0x00,0x00,0x0a,0xf6,0x00,
  0x00,0x00,0x00,0xaf,0x60,0x00,0x00,0x00,0x0a,0xf6,0x00,0x00,0x00,0x00,0xaf,0x60,0x00,0x00,0x00,0x0a,0xf6,0x00,0x00,0x00,0x00,0xaf,0x60,0x00,0x00,0x00,0x0a,0xf6,
  0x00,0x00,0x00,0x00,0xaf,0x84,0x44,0x44,0x44,0x4a,0xff,0xff,0xff,0xff,0xff,0x58,0x88,0x88,0x88,0x88,0x70,0x44,0x41,0x00,0x00,0x00,0x00,0x00,0x24,0x42,0xff,0xf7,
  0x00,0x00,0x00,0x00,0x00,0xdf,0xf8,0xfe,0xee,0x00,0x00,0x00,0x00,0x06,0xfd,0xf8,0xfe,0x8f,0x60,0x00,0x00,0x00,0x0d,0xf8,0xf8,0xfe,0x2f,0xd0,0x00,0x00,0x00,0x5f,
  0xa6,0xf8,0xff,0x0b,0xf6,0x00,0x00,0x00,0xcf,0x46,0xf8,0xff,0x04,0xfd,0x00,0x00,0x05,0xfc,0x07,0xf8,0xff,0x00,0xcf,0x50,0x00,0x0c,0xf5,0x07,0xf8,0xff,0x00,0x5f,
  0xc0,0x00,0x4f,0xd0,0x07,0xf8,0xff,0x00,0x0d,0xf5,0x00,0xbf,0x60,0x07,0xf8,0xff,0x00,0x05,0xfc,0x03,0xfd,0x00,0x07,0xf8,0xff,0x00,0x00,0xdf,0x3a,0xf7,0x00,0x07,
  0xf8,0xff,0x00,0x00,0x6f,0x9e,0xe1,0x00,0x07,0xf8,0xff,0x00,0x00,0x0e,0xff,0x70,0x00,0x07,0xf8,0xff,0x00,0x00,0x07,0xfe,0x10,0x00,0x07,0xf8,0xff,0x00,0x00,0x01,
  0x85,0x00,0x00,0x07,0xf8,0xff,0x00,0x00,0x00,0x00,0x00,0x00,0x07,0xf8,0xff,0x00,0x00,0x00,0x00,0x00,0x00,0x07,0xf8,0x77,0x00,0x00,0x00,0x00,0x00,0x00,0x03,0x84,
  0x34,0x40,0x00,0x00,0x00,0x00,0x44,0xef,0xf6,0x00,0x00,0x00,0x00,0xff,0xee,0xee,0x20,0x00,0x00,0x00,0xff,0xee,0x8f,0xa0,0x00,0x00,0x00,0xff,0xef,0x1d,0xf5,0x00,
  0x00,0x00,0xff,0xef,0x05,0xfe,0x10,0x00,0x00,0xff,0xef,0x10,0xbf,0x90,0x00,0x00,0xff,0xef,0x10,0x2e,0xf4,0x00,0x00,0xff,0xef,0x10,0x06,0xfd,0x10,0x00,0xff,0xef,
  0x10,0x00,0xbf,0x90,0x00,0xff,0xef,0x10,0x00,0x2f,0xf3,0x00,0xff,0xef,0x10,0x00,0x07,0xfd,0x00,0xef,0xef,0x10,0x00,0x00,0xcf,0x70,0xef,0xef,0x10,0x00,0x00,0x3f,
  0xe2,0xef,0xef,0x10,0x00,0x00,0x08,0xf9,0xdf,0xef,0x10,0x00,0x00,0x00,0xdf,0xef,0xef,0x10,0x00,0x00,0x00,0x3f,0xff,0xef,0x10,0x00,0x00,0x00,0x09,0xff,0x78,0x10,
  0x00,0x00,0x00,0x01,0x87,0x00,0x00,0x02,0x68,0x88,0x61,0x00,0x00,0x00,0x00,0x1a,0xff,0xff,0xff,0xf9,0x10,0x00,0x00,0x3e,0xfd,0x74,0x34,0x7e,0xfd,0x20,0x00,0x2e,
  0xfa,0x10,0x00,0x00,0x1b,0xfd,0x10,0x0b,0xfb,0x00,0x00,0x00,0x00,0x1d,0xf9,0x03,0xff,0x20,0x00,0x00,0x00,0x00,0x4f,0xf2,0x8f,0xb0,0x00,0x00,0x00,0x00,0x00,0xdf,
  0x7b,0xf7,0x00,0x00,0x00,0x00,0x00,0x09,0xfa,0xdf,0x50,0x00,0x00,0x00,0x00,0x00,0x6f,0xce,0xf4,0x00,0x00,0x00,0x00,0x00,0x05,0xfd,0xef,0x50,0x00,0x00,0x00,0x00,
  0x00,0x6f,0xcc,0xf7,0x00,0x00,0x00,0x00,0x00,0x08,0xfb,0x9f,0xa0,0x00,0x00,0x00,0x00,0x00,0xbf,0x84,0xfe,0x10,0x00,0x00,0x00,0x00,0x2f,0xf3,0x0d,0xf9,0x00,0x00,
  0x00,0x00,0x0a,0xfc,0x00,0x4f,0xf7,0x00,0x00,0x00,0x08,0xff,0x30,0x00,0x6f,0xfb,0x30,0x00,0x4b,0xff,0x50,0x00,0x00,0x5e,0xff,0xff,0xff,0xfd,0x40,0x00,0x00,0x00,
  0x16,0xbc,0xfc,0xa6,0x00,0x00,0x00,0x24,0x44,0x44,0x44,0x10,0x00,0x00,0xaf,0xff,0xff,0xff,0xfd,0x70,0x00,0xaf,0xa8,0x88,0x88,0xcf,0xfb,0x00,0xaf,0x60,0x00,0x00,
  0x04,0xef,0x80,0xaf,0x60,0x00,0x00,0x00,0x6f,0xe0,0xaf,0x60,0x00,0x00,0x00,0x2f,0xf1,0xaf,0x60,0x00,0x00,0x00,0x2f,0xf1,0xaf,0x60,0x00,0x00,0x00,0x4f,0xe0,0xaf,
  0x60,0x00,0x00,0x00,0xbf,0xa0,0xaf,0x60,0x00,0x14,0x6d,0xfe,0x20,0xaf,0xff,0xff,0xff,0xff,0xb2,0x00,0xaf,0xa8,0x88,0x88,0x62,0x00,0x00,0xaf,0x60,0x00,0x00,0x00,
  0x00,0x00,0xaf,0x60,0x00,0x00,0x00,0x00,0x00,0xaf,0x60,0x00,0x00,0x00,0x00,0x00,0xaf,0x60,0x00,0x00,0x00,0x00,0x00,0xaf,0x60,0x00,0x00,0x00,0x00,0x00,0xaf,0x60,
  0x00,0x00,0x00,0x00,0x00,0x58,0x30,0x00,0x00,0x00,0x00,0x00,0x00,0x00,0x01,0x68,0x88,0x72,0x00,0x00,0x00,0x00,0x01,0x9f,0xff,0xff,0xff,0xb2,0x00,0x00,0x00,0x1c,
  0xfe,0x84,0x34,0x6d,0xfe,0x40,0x00,0x00,0xcf,0xc1,0x00,0x00,0x00,0x9f,0xe2,0x00,0x07,0xfd,0x10,0x00,0x00,0x00,0x0a,0xfb,0x00,0x1e,0xf4,0x00,0x00,0x00,0x00,0x01,
  0xef,0x40,0x5f,0xd0,0x00,0x00,0x00,0x00,0x00,0xaf,0x90,0x9f,0x90,0x00,0x00,0x00,0x00,0x00,0x6f,0xd0,0xbf,0x70,0x00,0x00,0x00,0x00,0x00,0x3f,0xf0,0xbf,0x60,0x00,
  0x00,0x00,0x00,0x00,0x2f,0xf0,0xbf,0x60,0x00,0x00,0x00,0x00,0x00,0x3f,0xf0,0x9f,0x80,0x00,0x00,0x00,0x00,0x00,0x5f,0xd0,0x6f,0xc0,0x00,0x02,0xa1,0x00,0x00,0x8f,
  0xa0,0x2f,0xf2,0x00,0x08,0xfe,0x60,0x00,0xdf,0x50,0x0a,0xfb,0x00,0x00,0x4d,0xfb,0x17,0xfd,0x00,0x02,0xef,0x80,0x00,0x01,0x9f,0xef,0xf4,0x00,0x00,0x4f,0xfb,0x30,
  0x00,0x1b,0xff,0xb0,0x00,0x00,0x03,0xdf,0xfe,0xbd,0xff,0xee,0xfb,0x20,0x00,0x00,0x05,0xac,0xfc,0xb6,0x12,0xcf,0xe2,0x00,0x00,0x00,0x00,0x00,0x00,0x00,0x08,0x80,
  0x34,0x44,0x44,0x44,0x10,0x00,0x00,0xbf,0xff,0xff,0xff,0xfc,0x40,0x00,0xbf,0x98,0x88,0x88,0xcf,0xf7,0x00,0xbf,0x40,0x00,0x00,0x06,0xff,0x30,0xbf,0x40,0x00,0x00,
  0x00,0xaf,0x90,0xbf,0x40,0x00,0x00,0x00,0x8f,0xa0,0xbf,0x40,0x00,0x00,0x00,0x9f,0x90,0xbf,0x40,0x00,0x00,0x02,0xef,0x40,0xbf,0x40,0x00,0x01,0x5d,0xf9,0x00,0xbf,
  0xcb,0xbb,0xef,0xfb,0x50,0x00,0xbf,0xcb,0xbd,0xff,0x70,0x00,0x00,0xbf,0x40,0x00,0x3c,0xfb,0x10,0x00,0xbf,0x40,0x00,0x00,0xbf,0x90,0x00,0xbf,0x40,0x00,0x00,0x2e,
  0xf4,0x00,0xbf,0x40,0x00,0x00,0x07,0xfc,0x00,0xbf,0x40,0x00,0x00,0x01,0xef,0x60,0xbf,0x40,0x00,0x00,0x00,0x7f,0xd0,0xbf,0x40,0x00,0x00,0x00,0x1e,0xf6,0x68,0x20,
  0x00,0x00,0x00,0x05,0x86,0x00,0x01,0x58,0x88,0x62,0x00,0x00,0x00,0x5e,0xff,0xff,0xff,0xc4,0x00,0x05,0xff,0x84,0x34,0x5b,0xff,0x30,0x0d,0xf6,0x00,0x00,0x00,0x48,
  0x00,0x2f,0xf1,0x00,0x00,0x00,0x00,0x00,0x2f,0xf1,0x00,0x00,0x00,0x00,0x00,0x0e,0xf8,0x00,0x00,0x00,0x00,0x00,0x07,0xff,0xb3,0x00,0x00,0x00,0x00,0x00,0x6e,0xff,
  0xd7,0x20,0x00,0x00,0x00,0x01,0x6c,0xff,0xfb,0x40,0x00,0x00,0x00,0x00,0x28,0xef,0xf8,0x00,0x00,0x00,0x00,0x00,0x07,0xff,0x70,0x00,0x00,0x00,0x00,0x00,0x8f,0xd0,
  0x00,0x00,0x00,0x00,0x00,0x3f,0xf1,0x13,0x00,0x00,0x00,0x00,0x3f,0xf1,0xbe,0x40,0x00,0x00,0x00,0x8f,0xd0,0x8f,0xfa,0x50,0x00,0x28,0xff,0x60,0x05,0xef,0xff,0xff,
  0xff,0xf7,0x00,0x00,0x05,0x9b,0xcc,0xb8,0x20,0x00,0x34,0x44,0x44,0x44,0x44,0x44,0x44,0x41,0xbf,0xff,0xff,0xff,0xff,0xff,0xff,0xf2,0x58,0x88,0x88,0xaf,0xd8,0x88,
  0x88,0x81,0x00,0x00,0x00,0x4f,0xa0,0x00,0x00,0x00,0x00,0x00,0x00,0x4f,0xa0,0x00,0x00,0x00,0x00,0x00,0x00,0x4f,0xa0,0x00,0x00,0x00,0x00,0x00,0x00,0x4f,0xa0,0x00,
  0x00,0x00,0x00,0x00,0x00,0x4f,0xa0,0x00,0x00,0x00,0x00,0x00,0x00,0x4f,0xa0,0x00,0x00,0x00,0x00,0x00,0x00,0x4f,0xa0,0x00,0x00,0x00,0x00,0x00,0x00,0x4f,0xa0,0x00,
  0x00,0x00,0x00,0x00,0x00,0x4f,0xa0,0x00,0x00,0x00,0x00,0x00,0x00,0x4f,0xa0,0x00,0x00,0x00,0x00,0x00,0x00,0x4f,0xa0,0x00,0x00,0x00,0x00,0x00,0x00,0x4f,0xa0,0x00,
  0x00,0x00,0x00,0x00,0x00,0x4f,0xa0,0x00,0x00,0x00,0x00,0x00,0x00,0x4f,0xa0,0x00,0x00,0x00,0x00,0x00,0x00,0x4f,0xa0,0x00,0x00,0x00,0x00,0x00,0x00,0x28,0x50,0x00,
  0x00,0x00,0x34,0x10,0x00,0x00,0x00,0x00,0x34,0x1b,0xf5,0x00,0x00,0x00,0x00,0x0c,0xf3,0xbf,0x50,0x00,0x00,0x00,0x00,0xcf,0x3b,0xf5,0x00,0x00,0x00,0x00,0x0c,0xf3,
  0xbf,0x50,0x00,0x00,0x00,0x00,0xcf,0x3b,0xf5,0x00,0x00,0x00,0x00,0x0c,0xf3,0xbf,0x50,0x00,0x00,0x00,0x00,0xcf,0x3b,0xf5,0x00,0x00,0x00,0x00,0x0c,0xf3,0xbf,0x50,
  0x00,0x00,0x00,0x00,0xcf,0x3b,0xf5,0x00,0x00,0x00,0x00,0x0c,0xf3,0xbf,0x50,0x00,0x00,0x00,0x00,0xcf,0x3b,0xf5,0x00,0x00,0x00,0x00,0x0c,0xf3,0xbf,0x50,0x00,0x00,
  0x00,0x00,0xdf,0x3a,0xf7,0x00,0x00,0x00,0x00,0x0e,0xf2,0x7f,0xc0,0x00,0x00,0x00,0x05,0xfe,0x01,0xef,0x70,0x00,0x00,0x02,0xdf,0x80,0x06,0xff,0xa2,0x00,0x16,0xef,
  0xc1,0x00,0x05,0xef,0xff,0xff,0xff,0xb1,0x00,0x00,0x01,0x7b,0xdf,0xb9,0x40,0x00,0x00,0x34,0x20,0x00,0x00,0x00,0x00,0x01,0x44,0x7f,0xc0,0x00,0x00,0x00,0x00,0x07,
  0xfb,0x2f,0xf2,0x00,0x00,0x00,0x00,0x0d,0xf5,0x0b,0xf8,0x00,0x00,0x00,0x00,0x4f,0xe1,0x05,0xfd,0x00,0x00,0x00,0x00,0xaf,0x90,0x00,0xef,0x40,0x00,0x00,0x01,0xef,
  0x30,0x00,0x8f,0xa0,0x00,0x00,0x06,0xfc,0x00,0x00,0x2f,0xf1,0x00,0x00,0x0c,0xf6,0x00,0x00,0x0b,0xf6,0x00,0x00,0x2f,0xe1,0x00,0x00,0x05,0xfc,0x00,0x00,0x8f,0x90,
  0x00,0x00,0x00,0xef,0x30,0x00,0xdf,0x40,0x00,0x00,0x00,0x9f,0x80,0x04,0xfd,0x00,0x00,0x00,0x00,0x3f,0xe0,0x0a,0xf7,0x00,0x00,0x00,0x00,0x0c,0xf4,0x1f,0xf1,0x00,
  0x00,0x00,0x00,0x06,0xf9,0x5f,0xa0,0x00,0x00,0x00,0x00,0x01,0xee,0xaf,0x40,0x00,0x00,0x00,0x00,0x00,0x9f,0xfd,0x00,0x00,0x00,0x00,0x00,0x00,0x3f,0xf7,0x00,0x00,
  0x00,0x00,0x00,0x00,0x0a,0xb2,0x00,0x00,0x00,0x34,0x10,0x00,0x00,0x00,0x00,0x00,0x00,0x00,0x03,0x42,0xbf,0x60,0x00,0x00,0x00,0x00,0x00,0x00,0x00,0x0d,0xf4,0x7f,
  0xa0,0x00,0x00,0x03,0xba,0x00,0x00,0x00,0x1f,0xf1,0x3f,0xd0,0x00,0x00,0x09,0xff,0x20,0x00,0x00,0x5f,0xb0,0x0e,0xf2,0x00,0x00,0x0d,0xff,0x70,0x00,0x00,0x9f,0x80,
  0x0a,0xf6,0x00,0x00,0x3f,0xbf,0xb0,0x00,0x00,0xcf,0x40,0x06,0xfa,0x00,0x00,0x8f,0x7d,0xf1,0x00,0x01,0xfe,0x00,0x02,0xfd,0x00,0x00,0xcf,0x3a,0xf6,0x00,0x05,0xfb,
  0x00,0x00,0xdf,0x20,0x02,0xfe,0x05,0xfa,0x00,0x09,0xf7,0x00,0x00,0x9f,0x60,0x07,0xf9,0x01,0xfe,0x10,0x0c,0xf3,0x00,0x00,0x5f,0x90,0x0b,0xf4,0x00,0xbf,0x50,0x1f,
  0xe0,0x00,0x00,0x2f,0xd0,0x1f,0xe0,0x00,0x6f,0x90,0x5f,0xa0,0x00,0x00,0x0d,0xf2,0x5f,0x90,0x00,0x1f,0xe0,0x8f,0x60,0x00,0x00,0x09,0xf5,0xaf,0x40,0x00,0x0b,0xf3,
  0xcf,0x20,0x00,0x00,0x05,0xf8,0xde,0x00,0x00,0x06,0xf7,0xfd,0x00,0x00,0x00,0x01,0xfd,0xfa,0x00,0x00,0x01,0xfd,0xf9,0x00,0x00,0x00,0x00,0xcf,0xf5,0x00,0x00,0x00,
  0xbf,0xf5,0x00,0x00,0x00,0x00,0x8f,0xe1,0x00,0x00,0x00,0x7f,0xf1,0x00,0x00,0x00,0x00,0x3b,0x80,0x00,0x00,0x00,0x2b,0x90,0x00,0x00,0x03,0x43,0x00,0x00,0x00,0x00,
  0x01,0x44,0x10,0x4f,0xf4,0x00,0x00,0x00,0x00,0xaf,0xd1,0x00,0x8f,0xd1,0x00,0x00,0x00,0x5f,0xf3,0x00,0x00,0xcf,0x90,0x00,0x00,0x1e,0xf6,0x00,0x00,0x02,0xef,0x50,
  0x00,0x0b,0xfa,0x00,0x00,0x00,0x06,0xfe,0x10,0x06,0xfd,0x10,0x00,0x00,0x00,0x0a,0xfb,0x02,0xef,0x40,0x00,0x00,0x00,0x00,0x1d,0xf6,0xcf,0x80,0x00,0x00,0x00,0x00,
  0x00,0x3f,0xff,0xc0,0x00,0x00,0x00,0x00,0x00,0x00,0xaf,0xf4,0x00,0x00,0x00,0x00,0x00,0x00,0x4f,0xff,0xc1,0x00,0x00,0x00,0x00,0x00,0x2e,0xf5,0xbf,0x90,0x00,0x00,
  0x00,0x00,0x0c,0xf9,0x01,0xef,0x60,0x00,0x00,0x00,0x08,0xfc,0x10,0x04,0xfe,0x30,0x00,0x00,0x05,0xff,0x30,0x00,0x08,0xfd,0x10,0x00,0x02,0xef,0x60,0x00,0x00,0x0c,
  0xfa,0x00,0x00,0xcf,0xa0,0x00,0x00,0x00,0x2e,0xf7,0x00,0x9f,0xd1,0x00,0x00,0x00,0x00,0x6f,0xf3,0x18,0x83,0x00,0x00,0x00,0x00,0x00,0x68,0x60,0x24,0x30,0x00,0x00,
  0x00,0x00,0x04,0x42,0x3f,0xf4,0x00,0x00,0x00,0x00,0x6f,0xe2,0x08,0xfd,0x10,0x00,0x00,0x02,0xef,0x50,0x00,0xcf,0x90,0x00,0x00,0x0b,0xfa,0x00,0x00,0x2e,0xf4,0x00,
  0x00,0x6f,0xd1,0x00,0x00,0x06,0xfd,0x10,0x02,0xef,0x40,0x00,0x00,0x00,0xbf,0x80,0x0b,0xf8,0x00,0x00,0x00,0x00,0x1e,0xf3,0x5f,0xc0,0x00,0x00,0x00,0x00,0x05,0xfd,
  0xef,0x30,0x00,0x00,0x00,0x00,0x00,0x9f,0xf7,0x00,0x00,0x00,0x00,0x00,0x00,0x1f,0xe0,0x00,0x00,0x00,0x00,0x00,0x00,0x1f,0xe0,0x00,0x00,0x00,0x00,0x00,0x00,0x1f,
  0xe0,0x00,0x00,0x00,0x00,0x00,0x00,0x1f,0xe0,0x00,0x00,0x00,0x00,0x00,0x00,0x1f,0xe0,0x00,0x00,0x00,0x00,0x00,0x00,0x1f,0xe0,0x00,0x00,0x00,0x00,0x00,0x00,0x1f,
  0xe0,0x00,0x00,0x00,0x00,0x00,0x00,0x1f,0xe0,0x00,0x00,0x00,0x00,0x00,0x00,0x08,0x70,0x00,0x00,0x00,0x14,0x44,0x44,0x44,0x44,0x44,0x42,0x05,0xff,0xff,0xff,0xff,
  0xff,0xff,0x80,0x28,0x88,0x88,0x88,0x88,0x9f,0xf5,0x00,0x00,0x00,0x00,0x00,0x0b,0xfa,0x00,0x00,0x00,0x00,0x00,0x08,0xfd,0x10,0x00,0x00,0x00,0x00,0x04,0xfe,0x30,
  0x00,0x00,0x00,0x00,0x02,0xef,0x60,0x00,0x00,0x00,0x00,0x00,0xcf,0xa0,0x00,0x00,0x00,0x00,0x00,0x8f,0xd1,0x00,0x00,0x00,0x00,0x00,0x5f,0xe3,0x00,0x00,0x00,0x00,
  0x00,0x2e,0xf6,0x00,0x00,0x00,0x00,0x00,0x0c,0xfa,0x00,0x00,0x00,0x00,0x00,0x09,0xfd,0x10,0x00,0x00,0x00,0x00,0x05,0xfe,0x30,0x00,0x00,0x00,0x00,0x02,0xef,0x60,
  0x00,0x00,0x00,0x00,0x01,0xcf,0x90,0x00,0x00,0x00,0x00,0x00,0x9f,0xd4,0x44,0x44,0x44,0x44,0x44,0x1f,0xff,0xff,0xff,0xff,0xff,0xff,0xf6,0x88,0x88,0x88,0x88,0x88,
  0x88,0x88,0x30,0xab,0xbb,0xbb,0x5d,0xff,0xff,0xf7,0xdd,0x00,0x00,0x0d,0xd0,0x00,0x00,0xdd,0x00,0x00,0x0d,0xd0,0x00,0x00,0xdd,0x00,0x00,0x0d,0xd0,0x00,0x00,0xdd,
  0x00,0x00,0x0d,0xd0,0x00,0x00,0xdd,0x00,0x00,0x0d,0xd0,0x00,0x00,0xdd,0x00,0x00,0x0d,0xd0,0x00,0x00,0xdd,0x00,0x00,0x0d,0xd0,0x00,0x00,0xdd,0x00,0x00,0x0d,0xd0,
  0x00,0x00,0xdd,0x00,0x00,0x0d,0xe8,0x88,0x83,0xdf,0xff,0xff,0x70,0x60,0x00,0x00,0x00,0x00,0xd5,0x00,0x00,0x00,0x00,0x7b,0x00,0x00,0x00,0x00,0x1f,0x20,0x00,0x00,
  0x00,0x09,0x90,0x00,0x00,0x00,0x03,0xe1,0x00,0x00,0x00,0x00,0xc6,0x00,0x00,0x00,0x00,0x6c,0x00,0x00,0x00,0x00,0x1e,0x30,0x00,0x00,0x00,0x08,0xa0,0x00,0x00,0x00,
  0x02,0xf1,0x00,0x00,0x00,0x00,0xb7,0x00,0x00,0x00,0x00,0x5d,0x00,0x00,0x00,0x00,0x0d,0x40,0x00,0x00,0x00,0x07,0xb0,0x00,0x00,0x00,0x01,0xf2,0x00,0x00,0x00,0x00,
  0xa8,0x00,0x00,0x00,0x00,0x4e,0x00,0x00,0x00,0x00,0x0d,0x50,0x00,0x00,0x00,0x06,0xc0,0x00,0x00,0x00,0x01,0xa1,0x5b,0xbb,0xbb,0xa7,0xff,0xff,0xfd,0x00,0x00,0x0d,
  0xd0,0x00,0x00,0xdd,0x00,0x00,0x0d,0xd0,0x00,0x00,0xdd,0x00,0x00,0x0d,0xd0,0x00,0x00,0xdd,0x00,0x00,0x0d,0xd0,0x00,0x00,0xdd,0x00,0x00,0x0d,0xd0,0x00,0x00,0xdd,
  0x00,0x00,0x0d,0xd0,0x00,0x00,0xdd,0x00,0x00,0x0d,0xd0,0x00,0x00,0xdd,0x00,0x00,0x0d,0xd0,0x00,0x00,0xdd,0x00,0x00,0x0d,0xd3,0x88,0x88,0xed,0x7f,0xff,0xff,0xd0,
  0x00,0x03,0x43,0x00,0x00,0x05,0xfe,0xf5,0x00,0x05,0xf9,0x19,0xf5,0x01,0x76,0x00,0x06,0x71,0xbb,0xbb,0xbb,0x80,0x24,0x41,0x00,0x09,0xfc,0x10,0x00,0x6f,0xb1,0x00,
  0x03,0x84,0x00,0x15,0x9b,0xb9,0x50,0x00,0x07,0xef,0xff,0xff,0xfc,0x10,0x0c,0xd6,0x10,0x02,0xaf,0xb0,0x02,0x10,0x00,0x00,0x0e,0xf1,0x00,0x00,0x00,0x00,0x0b,0xf4,
  0x00,0x02,0x58,0x9b,0xbe,0xf4,0x01,0xaf,0xff,0xfd,0xbe,0xf4,0x1d,0xfb,0x51,0x00,0x0a,0xf4,0x8f,0xb0,0x00,0x00,0x0b,0xf4,0xbf,0x60,0x00,0x00,0x0e,0xf4,0xaf,0x60,
  0x00,0x00,0x8f,0xf5,0x6f,0xd2,0x00,0x19,0xfb,0xf6,0x0b,0xff,0xcc,0xff,0x64,0xf9,0x00,0x7c,0xfd,0xa3,0x00,0x77,0x34,0x00,0x00,0x00,0x00,0x00,0x0d,0xf2,0x00,0x00,
  0x00,0x00,0x00,0xdf,0x20,0x00,0x00,0x00,0x00,0x0d,0xf2,0x00,0x00,0x00,0x00,0x00,0xdf,0x20,0x00,0x00,0x00,0x00,0x0d,0xf2,0x00,0x00,0x00,0x00,0x00,0xdf,0x20,0x6a,
  0xba,0x60,0x00,0x0d,0xf3,0xcf,0xff,0xff,0xd3,0x00,0xdf,0xde,0x50,0x03,0xbf,0xe2,0x0d,0xfe,0x20,0x00,0x00,0xbf,0xa0,0xdf,0x50,0x00,0x00,0x02,0xff,0x1d,0xf2,0x00,
  0x00,0x00,0x0c,0xf5,0xdf,0x20,0x00,0x00,0x00,0xaf,0x7d,0xf2,0x00,0x00,0x00,0x0a,0xf7,0xdf,0x20,0x00,0x00,0x00,0xbf,0x6d,0xf2,0x00,0x00,0x00,0x1f,0xf2,0xdf,0xb0,
  0x00,0x00,0x09,0xfc,0x0d,0xff,0xb2,0x00,0x18,0xff,0x30,0xde,0x5e,0xfc,0xbf,0xfe,0x50,0x07,0x60,0x29,0xcf,0xb9,0x20,0x00,0x00,0x01,0x6b,0xbb,0x83,0x00,0x00,0x05,
  0xef,0xff,0xff,0xfb,0x10,0x04,0xff,0x71,0x00,0x4b,0xf6,0x01,0xef,0x60,0x00,0x00,0x05,0x00,0x6f,0xc0,0x00,0x00,0x00,0x00,0x0a,0xf7,0x00,0x00,0x00,0x00,0x00,0xcf,
  0x50,0x00,0x00,0x00,0x00,0x0c,0xf5,0x00,0x00,0x00,0x00,0x00,0xbf,0x60,0x00,0x00,0x00,0x00,0x07,0xfb,0x00,0x00,0x00,0x00,0x00,0x2f,0xf5,0x00,0x00,0x00,0x65,0x00,
  0x7f,0xe6,0x00,0x01,0x8f,0xe1,0x00,0x8f,0xff,0xbc,0xff,0xe3,0x00,0x00,0x39,0xcf,0xdb,0x61,0x00,0x00,0x00,0x00,0x00,0x00,0x24,0x20,0x00,0x00,0x00,0x00,0x07,0xf8,
  0x00,0x00,0x00,0x00,0x00,0x7f,0x80,0x00,0x00,0x00,0x00,0x07,0xf8,0x00,0x00,0x00,0x00,0x00,0x7f,0x80,0x00,0x00,0x00,0x00,0x07,0xf8,0x00,0x02,0x7b,0xb9,0x30,0x7f,
  0x80,0x07,0xff,0xff,0xff,0x87,0xf8,0x07,0xff,0x71,0x01,0x8f,0xdf,0x81,0xff,0x60,0x00,0x00,0x6f,0xf8,0x7f,0xb0,0x00,0x00,0x00,0xaf,0x8b,0xf6,0x00,0x00,0x00,0x07,
  0xf8,0xdf,0x40,0x00,0x00,0x00,0x7f,0x8d,0xf4,0x00,0x00,0x00,0x07,0xf8,0xbf,0x60,0x00,0x00,0x00,0x7f,0x88,0xfa,0x00,0x00,0x00,0x08,0xf8,0x3f,0xf3,0x00,0x00,0x03,
  0xef,0x80,0x9f,0xe4,0x00,0x05,0xef,0xf8,0x00,0x9f,0xfd,0xbd,0xfc,0x7f,0x80,0x00,0x4a,0xde,0xb6,0x03,0x84,0x00,0x01,0x6b,0xbb,0x72,0x00,0x00,0x03,0xef,0xfe,0xff,
  0xe5,0x00,0x03,0xef,0x81,0x00,0x6e,0xf3,0x00,0xcf,0x70,0x00,0x00,0x5f,0xc0,0x3f,0xd0,0x00,0x00,0x00,0xdf,0x37,0xfb,0x44,0x44,0x44,0x4b,0xf6,0x9f,0xff,0xff,0xff,
  0xff,0xff,0x79,0xfa,0x44,0x44,0x44,0x44,0x42,0x8f,0x90,0x00,0x00,0x00,0x00,0x04,0xfd,0x00,0x00,0x00,0x00,0x00,0x0d,0xf7,0x00,0x00,0x00,0x49,0x00,0x4f,0xf8,0x10,
  0x01,0x7f,0xf3,0x00,0x6f,0xff,0xcc,0xff,0xe5,0x00,0x00,0x28,0xbe,0xeb,0x71,0x00,0x00,0x00,0x00,0x14,0x40,0x00,0x00,0x00,0x9f,0xff,0xf8,0x00,0x00,0x9f,0xd8,0x8b,
  0x50,0x00,0x1f,0xe1,0x00,0x00,0x00,0x04,0xfa,0x00,0x00,0x00,0x00,0x5f,0x90,0x00,0x00,0x58,0x8a,0xfc,0x88,0x87,0x0a,0xff,0xff,0xff,0xff,0xd0,0x00,0x06,0xf9,0x00,
  0x00,0x00,0x00,0x6f,0x90,0x00,0x00,0x00,0x06,0xf9,0x00,0x00,0x00,0x00,0x6f,0x90,0x00,0x00,0x00,0x06,0xf9,0x00,0x00,0x00,0x00,0x6f,0x90,0x00,0x00,0x00,0x06,0xf9,
  0x00,0x00,0x00,0x00,0x6f,0x90,0x00,0x00,0x00,0x06,0xf9,0x00,0x00,0x00,0x00,0x6f,0x90,0x00,0x00,0x00,0x06,0xf9,0x00,0x00,0x00,0x00,0x38,0x50,0x00,0x00,0x00,0x02,
  0x8b,0xb8,0x30,0x66,0x00,0x8f,0xff,0xff,0xf9,0xfc,0x09,0xfd,0x50,0x02,0x8f,0xfc,0x2f,0xf2,0x00,0x00,0x07,0xfc,0x7f,0xa0,0x00,0x00,0x03,0xfc,0x8f,0x80,0x00,0x00,
  0x03,0xfc,0x7f,0xa0,0x00,0x00,0x03,0xfc,0x3f,0xf3,0x00,0x00,0x09,0xfc,0x09,0xfe,0x50,0x02,0xaf,0xfc,0x00,0x9f,0xff,0xff,0xe8,0xfc,0x00,0x03,0x8b,0xb7,0x23,0xfc,
  0x00,0x00,0x00,0x00,0x05,0xfa,0x03,0x10,0x00,0x00,0x0b,0xf6,0x1d,0xe8,0x40,0x04,0xbf,0xd1,0x06,0xef,0xff,0xff,0xfc,0x20,0x00,0x04,0x88,0x88,0x40,0x00,0x34,0x00,
  0x00,0x00,0x00,0x00,0xdf,0x20,0x00,0x00,0x00,0x00,0xdf,0x20,0x00,0x00,0x00,0x00,0xdf,0x20,0x00,0x00,0x00,0x00,0xdf,0x20,0x00,0x00,0x00,0x00,0xdf,0x20,0x00,0x00,
  0x00,0x00,0xdf,0x20,0x27,0xba,0x61,0x00,0xdf,0x28,0xff,0xff,0xfd,0x10,0xdf,0xaf,0x93,0x04,0xcf,0xa0,0xdf,0xf5,0x00,0x00,0x2f,0xf1,0xdf,0x80,0x00,0x00,0x0d,0xf3,
  0xdf,0x20,0x00,0x00,0x0c,0xf4,0xdf,0x20,0x00,0x00,0x0c,0xf4,0xdf,0x20,0x00,0x00,0x0c,0xf4,0xdf,0x20,0x00,0x00,0x0c,0xf4,0xdf,0x20,0x00,0x00,0x0c,0xf4,0xdf,0x20,
  0x00,0x00,0x0c,0xf4,0xdf,0x20,0x00,0x00,0x0c,0xf4,0xdf,0x20,0x00,0x00,0x0c,0xf4,0x78,0x10,0x00,0x00,0x06,0x82,0x58,0x5a,0xfb,0x8b,0x80,0x00,0x00,0x04,0x84,0x7f,
  0x87,0xf8,0x7f,0x87,0xf8,0x7f,0x87,0xf8,0x7f,0x87,0xf8,0x7f,0x87,0xf8,0x7f,0x87,0xf8,0x48,0x40,0x00,0x03,0x87,0x00,0x07,0xfe,0x00,0x05,0xbb,0x00,0x00,0x00,0x00,
  0x00,0x00,0x00,0x02,0x86,0x00,0x04,0xfb,0x00,0x04,0xfb,0x00,0x04,0xfb,0x00,0x04,0xfb,0x00,0x04,0xfb,0x00,0x04,0xfb,0x00,0x04,0xfb,0x00,0x04,0xfb,0x00,0x04,0xfb,
  0x00,0x04,0xfb,0x00,0x05,0xfa,0x00,0x0a,0xf8,0x14,0xaf,0xf3,0xbf,0xfe,0x60,0x38,0x51,0x00,0x34,0x10,0x00,0x00,0x00,0x00,0xdf,0x20,0x00,0x00,0x00,0x00,0xdf,0x20,
  0x00,0x00,0x00,0x00,0xdf,0x20,0x00,0x00,0x00,0x00,0xdf,0x20,0x00,0x00,0x00,0x00,0xdf,0x20,0x00,0x00,0x00,0x00,0xdf,0x20,0x00,0x01,0x78,0x40,0xdf,0x20,0x00,0x1b,
  0xfb,0x10,0xdf,0x20,0x01,0xcf,0xb1,0x00,0xdf,0x20,0x2d,0xfa,0x00,0x00,0xdf,0x22,0xdf,0xa0,0x00,0x00,0xdf,0x5d,0xfc,0x00,0x00,0x00,0xdf,0xff,0xef,0x50,0x00,0x00,
  0xdf,0xf6,0x3f,0xe1,0x00,0x00,0xdf,0x50,0x09,0xfb,0x00,0x00,0xdf,0x20,0x01,0xdf,0x60,0x00,0xdf,0x20,0x00,0x4f,0xf3,0x00,0xdf,0x20,0x00,0x09,0xfc,0x00,0xdf,0x20,
  0x00,0x01,0xef,0x80,0x68,0x10,0x00,0x00,0x48,0x71,0x24,0x20,0x09,0xf7,0x00,0x9f,0x70,0x09,0xf7,0x00,0x9f,0x70,0x09,0xf7,0x00,0x9f,0x70,0x09,0xf7,0x00,0x9f,0x70,
  0x09,0xf7,0x00,0x9f,0x70,0x09,0xf7,0x00,0x9f,0x70,0x09,0xf7,0x00,0x9f,0x70,0x09,0xf7,0x00,0x9f,0x70,0x09,0xf7,0x00,0x7f,0xff,0x70,0x68,0x83,0x28,0x50,0x39,0xb7,
  0x10,0x01,0x7b,0x94,0x00,0x4f,0xa6,0xff,0xff,0xe2,0x3e,0xff,0xff,0x80,0x4f,0xdf,0x81,0x2b,0xfa,0xdc,0x30,0x5f,0xf4,0x4f,0xf8,0x00,0x01,0xef,0xd1,0x00,0x08,0xf9,
  0x4f,0xe1,0x00,0x00,0xbf,0x60,0x00,0x04,0xfb,0x4f,0xb0,0x00,0x00,0xaf,0x40,0x00,0x03,0xfb,0x4f,0xb0,0x00,0x00,0xaf,0x40,0x00,0x03,0xfb,0x4f,0xb0,0x00,0x00,0xaf,
  0x40,0x00,0x03,0xfb,0x4f,0xb0,0x00,0x00,0xaf,0x40,0x00,0x03,0xfb,0x4f,0xb0,0x00,0x00,0xaf,0x40,0x00,0x03,0xfb,0x4f,0xb0,0x00,0x00,0xaf,0x40,0x00,0x03,0xfb,0x4f,
  0xb0,0x00,0x00,0xaf,0x40,0x00,0x03,0xfb,0x4f,0xb0,0x00,0x00,0xaf,0x40,0x00,0x03,0xfb,0x28,0x60,0x00,0x00,0x58,0x20,0x00,0x02,0x86,0x78,0x10,0x27,0xba,0x60,0x00,
  0xdf,0x18,0xff,0xff,0xfd,0x20,0xdf,0xaf,0xa3,0x04,0xcf,0xa0,0xdf,0xf6,0x00,0x00,0x2f,0xf1,0xdf,0x90,0x00,0x00,0x0c,0xf3,0xdf,0x20,0x00,0x00,0x0b,0xf4,0xdf,0x20,
  0x00,0x00,0x0b,0xf4,0xdf,0x20,0x00,0x00,0x0b,0xf4,0xdf,0x20,0x00,0x00,0x0b,0xf4,0xdf,0x20,0x00,0x00,0x0b,0xf4,0xdf,0x20,0x00,0x00,0x0b,0xf4,0xdf,0x20,0x00,0x00,
  0x0b,0xf4,0xdf,0x20,0x00,0x00,0x0b,0xf4,0x78,0x10,0x00,0x00,0x05,0x82,0x00,0x01,0x7b,0xbb,0x71,0x00,0x00,0x06,0xef,0xff,0xff,0xe6,0x00,0x07,0xfe,0x60,0x01,0x7f,
  0xf6,0x03,0xff,0x40,0x00,0x00,0x4f,0xf2,0x9f,0x90,0x00,0x00,0x00,0xaf,0x8d,0xf4,0x00,0x00,0x00,0x05,0xfc,0xff,0x20,0x00,0x00,0x00,0x3f,0xef,0xf2,0x00,0x00,0x00,
  0x03,0xfe,0xdf,0x40,0x00,0x00,0x00,0x4f,0xc9,0xf8,0x00,0x00,0x00,0x09,0xf9,0x3f,0xe2,0x00,0x00,0x03,0xff,0x30,0x9f,0xd4,0x00,0x04,0xef,0x80,0x00,0x9f,0xfd,0xbd,
  0xff,0x90,0x00,0x00,0x4a,0xdf,0xc9,0x30,0x00,0x78,0x00,0x5a,0xbb,0x71,0x00,0x0d,0xf2,0xcf,0xff,0xff,0xe5,0x00,0xdf,0xed,0x50,0x02,0x8f,0xf4,0x0d,0xfc,0x10,0x00,
  0x00,0x7f,0xd0,0xdf,0x30,0x00,0x00,0x00,0xef,0x3d,0xf2,0x00,0x00,0x00,0x0b,0xf6,0xdf,0x20,0x00,0x00,0x00,0xaf,0x7d,0xf2,0x00,0x00,0x00,0x0a,0xf7,0xdf,0x30,0x00,
  0x00,0x00,0xdf,0x4d,0xfb,0x00,0x00,0x00,0x5f,0xe1,0xdf,0xeb,0x10,0x00,0x4e,0xf7,0x0d,0xf6,0xef,0xbb,0xcf,0xfa,0x00,0xdf,0x22,0xae,0xff,0xb5,0x00,0x0d,0xf2,0x00,
  0x00,0x00,0x00,0x00,0xdf,0x20,0x00,0x00,0x00,0x00,0x07,0x81,0x00,0x00,0x00,0x00,0x00,0x00,0x03,0x8b,0xb8,0x30,0x18,0x40,0x0a,0xff,0xff,0xff,0x94,0xf8,0x0a,0xfe,
  0x50,0x01,0x7f,0xdf,0x84,0xfe,0x20,0x00,0x00,0x4f,0xf8,0x9f,0x90,0x00,0x00,0x00,0x9f,0x8c,0xf5,0x00,0x00,0x00,0x07,0xf8,0xdf,0x40,0x00,0x00,0x00,0x7f,0x8c,0xf5,
  0x00,0x00,0x00,0x07,0xf8,0xaf,0x80,0x00,0x00,0x00,0x8f,0x86,0xfe,0x10,0x00,0x00,0x3e,0xf8,0x0d,0xfb,0x10,0x00,0x4e,0xef,0x80,0x2d,0xff,0xbb,0xcf,0xc8,0xf8,0x00,
  0x18,0xdf,0xfd,0x70,0x7f,0x80,0x00,0x00,0x00,0x00,0x07,0xf8,0x00,0x00,0x00,0x00,0x00,0x7f,0x80,0x00,0x00,0x00,0x00,0x04,0x84,0x77,0x00,0x5a,0xb7,0xef,0x08,0xff,
  0xf8,0xee,0x4f,0x94,0x42,0xee,0xb8,0x00,0x00,0xef,0xd0,0x00,0x00,0xef,0x70,0x00,0x00,0xef,0x30,0x00,0x00,0xef,0x10,0x00,0x00,0xef,0x10,0x00,0x00,0xef,0x10,0x00,
  0x00,0xef,0x10,0x00,0x00,0xef,0x10,0x00,0x00,0xef,0x10,0x00,0x00,0x78,0x10,0x00,0x00,0x00,0x28,0xbb,0xa7,0x20,0x00,0x5e,0xff,0xff,0xff,0x90,0x1e,0xf8,0x10,0x16,
  0xda,0x03,0xfe,0x00,0x00,0x00,0x10,0x3f,0xf3,0x00,0x00,0x00,0x00,0xbf,0xf9,0x30,0x00,0x00,0x01,0x8f,0xff,0xd7,0x10,0x00,0x00,0x16,0xcf,0xfe,0x50,0x00,0x00,0x00,
  0x3a,0xff,0x40,0x00,0x00,0x00,0x0a,0xfa,0x04,0x00,0x00,0x00,0x7f,0xb8,0xfa,0x30,0x00,0x3d,0xf7,0x4d,0xff,0xff,0xff,0xfc,0x10,0x06,0xac,0xfd,0xb6,0x00,0x00,0x00,
  0x11,0x00,0x00,0x00,0x06,0xe5,0x00,0x00,0x00,0x0a,0xf5,0x00,0x00,0x00,0x0a,0xf5,0x00,0x00,0x58,0x8c,0xfa,0x88,0x82,0xbf,0xff,0xff,0xff,0xf5,0x00,0x0a,0xf5,0x00,
  0x00,0x00,0x0a,0xf5,0x00,0x00,0x00,0x0a,0xf5,0x00,0x00,0x00,0x0a,0xf5,0x00,0x00,0x00,0x0a,0xf5,0x00,0x00,0x00,0x0a,0xf5,0x00,0x00,0x00,0x0a,0xf5,0x00,0x00,0x00,
  0x0a,0xf5,0x00,0x00,0x00,0x0a,0xf5,0x00,0x00,0x00,0x08,0xf8,0x00,0x50,0x00,0x03,0xff,0xce,0xf4,0x00,0x00,0x5b,0xba,0x50,0x78,0x10,0x00,0x00,0x06,0x82,0xdf,0x20,
  0x00,0x00,0x0c,0xf4,0xdf,0x20,0x00,0x00,0x0c,0xf4,0xdf,0x20,0x00,0x00,0x0c,0xf4,0xdf,0x20,0x00,0x00,0x0c,0xf4,0xdf,0x20,0x00,0x00,0x0c,0xf4,0xdf,0x20,0x00,0x00,
  0x0c,0xf4,0xdf,0x20,0x00,0x00,0x0c,0xf4,0xdf,0x20,0x00,0x00,0x0c,0xf4,0xdf,0x30,0x00,0x00,0x3f,0xf4,0xbf,0x70,0x00,0x01,0xcf,0xf4,0x6f,0xe4,0x00,0x4d,0xec,0xf4,
  0x0b,0xff,0xff,0xfd,0x3a,0xf4,0x00,0x6b,0xbb,0x60,0x05,0x82,0x58,0x40,0x00,0x00,0x00,0x68,0x36,0xfd,0x00,0x00,0x00,0x1f,0xf2,0x1e,0xf3,0x00,0x00,0x07,0xfb,0x00,
  0x9f,0x90,0x00,0x00,0xcf,0x50,0x03,0xfe,0x00,0x00,0x3f,0xe0,0x00,0x0b,0xf5,0x00,0x08,0xf8,0x00,0x00,0x5f,0xa0,0x00,0xef,0x20,0x00,0x00,0xef,0x10,0x4f,0xb0,0x00,
  0x00,0x08,0xf6,0x0a,0xf5,0x00,0x00,0x00,0x2f,0xc1,0xfe,0x00,0x00,0x00,0x00,0xbf,0x7f,0x80,0x00,0x00,0x00,0x05,0xfe,0xf2,0x00,0x00,0x00,0x00,0x0e,0xfb,0x00,0x00,
  0x00,0x00,0x00,0x7b,0x40,0x00,0x00,0x48,0x40,0x00,0x00,0x00,0x00,0x00,0x00,0x18,0x75,0xfb,0x00,0x00,0x02,0x85,0x00,0x00,0x06,0xfb,0x1f,0xf1,0x00,0x00,0x9f,0xe0,
  0x00,0x00,0xaf,0x60,0xbf,0x50,0x00,0x0e,0xef,0x40,0x00,0x0e,0xf1,0x06,0xf9,0x00,0x04,0xf9,0xfa,0x00,0x04,0xfb,0x00,0x1f,0xd0,0x00,0xaf,0x3d,0xe1,0x00,0x8f,0x70,
  0x00,0xbf,0x30,0x1e,0xe0,0x8f,0x50,0x0c,0xf2,0x00,0x07,0xf7,0x05,0xf8,0x03,0xfb,0x02,0xfc,0x00,0x00,0x2f,0xb0,0xbf,0x30,0x0c,0xf1,0x6f,0x70,0x00,0x00,0xcf,0x1f,
  0xc0,0x00,0x7f,0x6a,0xf3,0x00,0x00,0x07,0xf9,0xf7,0x00,0x01,0xfa,0xed,0x00,0x00,0x00,0x2f,0xff,0x10,0x00,0x0b,0xff,0x80,0x00,0x00,0x00,0xdf,0xb0,0x00,0x00,0x5f,
  0xf3,0x00,0x00,0x00,0x06,0xb4,0x00,0x00,0x01,0xba,0x00,0x00,0x18,0x81,0x00,0x00,0x00,0x78,0x30,0x9f,0xa0,0x00,0x00,0x7f,0xc0,0x01,0xdf,0x60,0x00,0x3f,0xe2,0x00,
  0x03,0xee,0x20,0x0d,0xf5,0x00,0x00,0x06,0xfb,0x08,0xf9,0x00,0x00,0x00,0x0a,0xfa,0xfc,0x10,0x00,0x00,0x00,0x1d,0xfe,0x20,0x00,0x00,0x00,0x02,0xef,0xf4,0x00,0x00,
  0x00,0x00,0xcf,0x8f,0xe2,0x00,0x00,0x00,0x9f,0xa0,0x7f,0xc0,0x00,0x00,0x5f,0xd1,0x00,0xbf,0x80,0x00,0x2e,0xf4,0x00,0x02,0xef,0x40,0x0c,0xf8,0x00,0x00,0x05,0xfe,
  0x23,0x87,0x00,0x00,0x00,0x06,0x85,0x18,0x81,0x00,0x00,0x00,0x18,0x81,0x0c,0xf7,0x00,0x00,0x00,0x8f,0xb0,0x05,0xfd,0x00,0x00,0x01,0xef,0x30,0x00,0xcf,0x60,0x00,
  0x07,0xfb,0x00,0x00,0x5f,0xc0,0x00,0x0e,0xf3,0x00,0x00,0x0d,0xf4,0x00,0x6f,0xb0,0x00,0x00,0x06,0xfb,0x00,0xdf,0x30,0x00,0x00,0x00,0xdf,0x25,0xfb,0x00,0x00,0x00,
  0x00,0x6f,0x8b,0xf4,0x00,0x00,0x00,0x00,0x0e,0xef,0xb0,0x00,0x00,0x00,0x00,0x07,0xff,0x40,0x00,0x00,0x00,0x00,0x05,0xfb,0x00,0x00,0x00,0x00,0x00,0x0c,0xf4,0x00,
  0x00,0x00,0x00,0x04,0xaf,0xb0,0x00,0x00,0x00,0x04,0xff,0xfd,0x20,0x00,0x00,0x00,0x00,0x88,0x61,0x00,0x00,0x00,0x00,0x04,0x88,0x88,0x88,0x88,0x81,0x07,0xff,0xff,
  0xff,0xff,0xf1,0x02,0x44,0x44,0x44,0xbf,0xa0,0x00,0x00,0x00,0x06,0xfd,0x10,0x00,0x00,0x00,0x3f,0xe2,0x00,0x00,0x00,0x01,0xdf,0x50,0x00,0x00,0x00,0x0b,0xf9,0x00,
  0x00,0x00,0x00,0x8f,0xc0,0x00,0x00,0x00,0x04,0xfe,0x20,0x00,0x00,0x00,0x2e,0xf4,0x00,0x00,0x00,0x01,0xcf,0x70,0x00,0x00,0x00,0x09,0xfc,0x44,0x44,0x44,0x42,0x1f,
  0xff,0xff,0xff,0xff,0xf8,0x18,0x88,0x88,0x88,0x88,0x84,0x00,0x00,0x38,0xba,0x00,0x04,0xff,0xca,0x00,0x0b,0xf4,0x00,0x00,0x0d,0xd0,0x00,0x00,0x0d,0xd0,0x00,0x00,
  0x0d,0xd0,0x00,0x00,0x0d,0xd0,0x00,0x00,0x0e,0xc0,0x00,0x00,0x3f,0xa0,0x00,0x04,0xdf,0x30,0x00,0xbf,0xf5,0x00,0x00,0x39,0xfd,0x20,0x00,0x00,0x5f,0x90,0x00,0x00,
  0x0e,0xc0,0x00,0x00,0x0d,0xd0,0x00,0x00,0x0d,0xd0,0x00,0x00,0x0d,0xd0,0x00,0x00,0x0d,0xd0,0x00,0x00,0x0c,0xf1,0x00,0x00,0x07,0xfd,0x87,0x00,0x00,0x7d,0xfe,0x31,
  0xa5,0xa5,0xa5,0xa5,0xa5,0xa5,0xa5,0xa5,0xa5,0xa5,0xa5,0xa5,0xa5,0xa5,0xa5,0xa5,0xa5,0xa5,0xa5,0xa5,0xa5,0x84,0x5b,0xa6,0x00,0x00,0x05,0xbe,0xfb,0x00,0x00,0x00,
  0x1c,0xf3,0x00,0x00,0x00,0x7f,0x50,0x00,0x00,0x06,0xf5,0x00,0x00,0x00,0x6f,0x50,0x00,0x00,0x06,0xf5,0x00,0x00,0x00,0x6f,0x50,0x00,0x00,0x03,0xf9,0x00,0x00,0x00,
  0x0c,0xf7,0x10,0x00,0x00,0x1c,0xff,0x30,0x00,0x08,0xfb,0x51,0x00,0x02,0xfb,0x00,0x00,0x00,0x5f,0x60,0x00,0x00,0x06,0xf5,0x00,0x00,0x00,0x6f,0x50,0x00,0x00,0x06,
  0xf5,0x00,0x00,0x00,0x6f,0x50,0x00,0x00,0x09,0xf3,0x00,0x03,0x8b,0xfd,0x00,0x00,0x7f,0xea,0x20,0x00,0x00,0x0a,0xfc,0x62,0x04,0x11,0xb8,0x9d,0xff,0xf1,0x00,0x00,
  0x03,0x62,0x00,0x01,0x8b,0xa2,0x00,0xbc,0x8a,0xe2,0x2f,0x10,0x0b,0x73,0xe0,0x00,0xa8,0x0d,0x94,0x6f,0x30,0x2b,0xfd,0x50,0x09,0x20,0x00,0x00,0x00,0x00,0x83,0x1c,
  0xe2,0x00,0x00,0x00,0x09,0xf6,0x01,0xce,0x20,0x00,0x00,0x9f,0x60,0x00,0x1c,0xe2,0x00,0x09,0xf6,0x00,0x00,0x01,0xce,0x20,0x9f,0x50,0x00,0x00,0x00,0x1c,0xea,0xf5,
  0x00,0x00,0x00,0x00,0x01,0xef,0x70,0x00,0x00,0x00,0x00,0x09,0xfd,0xe2,0x00,0x00,0x00,0x00,0x9f,0x51,0xce,0x20,0x00,0x00,0x09,0xf5,0x00,0x1c,0xe2,0x00,0x00,0x9f,
  0x50,0x00,0x01,0xce,0x30,0x09,0xf5,0x00,0x00,0x00,0x1c,0xe3,0x1d,0x60,0x00,0x00,0x00,0x01,0xc6,0x00,0x00,0x00,0xbe,0x40,0x00,0x00,0x00,0x00,0x00,0x1f,0xf8,0x00,
  0x00,0x00,0x00,0x00,0x00,0x7a,0x20,0x00,0x00,0x00,0x00,0x00,0x00,0x00,0x00,0x00,0x00,0x00,0x00,0x00,0x00,0x00,0x00,0x00,0x00,0x00,0x00,0x00,0x00,0x00,0x00,0x00,
  0xff,0xff,0xff,0xff,0xff,0xff,0xff,0x84,0x44,0x44,0x44,0x44,0x44,0x44,0x42,0x00,0x00,0x00,0x00,0x00,0x00,0x00,0x00,0x00,0x00,0x00,0x00,0x00,0x00,0x00,0x00,0x00,
  0x00,0x36,0x00,0x00,0x00,0x00,0x00,0x00,0x1f,0xf8,0x00,0x00,0x00,0x00,0x00,0x01,0xef,0x60,0x00,0x00,0x00,0x00,0x00,0x01,0x30,0x00,0x00,0x00,0x7b,0xb0,0x00,0x04,
  0xbb,0x40,0x00,0x0b,0xb7,0xaf,0xf0,0x00,0x05,0xff,0x50,0x00,0x0f,0xfa,0xaf,0xf0,0x00,0x05,0xff,0x50,0x00,0x0f,0xfa,0x01,0x8b,0xa2,0x00,0x00,0x00,0x00,0x00,0x00,
  0x00,0x00,0xbc,0x8a,0xe2,0x00,0x00,0x26,0x88,0x86,0x10,0x00,0x2f,0x10,0x0b,0x70,0x01,0xaf,0xff,0xff,0xff,0x91,0x03,0xe0,0x00,0xa8,0x03,0xef,0xd7,0x44,0x48,0xdf,
  0xd2,0x0d,0x94,0x6f,0x32,0xef,0xa1,0x00,0x00,0x01,0xab,0x00,0x2b,0xfd,0x50,0xaf,0xb0,0x00,0x00,0x00,0x00,0x10,0x00,0x00,0x00,0x3f,0xf2,0x00,0x00,0x00,0x00,0x00,
  0x00,0x00,0x00,0x08,0xfb,0x00,0x00,0x00,0x00,0x00,0x00,0x00,0x00,0x00,0xcf,0x60,0x00,0x00,0x00,0x00,0x00,0x00,0x00,0x00,0x0e,0xf4,0x00,0x00,0x00,0x00,0x00,0x00,
  0x00,0x00,0x00,0xff,0x30,0x00,0x00,0x00,0x00,0x00,0x00,0x00,0x00,0x0f,0xf3,0x00,0x00,0x00,0x00,0x00,0x00,0x00,0x00,0x00,0xdf,0x50,0x00,0x00,0x00,0x00,0x00,0x00,
  0x00,0x00,0x0a,0xf8,0x00,0x00,0x00,0x00,0x00,0x00,0x00,0x00,0x00,0x6f,0xe0,0x00,0x00,0x00,0x00,0x00,0x00,0x00,0x00,0x01,0xef,0x80,0x00,0x00,0x00,0x00,0x00,0x00,
  0x00,0x00,0x06,0xff,0x60,0x00,0x00,0x00,0x2d,0x30,0x00,0x00,0x00,0x08,0xff,0xb4,0x00,0x03,0x9f,0xfa,0x00,0x00,0x00,0x00,0x06,0xef,0xff,0xff,0xff,0xf8,0x00,0x00,
  0x00,0x00,0x00,0x01,0x6b,0xcf,0xcb,0x61,0x00,0x00,0x00,0x00,0x34,0x10,0x00,0x00,0x00,0x00,0x00,0x00,0x00,0x06,0xfa,0x00,0x00,0x00,0x00,0x00,0x00,0x00,0x00,0x9f,
  0x90,0x00,0x00,0x00,0x00,0x00,0x00,0x00,0x1a,0xf8,0x00,0x00,0x00,0x00,0x00,0x00,0x00,0x01,0xcf,0x70,0x00,0x00,0x00,0x00,0x00,0x00,0x00,0x1d,0xff,0xff,0xff,0xff,
  0xff,0xff,0xff,0xff,0xf1,0x04,0xef,0x74,0x44,0x44,0x44,0x44,0x44,0x44,0x40,0x00,0x2d,0xe4,0x00,0x00,0x00,0x00,0x00,0x00,0x00,0x00,0x01,0xcf,0x50,0x00,0x00,0x00,
  0x00,0x00,0x00,0x00,0x00,0x1a,0xf6,0x00,0x00,0x00,0x00,0x00,0x00,0x00,0x00,0x00,0x68,0x20,0x00,0x00,0x00,0x00,0x00,0x00,0x00,0x22,0x00,0x00,0x00,0x01,0xdd,0x10,
  0x00,0x00,0x0b,0xff,0xb0,0x00,0x00,0xaf,0xee,0xfa,0x00,0x08,0xf7,0xaa,0x7f,0x80,0x6f,0x80,0xaa,0x08,0xf6,0xc9,0x00,0xaa,0x00,0x9c,0x70,0x00,0xaa,0x00,0x07,0x00,
  0x00,0xaa,0x00,0x00,0x00,0x00,0xaa,0x00,0x00,0x00,0x00,0xaa,0x00,0x00,0x00,0x00,0xaa,0x00,0x00,0x00,0x00,0xaa,0x00,0x00,0x00,0x00,0xaa,0x00,0x00,0x00,0x00,0xaa,
  0x00,0x00,0x00,0x00,0xaa,0x00,0x00,0x00,0x00,0xaa,0x00,0x00,0x00,0x00,0xaa,0x00,0x00,0x00,0x00,0x88,0x00,0x00,0x00,0x00,0x00,0x00,0x00,0x01,0x43,0x00,0x00,0x00,
  0x00,0x00,0x00,0x00,0x00,0x00,0xaf,0x60,0x00,0x00,0x00,0x00,0x00,0x00,0x00,0x00,0x09,0xf9,0x00,0x00,0x00,0x00,0x00,0x00,0x00,0x00,0x00,0x8f,0xa1,0x00,0x00,0x00,
  0x00,0x00,0x00,0x00,0x00,0x07,0xfc,0x10,0x1f,0xff,0xff,0xff,0xff,0xff,0xff,0xff,0xff,0xd1,0x04,0x44,0x44,0x44,0x44,0x44,0x44,0x47,0xfe,0x40,0x00,0x00,0x00,0x00,
  0x00,0x00,0x00,0x4e,0xd2,0x00,0x00,0x00,0x00,0x00,0x00,0x00,0x05,0xfc,0x10,0x00,0x00,0x00,0x00,0x00,0x00,0x00,0x6f,0xa1,0x00,0x00,0x00,0x00,0x00,0x00,0x00,0x02,
  0x86,0x00,0x00,0x00,0x00,0x00,0x55,0x00,0x00,0x00,0x00,0xaa,0x00,0x00,0x00,0x00,0xaa,0x00,0x00,0x00,0x00,0xaa,0x00,0x00,0x00,0x00,0xaa,0x00,0x00,0x00,0x00,0xaa,
  0x00,0x00,0x00,0x00,0xaa,0x00,0x00,0x00,0x00,0xaa,0x00,0x00,0x00,0x00,0xaa,0x00,0x00,0x00,0x00,0xaa,0x00,0x00,0x00,0x00,0xaa,0x00,0x00,0x40,0x00,0xaa,0x00,0x04,
  0xc6,0x00,0xaa,0x00,0x5c,0x9f,0x50,0xaa,0x05,0xf9,0x0b,0xf4,0xaa,0x4e,0xb0,0x01,0xce,0xcd,0xed,0x10,0x00,0x2e,0xff,0xe2,0x00,0x00,0x03,0xee,0x30,0x00,0x00,0x00,
  0x55,0x00,0x00,0x00,0x00,0x00,0x00,0x14,0x41,0x00,0x00,0x00,0x00,0x00,0x00,0x02,0x9d,0xff,0xff,0xd8,0x20,0x00,0x00,0x00,0x00,0x7f,0xe9,0x54,0x46,0x9e,0xf7,0x00,
  0x00,0x00,0x0a,0xf9,0x10,0x00,0x00,0x01,0x9f,0xa0,0x00,0x00,0xaf,0x50,0x00,0x00,0x00,0x00,0x05,0xf9,0x00,0x06,0xf6,0x00,0x00,0x00,0x00,0x00,0x00,0x6f,0x50,0x0d,
  0xb0,0x00,0x00,0x00,0x00,0x00,0x00,0x0b,0xd0,0x5f,0x30,0x00,0x00,0x00,0x00,0x00,0x00,0x04,0xf5,0x9d,0x00,0x00,0x00,0x00,0x00,0x00,0x00,0x00,0xd9,0xca,0x00,0x00,
  0x00,0x00,0x00,0x00,0x00,0x00,0xac,0xd9,0x00,0x00,0x00,0x00,0x00,0x00,0x00,0x00,0x9d,0xca,0x00,0x00,0x00,0x00,0x00,0x00,0x00,0x00,0xac,0xac,0x00,0x00,0x00,0x00,
  0x00,0x00,0x00,0x00,0xca,0x6f,0x20,0x00,0x00,0x00,0x00,0x00,0x00,0x02,0xf6,0x1f,0x90,0x00,0x00,0x00,0x00,0x00,0x00,0x09,0xe1,0x08,0xf3,0x00,0x00,0x00,0x00,0x00,
  0x00,0x3f,0x80,0x01,0xcd,0x20,0x00,0x00,0x00,0x00,0x02,0xec,0x00,0x00,0x2d,0xe5,0x00,0x00,0x00,0x00,0x5e,0xd2,0x00,0x00,0x01,0xbf,0xb5,0x10,0x01,0x5b,0xfb,0x10,
  0x00,0x00,0x00,0x05,0xdf,0xff,0xff,0xfd,0x50,0x00,0x00,0x00,0x00,0x00,0x02,0x68,0x86,0x20,0x00,0x00,0x00,0x00,0x00,0x00,0x00,0x14,0x41,0x00,0x00,0x00,0x00,0x00,
  0x00,0x02,0x9d,0xff,0xff,0xd8,0x20,0x00,0x00,0x00,0x00,0x7f,0xff,0xff,0xff,0xff,0xf7,0x00,0x00,0x00,0x0a,0xff,0xff,0xff,0xff,0xff,0xff,0xa0,0x00,0x00,0xaf,0xff,
  0xff,0xff,0xff,0xff,0xff,0xf9,0x00,0x06,0xff,0xff,0xff,0xff,0xff,0xff,0xff,0xff,0x50,0x0d,0xff,0xff,0xff,0xff,0xff,0xff,0xff,0xff,0xd0,0x5f,0xff,0xff,0xff,0xff,
  0xff,0xff,0xff,0xff,0xf5,0x9f,0xff,0xff,0xff,0xff,0xff,0xff,0xff,0xff,0xf9,0xcf,0xff,0xff,0xff,0xff,0xff,0xff,0xff,0xff,0xfc,0xdf,0xff,0xff,0xff,0xff,0xff,0xff,
  0xff,0xff,0xfd,0xcf,0xff,0xff,0xff,0xff,0xff,0xff,0xff,0xff,0xfc,0xaf,0xff,0xff,0xff,0xff,0xff,0xff,0xff,0xff,0xfa,0x6f,0xff,0xff,0xff,0xff,0xff,0xff,0xff,0xff,
  0xf6,0x1f,0xff,0xff,0xff,0xff,0xff,0xff,0xff,0xff,0xe1,0x08,0xff,0xff,0xff,0xff,0xff,0xff,0xff,0xff,0x80,0x01,0xcf,0xff,0xff,0xff,0xff,0xff,0xff,0xfc,0x00,0x00,
  0x2d,0xff,0xff,0xff,0xff,0xff,0xff,0xd2,0x00,0x00,0x01,0xbf,0xff,0xff,0xff,0xff,0xfb,0x10,0x00,0x00,0x00,0x05,0xdf,0xff,0xff,0xfd,0x50,0x00,0x00,0x00,0x00,0x00,
  0x02,0x68,0x86,0x20,0x00,0x00,0x00,0x00,0x00,0x00,0x00,0x00,0x22,0x00,0x00,0x00,0x00,0x00,0x00,0x00,0x00,0x00,0x00,0x88,0x00,0x00,0x00,0x00,0x00,0x00,0x00,0x00,
  0x00,0x00,0xdd,0x00,0x00,0x00,0x00,0x00,0x00,0x00,0x00,0x00,0x04,0xff,0x40,0x00,0x00,0x00,0x00,0x00,0x00,0x00,0x00,0x0a,0xff,0xa0,0x00,0x00,0x00,0x00,0x00,0x00,
  0x00,0x00,0x1e,0xff,0xe1,0x00,0x00,0x00,0x00,0x00,0x00,0x00,0x00,0x6f,0xff,0xf6,0x00,0x00,0x00,0x00,0x28,0x88,0x88,0x88,0xdf,0xff,0xfd,0x88,0x88,0x88,0x82,0x05,
  0xef,0xff,0xff,0xff,0xff,0xff,0xff,0xff,0xfe,0x50,0x00,0x2d,0xff,0xff,0xff,0xff,0xff,0xff,0xff,0xd2,0x00,0x00,0x01,0xaf,0xff,0xff,0xff,0xff,0xff,0xfa,0x10,0x00,
  0x00,0x00,0x07,0xff,0xff,0xff,0xff,0xff,0x70,0x00,0x00,0x00,0x00,0x00,0x8f,0xff,0xff,0xff,0xf8,0x00,0x00,0x00,0x00,0x00,0x00,0xbf,0xff,0xff,0xff,0xfc,0x00,0x00,
  0x00,0x00,0x00,0x02,0xff,0xff,0xff,0xff,0xff,0x20,0x00,0x00,0x00,0x00,0x07,0xff,0xff,0xcc,0xff,0xff,0x70,0x00,0x00,0x00,0x00,0x0c,0xff,0xf8,0x00,0x8f,0xff,0xc0,
  0x00,0x00,0x00,0x00,0x2f,0xfe,0x40,0x00,0x04,0xef,0xf2,0x00,0x00,0x00,0x00,0x7f,0xb1,0x00,0x00,0x00,0x1b,0xf7,0x00,0x00,0x00,0x00,0xc7,0x00,0x00,0x00,0x00,0x00,
  0x7c,0x00,0x00,0x00,0x01,0x30,0x00,0x00,0x00,0x00,0x00,0x03,0x10,0x00,0x00,0x00,0x00,0x00,0x00,0x22,0x00,0x00,0x00,0x00,0x00,0x00,0x00,0x00,0x00,0x00,0x88,0x00,
  0x00,0x00,0x00,0x00,0x00,0x00,0x00,0x00,0x00,0xdd,0x00,0x00,0x00,0x00,0x00,0x00,0x00,0x00,0x00,0x04,0xee,0x40,0x00,0x00,0x00,0x00,0x00,0x00,0x00,0x00,0x0a,0x99,
  0xa0,0x00,0x00,0x00,0x00,0x00,0x00,0x00,0x00,0x1e,0x44,0xe1,0x00,0x00,0x00,0x00,0x00,0x00,0x00,0x00,0x6d,0x00,0xd6,0x00,0x00,0x00,0x00,0x28,0x88,0x88,0x88,0xd8,
  0x00,0x8d,0x88,0x88,0x88,0x82,0x05,0xee,0x88,0x88,0x82,0x00,0x28,0x88,0x88,0xee,0x50,0x00,0x2d,0xb1,0x00,0x00,0x00,0x00,0x00,0x1b,0xd2,0x00,0x00,0x01,0xae,0x40,
  0x00,0x00,0x00,0x04,0xea,0x10,0x00,0x00,0x00,0x07,0xf8,0x00,0x00,0x00,0x8f,0x70,0x00,0x00,0x00,0x00,0x00,0x8c,0x00,0x00,0x00,0xc8,0x00,0x00,0x00,0x00,0x00,0x00,
  0xb7,0x00,0x00,0x00,0x7c,0x00,0x00,0x00,0x00,0x00,0x02,0xf2,0x01,0x99,0x10,0x2f,0x20,0x00,0x00,0x00,0x00,0x07,0xc0,0x2c,0xcc,0xc3,0x0c,0x70,0x00,0x00,0x00,0x00,
  0x0c,0x76,0xe9,0x00,0x9e,0x67,0xc0,0x00,0x00,0x00,0x00,0x2f,0xbe,0x40,0x00,0x04,0xeb,0xf2,0x00,0x00,0x00,0x00,0x7f,0xb1,0x00,0x00,0x00,0x1b,0xf7,0x00,0x00,0x00,
  0x00,0xc7,0x00,0x00,0x00,0x00,0x00,0x7c,0x00,0x00,0x00,0x01,0x30,0x00,0x00,0x00,0x00,0x00,0x03,0x10,0x00,0x00,0x15,0x88,0x61,0x00,0x00,0x00,0x00,0x00,0x06,0xef,
  0xff,0xfe,0x81,0x00,0x00,0x00,0x14,0x6f,0x92,0x00,0x3a,0xfd,0x50,0x00,0x05,0xe7,0x64,0x00,0x00,0x00,0x3c,0xfd,0xaa,0xdf,0xb1,0x00,0x00,0x00,0x00,0x00,0x4a,0xbb,
  0xa4,0x00,0x01,0x42,0x02,0xef,0xe2,0x7f,0xff,0x74,0xff,0xf4,0x05,0x85,0x00,0x68,0x88,0x88,0x88,0x88,0x88,0x88,0x88,0x88,0x6b,0xff,0xff,0xff,0xff,0xff,0xff,0xff,
  0xff,0xfc,0x00,0x15,0x88,0x61,0x00,0x00,0x00,0x00,0x00,0x06,0xef,0xff,0xfe,0x81,0x00,0x00,0x00,0x14,0x6f,0x92,0x00,0x3a,0xfd,0x50,0x00,0x05,0xe7,0x64,0x00,0x00,
  0x00,0x3c,0xfd,0xaa,0xdf,0xb1,0x00,0x00,0x00,0x00,0x00,0x4a,0xbb,0xa4,0x00,
};
static const ut_face_t UT_S = {UT_S_GLYPHS, 112, UT_S_PX, 22, 19, 3};

static const ut_glyph_t UT_M_GLYPHS[112] = {
  {0x0020, 0, 0, 0, 0, 0, 11},
  {0x0021, 0, 3, -27, 5, 28, 11},
  {0x0022, 70, 2, -29, 12, 10, 16},
  {0x0023, 130, 3, -28, 25, 30, 31},
  {0x0024, 505, 3, -29, 20, 33, 27},
  {0x0025, 835, 2, -28, 30, 30, 34},
  {0x0026, 1285, 3, -28, 25, 30, 30},
  {0x0027, 1660, 2, -29, 5, 10, 10},
  {0x0028, 1685, 4, -29, 11, 33, 17},
  {0x0029, 1867, 2, -29, 11, 33, 17},
  {0x002a, 2049, 0, -22, 17, 18, 17},
  {0x002b, 2202, 3, -25, 23, 24, 29},
  {0x002c, 2478, 2, -6, 6, 10, 11},
  {0x002d, 2508, 2, -14, 12, 4, 16},
  {0x002e, 2532, 2, -4, 6, 5, 11},
  {0x002f, 2547, 1, -29, 15, 32, 17},
  {0x0030, 2787, 2, -28, 22, 30, 26},
  {0x0031, 3117, 3, -28, 11, 29, 21},
  {0x0032, 3277, 3, -28, 20, 29, 26},
  {0x0033, 3567, 2, -28, 21, 30, 26},
  {0x0034, 3882, 1, -27, 23, 28, 26},
  {0x0035, 4204, 3, -27, 20, 29, 26},
  {0x0036, 4494, 3, -28, 20, 30, 26},
  {0x0037, 4794, 3, -27, 21, 28, 26},
  {0x0038, 5088, 2, -28, 21, 30, 26},
  {0x0039, 5403, 2, -28, 21, 30, 26},
  {0x003a, 5718, 3, -19, 5, 20, 11},
  {0x003b, 5768, 3, -20, 5, 24, 11},
  {0x003c, 5828, 2, -24, 24, 22, 29},
  {0x003d, 6092, 3, -18, 23, 11, 29},
  {0x003e, 6219, 3, -24, 23, 22, 29},
  {0x003f, 6472, 2, -28, 21, 29, 26},
  {0x0040, 6777, 2, -28, 29, 30, 33},
  {0x0041, 7212, 0, -27, 26, 28, 26},
  {0x0042, 7576, 3, -27, 21, 28, 26},
  {0x0043, 7870, 2, -28, 24, 30, 27},
  {0x0044, 8230, 3, -27, 24, 28, 29},
  {0x0045, 8566, 3, -27, 19, 28, 24},
  {0x0046, 8832, 3, -27, 18, 28, 22},
  {0x0047, 9084, 1, -28, 25, 30, 29},
  {0x0048, 9459, 3, -27, 22, 28, 28},
  {0x0049, 9767, 2, -27, 11, 28, 14},
  {0x004a, 9921, 0, -27, 15, 29, 18},
  {0x004b, 10139, 3, -27, 22, 28, 26},
  {0x004c, 10447, 3, -27, 18, 28, 20},
  {0x004d, 10699, 3, -27, 28, 28, 33},
  {0x004e, 11091, 3, -27, 22, 28, 28},
  {0x004f, 11399, 1, -28, 27, 30, 29},
  {0x0050, 11804, 3, -27, 21, 28, 25},
  {0x0051, 12098, 1, -28, 28, 31, 30},
  {0x0052, 12532, 3, -27, 22, 28, 26},
  {0x0053, 12840, 1, -28, 21, 30, 24},
  {0x0054, 13155, 0, -27, 24, 28, 24},
  {0x0055, 13491, 3, -27, 22, 29, 29},
  {0x0056, 13810, 0, -27, 25, 29, 25},
  {0x0057, 14173, 0, -27, 34, 29, 33},
  {0x0058, 14666, 1, -27, 25, 28, 27},
  {0x0059, 15016, 0, -27, 24, 28, 24},
  {0x005a, 15352, 1, -27, 23, 28, 26},
  {0x005b, 15674, 4, -29, 11, 33, 17},
  {0x005c, 15856, 1, -29, 15, 32, 17},
  {0x005d, 16096, 2, -29, 11, 33, 17},
  {0x005e, 16278, 2, -27, 13, 5, 17},
  {0x005f, 16311, 0, 3, 11, 1, 10},
  {0x0060, 16317, 3, -27, 9, 5, 17},
  {0x0061, 16340, 1, -20, 19, 22, 22},
  {0x0062, 16549, 3, -29, 20, 31, 24},
  {0x0063, 16859, 1, -20, 20, 22, 22},
  {0x0064, 17079, 1, -29, 20, 31, 24},
  {0x0065, 17389, 2, -20, 19, 22, 23},
  {0x0066, 17598, 0, -29, 17, 30, 17},
  {0x0067, 17853, 2, -20, 18, 24, 23},
  {0x0068, 18069, 3, -29, 18, 30, 24},
  {0x0069, 18339, 3, -28, 5, 29, 11},
  {0x006a, 18412, 0, -28, 10, 32, 13},
  {0x006b, 18572, 3, -29, 18, 30, 21},
  {0x006c, 18842, 3, -29, 8, 30, 11},
  {0x006d, 18962, 2, -20, 27, 21, 32},
  {0x006e, 19246, 3, -20, 18, 21, 24},
  {0x006f, 19435, 1, -20, 21, 22, 23},
  {0x0070, 19666, 3, -20, 20, 24, 24},
  {0x0071, 19906, 1, -20, 20, 24, 24},
  {0x0072, 20146, 3, -20, 13, 21, 15},
  {0x0073, 20283, 1, -20, 18, 22, 20},
  {0x0074, 20481, 0, -26, 15, 28, 16},
  {0x0075, 20691, 3, -20, 18, 22, 24},
  {0x0076, 20889, 0, -20, 20, 22, 20},
  {0x0077, 21109, 0, -20, 30, 22, 30},
  {0x0078, 21439, 0, -20, 20, 21, 20},
  {0x0079, 21649, 1, -20, 20, 24, 21},
  {0x007a, 21889, 1, -20, 17, 21, 20},
  {0x007b, 22068, 3, -29, 13, 33, 18},
  {0x007c, 22283, 6, -30, 3, 34, 15},
  {0x007d, 22334, 2, -29, 13, 33, 18},
  {0x007e, 22549, 2, -27, 13, 5, 17},
  {0x00b0, 22582, 1, -29, 10, 9, 12},
  {0x00d7, 22627, 4, -23, 21, 20, 29},
  {0x00f7, 22837, 3, -24, 23, 22, 29},
  {0x2026, 23090, 3, -15, 28, 5, 34},
  {0x2103, 23160, 1, -29, 32, 31, 34},
  {0x2190, 23656, 2, -21, 30, 16, 34},
  {0x2191, 23896, 9, -27, 16, 29, 34},
  {0x2192, 24128, 2, -21, 30, 16, 34},
  {0x2193, 24368, 9, -27, 16, 29, 34},
  {0x25cb, 24600, 1, -29, 32, 32, 34},
  {0x25cf, 25112, 1, -29, 32, 32, 34},
  {0x2605, 25624, 1, -29, 32, 32, 34},
  {0x2606, 26136, 1, -29, 32, 32, 34},
  {0x301c, 26648, 3, -17, 28, 8, 34},
  {0x30fb, 26760, 5, -16, 7, 7, 17},
  {0x30fc, 26785, 1, -15, 30, 3, 33},
  {0xff5e, 26830, 3, -17, 28, 8, 34},
};
static const uint8_t UT_M_PX[26942] = {
  0x4b,0xbb,0x64,0xff,0xf8,0x4f,0xff,0x73,0xff,0xf7,0x3f,0xff,0x62,0xff,0xf6,0x2f,0xff,0x52,0xff,0xf5,0x1f,0xff,0x41,0xff,0xf4,0x0f,0xff,0x30,0xff,0xf3,0x0e,0xff,
  0x20,0xef,0xf2,0x0d,0xff,0x20,0xdf,0xf1,0x0c,0xff,0x10,0xcf,0xf0,0x0b,0xff,0x00,0xbf,0xe0,0x08,0xba,0x00,0x00,0x00,0x00,0x00,0x04,0x88,0x86,0x8f,0xff,0xb8,0xff,
  0xfb,0x8f,0xff,0xb6,0xbb,0xb8,0x9f,0xff,0xe0,0x6f,0xff,0xf2,0x9f,0xff,0xe0,0x6f,0xff,0xf2,0x9f,0xff,0xe0,0x6f,0xff,0xf2,0x9f,0xff,0xd0,0x6f,0xff,0xf2,0x58,0xbf,
  0xb0,0x38,0x9f,0xf0,0x00,0xaf,0x80,0x00,0x6f,0xb0,0x00,0xef,0x30,0x00,0xbf,0x60,0x06,0xfb,0x00,0x02,0xfe,0x10,0x1e,0xe2,0x00,0x0b,0xf5,0x00,0x7b,0x50,0x00,0x4b,
  0x80,0x00,0x00,0x00,0x00,0x00,0x0b,0xb5,0x00,0x00,0x00,0xab,0x70,0x00,0x00,0x00,0x00,0x00,0x02,0xff,0x50,0x00,0x00,0x0f,0xf7,0x00,0x00,0x00,0x00,0x00,0x00,0x4f,
  0xf3,0x00,0x00,0x02,0xff,0x50,0x00,0x00,0x00,0x00,0x00,0x07,0xff,0x10,0x00,0x00,0x4f,0xf3,0x00,0x00,0x00,0x00,0x00,0x00,0x9f,0xd0,0x00,0x00,0x07,0xff,0x10,0x00,
  0x00,0x00,0x00,0x00,0x0b,0xfb,0x00,0x00,0x00,0x9f,0xd0,0x00,0x00,0x00,0x00,0x00,0x00,0xef,0x90,0x00,0x00,0x0b,0xfb,0x00,0x00,0x00,0x04,0xbb,0xbb,0xbf,0xfd,0xbb,
  0xbb,0xbb,0xef,0xeb,0xbb,0xb5,0x00,0x6f,0xff,0xff,0xff,0xff,0xff,0xff,0xff,0xff,0xff,0xff,0x70,0x04,0xbb,0xbb,0xdf,0xfc,0xbb,0xbb,0xbc,0xff,0xcb,0xbb,0xb5,0x00,
  0x00,0x00,0x07,0xff,0x00,0x00,0x00,0x5f,0xf2,0x00,0x00,0x00,0x00,0x00,0x00,0x9f,0xd0,0x00,0x00,0x07,0xff,0x00,0x00,0x00,0x00,0x00,0x00,0x0c,0xfa,0x00,0x00,0x00,
  0xaf,0xd0,0x00,0x00,0x00,0x00,0x00,0x00,0xef,0x80,0x00,0x00,0x0c,0xfa,0x00,0x00,0x00,0x00,0x00,0x00,0x1f,0xf6,0x00,0x00,0x00,0xef,0x80,0x00,0x00,0x00,0x00,0x00,
  0x04,0xff,0x40,0x00,0x00,0x1f,0xf6,0x00,0x00,0x00,0x00,0x00,0x00,0x6f,0xf1,0x00,0x00,0x04,0xff,0x40,0x00,0x00,0x00,0x00,0x00,0x08,0xfe,0x00,0x00,0x00,0x6f,0xf1,
  0x00,0x00,0x00,0x00,0x00,0x00,0xbf,0xc0,0x00,0x00,0x08,0xfe,0x00,0x00,0x00,0x00,0x00,0x00,0x0d,0xf9,0x00,0x00,0x00,0xbf,0xc0,0x00,0x00,0x00,0x18,0x88,0x88,0xff,
  0xb8,0x88,0x88,0x8e,0xfc,0x88,0x88,0x50,0x03,0xff,0xff,0xff,0xff,0xff,0xff,0xff,0xff,0xff,0xff,0xfa,0x00,0x2b,0xbb,0xbd,0xff,0xcb,0xbb,0xbb,0xcf,0xfc,0xbb,0xbb,
  0x70,0x00,0x00,0x00,0x6f,0xf1,0x00,0x00,0x04,0xff,0x30,0x00,0x00,0x00,0x00,0x00,0x09,0xfd,0x00,0x00,0x00,0x7f,0xf1,0x00,0x00,0x00,0x00,0x00,0x00,0xbf,0xb0,0x00,
  0x00,0x09,0xfd,0x00,0x00,0x00,0x00,0x00,0x00,0x0d,0xf9,0x00,0x00,0x00,0xbf,0xb0,0x00,0x00,0x00,0x00,0x00,0x01,0xff,0x70,0x00,0x00,0x0d,0xf9,0x00,0x00,0x00,0x00,
  0x00,0x00,0x3f,0xf4,0x00,0x00,0x01,0xff,0x70,0x00,0x00,0x00,0x00,0x00,0x05,0xff,0x20,0x00,0x00,0x3f,0xf4,0x00,0x00,0x00,0x00,0x00,0x00,0x00,0x00,0x06,0xfc,0x00,
  0x00,0x00,0x00,0x00,0x00,0x00,0x00,0x06,0xfc,0x00,0x00,0x00,0x00,0x00,0x00,0x00,0x00,0x06,0xfc,0x00,0x00,0x00,0x00,0x00,0x00,0x00,0x48,0xbd,0xfe,0xb9,0x61,0x00,
  0x00,0x00,0x00,0x4c,0xff,0xff,0xff,0xff,0xff,0x92,0x00,0x00,0x06,0xff,0xff,0xcb,0xfd,0xbe,0xff,0xff,0x70,0x00,0x3f,0xff,0xb2,0x06,0xfc,0x00,0x5b,0xff,0x60,0x00,
  0xbf,0xfa,0x00,0x06,0xfc,0x00,0x00,0x4a,0x00,0x01,0xff,0xf2,0x00,0x06,0xfc,0x00,0x00,0x00,0x00,0x02,0xff,0xf0,0x00,0x06,0xfc,0x00,0x00,0x00,0x00,0x01,0xff,0xf2,
  0x00,0x06,0xfc,0x00,0x00,0x00,0x00,0x00,0xdf,0xfa,0x00,0x06,0xfc,0x00,0x00,0x00,0x00,0x00,0x6f,0xff,0xc3,0x06,0xfc,0x00,0x00,0x00,0x00,0x00,0x09,0xff,0xff,0xca,
  0xfc,0x00,0x00,0x00,0x00,0x00,0x00,0x6e,0xff,0xff,0xfd,0x50,0x00,0x00,0x00,0x00,0x00,0x01,0x7d,0xff,0xff,0xfe,0x92,0x00,0x00,0x00,0x00,0x00,0x00,0x4b,0xff,0xff,
  0xff,0xa1,0x00,0x00,0x00,0x00,0x00,0x06,0xfc,0x9e,0xff,0xfe,0x30,0x00,0x00,0x00,0x00,0x06,0xfc,0x01,0x8f,0xff,0xe1,0x00,0x00,0x00,0x00,0x06,0xfc,0x00,0x04,0xff,
  0xf8,0x00,0x00,0x00,0x00,0x06,0xfc,0x00,0x00,0x9f,0xfd,0x00,0x00,0x00,0x00,0x06,0xfc,0x00,0x00,0x4f,0xff,0x00,0x00,0x00,0x00,0x06,0xfc,0x00,0x00,0x4f,0xff,0x00,
  0x81,0x00,0x00,0x06,0xfc,0x00,0x00,0x7f,0xfd,0x08,0xfd,0x40,0x00,0x06,0xfc,0x00,0x02,0xef,0xf9,0x1d,0xff,0xfc,0x61,0x06,0xfc,0x00,0x5d,0xff,0xe2,0x01,0xbf,0xff,
  0xff,0xcd,0xfe,0xbe,0xff,0xff,0x50,0x00,0x04,0xcf,0xff,0xff,0xff,0xff,0xff,0xd4,0x00,0x00,0x00,0x02,0x7b,0xdf,0xff,0xfd,0xa6,0x00,0x00,0x00,0x00,0x00,0x00,0x06,
  0xfc,0x00,0x00,0x00,0x00,0x00,0x00,0x00,0x00,0x06,0xfc,0x00,0x00,0x00,0x00,0x00,0x00,0x00,0x00,0x06,0xfc,0x00,0x00,0x00,0x00,0x00,0x00,0x00,0x00,0x01,0x43,0x00,
  0x00,0x00,0x00,0x00,0x00,0x04,0x44,0x10,0x00,0x00,0x00,0x00,0x00,0x00,0x00,0x00,0x00,0x00,0x00,0x08,0xef,0xff,0xf8,0x10,0x00,0x00,0x00,0x00,0x00,0x05,0xbb,0x20,
  0x00,0x00,0xbf,0xff,0xff,0xff,0xc1,0x00,0x00,0x00,0x00,0x00,0x2e,0xf7,0x00,0x00,0x08,0xff,0xb2,0x02,0xaf,0xf9,0x00,0x00,0x00,0x00,0x00,0xcf,0xb0,0x00,0x00,0x2f,
  0xfc,0x00,0x00,0x0b,0xff,0x20,0x00,0x00,0x00,0x09,0xfe,0x20,0x00,0x00,0x6f,0xf5,0x00,0x00,0x04,0xff,0x70,0x00,0x00,0x00,0x4f,0xf4,0x00,0x00,0x00,0x9f,0xf1,0x00,
  0x00,0x00,0xff,0xa0,0x00,0x00,0x02,0xef,0x80,0x00,0x00,0x00,0xbf,0xf0,0x00,0x00,0x00,0xef,0xc0,0x00,0x00,0x0b,0xfc,0x00,0x00,0x00,0x00,0xbf,0xf0,0x00,0x00,0x00,
  0xef,0xc0,0x00,0x00,0x7f,0xe2,0x00,0x00,0x00,0x00,0x9f,0xf2,0x00,0x00,0x01,0xff,0xa0,0x00,0x04,0xff,0x50,0x00,0x00,0x00,0x00,0x5f,0xf7,0x00,0x00,0x05,0xff,0x60,
  0x00,0x1d,0xf9,0x00,0x00,0x00,0x00,0x00,0x1e,0xfe,0x10,0x00,0x1d,0xfe,0x10,0x00,0xaf,0xd1,0x00,0x00,0x00,0x00,0x00,0x06,0xff,0xd6,0x45,0xdf,0xf7,0x00,0x06,0xff,
  0x30,0x00,0x00,0x00,0x00,0x00,0x00,0x8f,0xff,0xff,0xff,0xa0,0x00,0x3f,0xf7,0x00,0x00,0x00,0x00,0x00,0x00,0x00,0x05,0xcf,0xff,0xd6,0x00,0x01,0xdf,0xb0,0x00,0x00,
  0x00,0x00,0x00,0x00,0x00,0x00,0x00,0x40,0x00,0x00,0x09,0xfd,0x10,0x00,0x3a,0xef,0xea,0x30,0x00,0x00,0x00,0x00,0x00,0x00,0x00,0x5f,0xf4,0x00,0x07,0xff,0xff,0xff,
  0xf6,0x00,0x00,0x00,0x00,0x00,0x00,0x02,0xef,0x80,0x00,0x5f,0xfe,0x74,0x8e,0xff,0x50,0x00,0x00,0x00,0x00,0x00,0x0c,0xfc,0x00,0x01,0xef,0xe2,0x00,0x02,0xef,0xd0,
  0x00,0x00,0x00,0x00,0x00,0x8f,0xe2,0x00,0x06,0xff,0x60,0x00,0x00,0x7f,0xf5,0x00,0x00,0x00,0x00,0x04,0xff,0x50,0x00,0x0a,0xff,0x10,0x00,0x00,0x2f,0xf9,0x00,0x00,
  0x00,0x00,0x1e,0xf9,0x00,0x00,0x0b,0xfe,0x00,0x00,0x00,0x0f,0xfa,0x00,0x00,0x00,0x00,0xbf,0xc0,0x00,0x00,0x0c,0xfe,0x00,0x00,0x00,0x0f,0xfb,0x00,0x00,0x00,0x07,
  0xfe,0x20,0x00,0x00,0x0b,0xff,0x00,0x00,0x00,0x1f,0xfa,0x00,0x00,0x00,0x3f,0xf6,0x00,0x00,0x00,0x08,0xff,0x40,0x00,0x00,0x4f,0xf7,0x00,0x00,0x01,0xdf,0xa0,0x00,
  0x00,0x00,0x03,0xff,0xa0,0x00,0x00,0xbf,0xf2,0x00,0x00,0x0a,0xfd,0x10,0x00,0x00,0x00,0x00,0xaf,0xf8,0x10,0x19,0xff,0x90,0x00,0x00,0x6f,0xf3,0x00,0x00,0x00,0x00,
  0x00,0x1d,0xff,0xff,0xff,0xfd,0x10,0x00,0x01,0xbb,0x60,0x00,0x00,0x00,0x00,0x00,0x01,0xbf,0xff,0xff,0xb1,0x00,0x00,0x00,0x00,0x00,0x00,0x00,0x00,0x00,0x00,0x00,
  0x02,0x78,0x62,0x00,0x00,0x00,0x00,0x00,0x00,0x02,0x43,0x00,0x00,0x00,0x00,0x00,0x00,0x00,0x00,0x00,0x02,0x9e,0xff,0xff,0xa3,0x00,0x00,0x00,0x00,0x00,0x00,0x00,
  0x04,0xef,0xff,0xff,0xff,0xf6,0x00,0x00,0x00,0x00,0x00,0x00,0x03,0xef,0xfe,0x88,0x8d,0xff,0xf6,0x00,0x00,0x00,0x00,0x00,0x00,0xbf,0xfc,0x10,0x00,0x0a,0xff,0xe1,
  0x00,0x00,0x00,0x00,0x00,0x1f,0xff,0x20,0x00,0x00,0x0d,0xff,0x50,0x00,0x00,0x00,0x00,0x04,0xff,0xd0,0x00,0x00,0x00,0x9f,0xf7,0x00,0x00,0x00,0x00,0x00,0x3f,0xfc,
  0x00,0x00,0x00,0x09,0xff,0x70,0x00,0x00,0x00,0x00,0x01,0xff,0xf1,0x00,0x00,0x00,0xdf,0xf5,0x00,0x00,0x00,0x00,0x00,0x0b,0xff,0x60,0x00,0x00,0x6f,0xfe,0x10,0x00,
  0x00,0x00,0x00,0x00,0x4f,0xfe,0x10,0x00,0x4e,0xff,0x60,0x00,0x00,0x00,0x00,0x00,0x00,0xaf,0xfb,0x01,0x8f,0xff,0x90,0x00,0x00,0x00,0x00,0x00,0x00,0x01,0xef,0xfb,
  0xef,0xff,0x70,0x00,0x00,0x00,0x00,0x00,0x00,0x00,0x05,0xff,0xff,0xfb,0x30,0x00,0x00,0x00,0x00,0x00,0x00,0x00,0x2a,0xff,0xff,0xf8,0x00,0x00,0x00,0x00,0x20,0x00,
  0x00,0x00,0x6e,0xff,0xfb,0xff,0xe4,0x00,0x00,0x00,0x0a,0xd8,0x10,0x00,0x8f,0xff,0xb2,0x09,0xff,0xe4,0x00,0x00,0x00,0xef,0xf1,0x00,0x6f,0xff,0x80,0x00,0x0a,0xff,
  0xe4,0x00,0x00,0x5f,0xfb,0x00,0x1e,0xff,0x90,0x00,0x00,0x0a,0xff,0xe4,0x00,0x0a,0xff,0x50,0x06,0xff,0xe1,0x00,0x00,0x00,0x0b,0xff,0xf5,0x02,0xff,0xe0,0x00,0xaf,
  0xf9,0x00,0x00,0x00,0x00,0x0b,0xff,0xf7,0xaf,0xf7,0x00,0x0b,0xff,0x70,0x00,0x00,0x00,0x00,0x0a,0xff,0xff,0xfe,0x10,0x00,0xbf,0xf8,0x00,0x00,0x00,0x00,0x00,0x0a,
  0xff,0xff,0x50,0x00,0x08,0xff,0xc0,0x00,0x00,0x00,0x00,0x00,0x1e,0xff,0xfc,0x10,0x00,0x3f,0xff,0x60,0x00,0x00,0x00,0x00,0x2c,0xff,0xff,0xfd,0x30,0x00,0xaf,0xff,
  0x81,0x00,0x00,0x01,0x8e,0xff,0xd7,0xff,0xff,0x60,0x01,0xdf,0xff,0xeb,0x88,0x9c,0xff,0xff,0xc1,0x05,0xef,0xff,0xa0,0x01,0xbf,0xff,0xff,0xff,0xff,0xfe,0x70,0x00,
  0x03,0xef,0xf7,0x00,0x00,0x4a,0xff,0xff,0xff,0xb6,0x10,0x00,0x00,0x02,0xc9,0x00,0x00,0x00,0x00,0x34,0x42,0x00,0x00,0x00,0x00,0x00,0x00,0x00,0x9f,0xff,0xe9,0xff,
  0xfe,0x9f,0xff,0xe9,0xff,0xfd,0x58,0xbf,0xb0,0x0a,0xf8,0x00,0xef,0x30,0x6f,0xb0,0x1e,0xe2,0x07,0xb5,0x00,0x00,0x00,0x00,0x1c,0xfb,0x00,0x00,0x00,0x0b,0xfd,0x10,
  0x00,0x00,0x09,0xff,0x30,0x00,0x00,0x06,0xff,0x70,0x00,0x00,0x01,0xef,0xc0,0x00,0x00,0x00,0x9f,0xf3,0x00,0x00,0x00,0x2f,0xfa,0x00,0x00,0x00,0x09,0xff,0x20,0x00,
  0x00,0x01,0xff,0xb0,0x00,0x00,0x00,0x6f,0xf5,0x00,0x00,0x00,0x0b,0xff,0x10,0x00,0x00,0x01,0xff,0xc0,0x00,0x00,0x00,0x3f,0xf9,0x00,0x00,0x00,0x06,0xff,0x60,0x00,
  0x00,0x00,0x8f,0xf5,0x00,0x00,0x00,0x09,0xff,0x40,0x00,0x00,0x00,0x9f,0xf4,0x00,0x00,0x00,0x08,0xff,0x40,0x00,0x00,0x00,0x6f,0xf6,0x00,0x00,0x00,0x04,0xff,0x80,
  0x00,0x00,0x00,0x1f,0xfb,0x00,0x00,0x00,0x00,0xcf,0xe0,0x00,0x00,0x00,0x07,0xff,0x40,0x00,0x00,0x00,0x2f,0xfa,0x00,0x00,0x00,0x00,0xaf,0xf1,0x00,0x00,0x00,0x03,
  0xff,0x80,0x00,0x00,0x00,0x0a,0xff,0x20,0x00,0x00,0x00,0x2f,0xfa,0x00,0x00,0x00,0x00,0x7f,0xf5,0x00,0x00,0x00,0x00,0xbf,0xe2,0x00,0x00,0x00,0x01,0xdf,0xc0,0x00,
  0x00,0x00,0x02,0xdf,0xa0,0x00,0x00,0x00,0x01,0x44,0x10,0x3e,0xf7,0x00,0x00,0x00,0x00,0x5f,0xf6,0x00,0x00,0x00,0x00,0x8f,0xf4,0x00,0x00,0x00,0x00,0xcf,0xe1,0x00,
  0x00,0x00,0x02,0xff,0xa0,0x00,0x00,0x00,0x08,0xff,0x40,0x00,0x00,0x00,0x1e,0xfc,0x00,0x00,0x00,0x00,0x7f,0xf4,0x00,0x00,0x00,0x01,0xff,0xa0,0x00,0x00,0x00,0x0a,
  0xff,0x10,0x00,0x00,0x00,0x6f,0xf6,0x00,0x00,0x00,0x02,0xff,0xa0,0x00,0x00,0x00,0x0e,0xfd,0x00,0x00,0x00,0x00,0xbf,0xf1,0x00,0x00,0x00,0x0a,0xff,0x20,0x00,0x00,
  0x00,0x9f,0xf3,0x00,0x00,0x00,0x09,0xff,0x30,0x00,0x00,0x00,0xaf,0xf3,0x00,0x00,0x00,0x0b,0xff,0x10,0x00,0x00,0x00,0xdf,0xe0,0x00,0x00,0x00,0x1f,0xfa,0x00,0x00,
  0x00,0x05,0xff,0x70,0x00,0x00,0x00,0xaf,0xf2,0x00,0x00,0x00,0x1e,0xfb,0x00,0x00,0x00,0x06,0xff,0x50,0x00,0x00,0x00,0xdf,0xd0,0x00,0x00,0x00,0x7f,0xf5,0x00,0x00,
  0x00,0x1e,0xfb,0x00,0x00,0x00,0x0a,0xfe,0x20,0x00,0x00,0x06,0xff,0x60,0x00,0x00,0x03,0xff,0x90,0x00,0x00,0x02,0xdf,0xa0,0x00,0x00,0x00,0x24,0x40,0x00,0x00,0x00,
  0x00,0x00,0x00,0x00,0x0a,0xfa,0x00,0x00,0x00,0x00,0x00,0x00,0x01,0xff,0xf1,0x00,0x00,0x00,0x00,0x00,0x00,0x0e,0xff,0x00,0x00,0x00,0x00,0x6b,0x70,0x00,0xcf,0xc0,
  0x00,0x7b,0x60,0x0f,0xff,0x80,0x09,0xfa,0x00,0x8f,0xff,0x10,0xdf,0xff,0x70,0x7f,0x70,0x7f,0xff,0xd0,0x01,0x8e,0xff,0x64,0xf5,0x6f,0xfe,0x81,0x00,0x00,0x18,0xef,
  0x7f,0x7f,0xe8,0x10,0x00,0x00,0x00,0x01,0x8e,0xfe,0x81,0x00,0x00,0x00,0x00,0x00,0x05,0xdf,0xd6,0x00,0x00,0x00,0x00,0x00,0x5d,0xf8,0xf8,0xfd,0x60,0x00,0x00,0x06,
  0xdf,0xf8,0x4f,0x48,0xff,0xd6,0x00,0x0b,0xff,0xf9,0x06,0xf7,0x09,0xff,0xfb,0x01,0xff,0xfa,0x00,0x9f,0x90,0x0a,0xff,0xf1,0x08,0xfa,0x00,0x0b,0xfc,0x00,0x09,0xf9,
  0x00,0x00,0x00,0x00,0xef,0xe0,0x00,0x00,0x00,0x00,0x00,0x00,0x1f,0xff,0x10,0x00,0x00,0x00,0x00,0x00,0x00,0xcf,0xc0,0x00,0x00,0x00,0x00,0x00,0x00,0x00,0x00,0x34,
  0x10,0x00,0x00,0x00,0x00,0x00,0x00,0x00,0x00,0x00,0x0d,0xf6,0x00,0x00,0x00,0x00,0x00,0x00,0x00,0x00,0x00,0x00,0xdf,0x60,0x00,0x00,0x00,0x00,0x00,0x00,0x00,0x00,
  0x00,0x0d,0xf6,0x00,0x00,0x00,0x00,0x00,0x00,0x00,0x00,0x00,0x00,0xdf,0x60,0x00,0x00,0x00,0x00,0x00,0x00,0x00,0x00,0x00,0x0d,0xf6,0x00,0x00,0x00,0x00,0x00,0x00,
  0x00,0x00,0x00,0x00,0xdf,0x60,0x00,0x00,0x00,0x00,0x00,0x00,0x00,0x00,0x00,0x0d,0xf6,0x00,0x00,0x00,0x00,0x00,0x00,0x00,0x00,0x00,0x00,0xdf,0x60,0x00,0x00,0x00,
  0x00,0x00,0x00,0x00,0x00,0x00,0x0d,0xf6,0x00,0x00,0x00,0x00,0x00,0x00,0x00,0x00,0x00,0x00,0xdf,0x60,0x00,0x00,0x00,0x00,0x0e,0xff,0xff,0xff,0xff,0xff,0xff,0xff,
  0xff,0xff,0xff,0xf7,0xef,0xff,0xff,0xff,0xff,0xff,0xff,0xff,0xff,0xff,0xff,0x74,0x44,0x44,0x44,0x44,0x4d,0xf8,0x44,0x44,0x44,0x44,0x42,0x00,0x00,0x00,0x00,0x00,
  0xdf,0x60,0x00,0x00,0x00,0x00,0x00,0x00,0x00,0x00,0x00,0x0d,0xf6,0x00,0x00,0x00,0x00,0x00,0x00,0x00,0x00,0x00,0x00,0xdf,0x60,0x00,0x00,0x00,0x00,0x00,0x00,0x00,
  0x00,0x00,0x0d,0xf6,0x00,0x00,0x00,0x00,0x00,0x00,0x00,0x00,0x00,0x00,0xdf,0x60,0x00,0x00,0x00,0x00,0x00,0x00,0x00,0x00,0x00,0x0d,0xf6,0x00,0x00,0x00,0x00,0x00,
  0x00,0x00,0x00,0x00,0x00,0xdf,0x60,0x00,0x00,0x00,0x00,0x00,0x00,0x00,0x00,0x00,0x0d,0xf6,0x00,0x00,0x00,0x00,0x00,0x00,0x00,0x00,0x00,0x00,0xdf,0x60,0x00,0x00,
  0x00,0x00,0x00,0x00,0x00,0x00,0x00,0x03,0x41,0x00,0x00,0x00,0x00,0x00,0x58,0x88,0x81,0x9f,0xff,0xf2,0x9f,0xff,0xf2,0x9f,0xff,0xf2,0x9f,0xff,0xf1,0x24,0x9f,0xd0,
  0x00,0xbf,0x90,0x02,0xff,0x30,0x0b,0xf9,0x00,0x8f,0xb0,0x00,0x24,0x44,0x44,0x44,0x44,0x43,0x8f,0xff,0xff,0xff,0xff,0xfd,0x8f,0xff,0xff,0xff,0xff,0xfd,0x24,0x44,
  0x44,0x44,0x44,0x43,0x9f,0xff,0xf2,0x9f,0xff,0xf2,0x9f,0xff,0xf2,0x9f,0xff,0xf2,0x7b,0xbb,0xb2,0x00,0x00,0x00,0x00,0x00,0x00,0x18,0x10,0x00,0x00,0x00,0x00,0x00,
  0x06,0xf7,0x00,0x00,0x00,0x00,0x00,0x00,0xcf,0x10,0x00,0x00,0x00,0x00,0x00,0x3f,0xa0,0x00,0x00,0x00,0x00,0x00,0x09,0xf3,0x00,0x00,0x00,0x00,0x00,0x01,0xfc,0x00,
  0x00,0x00,0x00,0x00,0x00,0x7f,0x60,0x00,0x00,0x00,0x00,0x00,0x0d,0xe1,0x00,0x00,0x00,0x00,0x00,0x04,0xf9,0x00,0x00,0x00,0x00,0x00,0x00,0xaf,0x20,0x00,0x00,0x00,
  0x00,0x00,0x2f,0xb0,0x00,0x00,0x00,0x00,0x00,0x08,0xf5,0x00,0x00,0x00,0x00,0x00,0x00,0xee,0x00,0x00,0x00,0x00,0x00,0x00,0x5f,0x80,0x00,0x00,0x00,0x00,0x00,0x0b,
  0xf2,0x00,0x00,0x00,0x00,0x00,0x03,0xfa,0x00,0x00,0x00,0x00,0x00,0x00,0x9f,0x40,0x00,0x00,0x00,0x00,0x00,0x1e,0xd0,0x00,0x00,0x00,0x00,0x00,0x06,0xf7,0x00,0x00,
  0x00,0x00,0x00,0x00,0xce,0x10,0x00,0x00,0x00,0x00,0x00,0x4f,0x90,0x00,0x00,0x00,0x00,0x00,0x0a,0xf3,0x00,0x00,0x00,0x00,0x00,0x01,0xfc,0x00,0x00,0x00,0x00,0x00,
  0x00,0x7f,0x60,0x00,0x00,0x00,0x00,0x00,0x0d,0xe0,0x00,0x00,0x00,0x00,0x00,0x05,0xf8,0x00,0x00,0x00,0x00,0x00,0x00,0xbf,0x20,0x00,0x00,0x00,0x00,0x00,0x2f,0xb0,
  0x00,0x00,0x00,0x00,0x00,0x08,0xf5,0x00,0x00,0x00,0x00,0x00,0x00,0xed,0x00,0x00,0x00,0x00,0x00,0x00,0x6f,0x70,0x00,0x00,0x00,0x00,0x00,0x03,0xa1,0x00,0x00,0x00,
  0x00,0x00,0x00,0x00,0x00,0x00,0x00,0x02,0x44,0x10,0x00,0x00,0x00,0x00,0x00,0x00,0x00,0x29,0xef,0xff,0xfd,0x81,0x00,0x00,0x00,0x00,0x00,0x07,0xff,0xff,0xff,0xff,
  0xfe,0x50,0x00,0x00,0x00,0x00,0x9f,0xff,0xe9,0x88,0xaf,0xff,0xf6,0x00,0x00,0x00,0x06,0xff,0xfa,0x10,0x00,0x02,0xcf,0xff,0x40,0x00,0x00,0x2e,0xff,0xb0,0x00,0x00,
  0x00,0x1c,0xff,0xd0,0x00,0x00,0x9f,0xfe,0x10,0x00,0x00,0x00,0x03,0xff,0xf7,0x00,0x01,0xef,0xf8,0x00,0x00,0x00,0x00,0x00,0xaf,0xfd,0x00,0x05,0xff,0xf2,0x00,0x00,
  0x00,0x00,0x00,0x4f,0xff,0x30,0x09,0xff,0xc0,0x00,0x00,0x00,0x00,0x00,0x0e,0xff,0x70,0x0c,0xff,0x90,0x00,0x00,0x00,0x00,0x00,0x0b,0xff,0xa0,0x0f,0xff,0x60,0x00,
  0x00,0x00,0x00,0x00,0x09,0xff,0xc0,0x1f,0xff,0x50,0x00,0x00,0x00,0x00,0x00,0x07,0xff,0xe0,0x2f,0xff,0x40,0x00,0x00,0x00,0x00,0x00,0x06,0xff,0xf0,0x3f,0xff,0x30,
  0x00,0x00,0x00,0x00,0x00,0x05,0xff,0xf1,0x3f,0xff,0x30,0x00,0x00,0x00,0x00,0x00,0x05,0xff,0xf1,0x3f,0xff,0x30,0x00,0x00,0x00,0x00,0x00,0x06,0xff,0xf0,0x2f,0xff,
  0x40,0x00,0x00,0x00,0x00,0x00,0x07,0xff,0xe0,0x0f,0xff,0x60,0x00,0x00,0x00,0x00,0x00,0x08,0xff,0xd0,0x0d,0xff,0x80,0x00,0x00,0x00,0x00,0x00,0x0b,0xff,0xb0,0x0a,
  0xff,0xc0,0x00,0x00,0x00,0x00,0x00,0x0e,0xff,0x80,0x06,0xff,0xf1,0x00,0x00,0x00,0x00,0x00,0x3f,0xff,0x40,0x01,0xff,0xf7,0x00,0x00,0x00,0x00,0x00,0x9f,0xfe,0x00,
  0x00,0xaf,0xfd,0x10,0x00,0x00,0x00,0x02,0xff,0xf8,0x00,0x00,0x3f,0xff,0x90,0x00,0x00,0x00,0x0b,0xff,0xe1,0x00,0x00,0x08,0xff,0xf8,0x00,0x00,0x01,0xaf,0xff,0x60,
  0x00,0x00,0x00,0xbf,0xff,0xd7,0x44,0x8d,0xff,0xfa,0x00,0x00,0x00,0x00,0x1b,0xff,0xff,0xff,0xff,0xff,0x90,0x00,0x00,0x00,0x00,0x00,0x5d,0xff,0xff,0xff,0xc4,0x00,
  0x00,0x00,0x00,0x00,0x00,0x00,0x25,0x88,0x52,0x00,0x00,0x00,0x00,0x00,0x00,0x00,0x00,0x34,0x20,0x00,0x00,0x04,0xcf,0xf7,0x00,0x02,0x7d,0xff,0xff,0x74,0x8d,0xff,
  0xff,0xff,0xf7,0xbf,0xff,0xfe,0x9b,0xff,0x77,0xfd,0x95,0x00,0x9f,0xf7,0x11,0x00,0x00,0x09,0xff,0x70,0x00,0x00,0x00,0x9f,0xf7,0x00,0x00,0x00,0x09,0xff,0x70,0x00,
  0x00,0x00,0x9f,0xf7,0x00,0x00,0x00,0x09,0xff,0x70,0x00,0x00,0x00,0x9f,0xf7,0x00,0x00,0x00,0x09,0xff,0x70,0x00,0x00,0x00,0x9f,0xf7,0x00,0x00,0x00,0x09,0xff,0x70,
  0x00,0x00,0x00,0x9f,0xf7,0x00,0x00,0x00,0x09,0xff,0x70,0x00,0x00,0x00,0x9f,0xf7,0x00,0x00,0x00,0x09,0xff,0x70,0x00,0x00,0x00,0x9f,0xf7,0x00,0x00,0x00,0x09,0xff,
  0x70,0x00,0x00,0x00,0x9f,0xf7,0x00,0x00,0x00,0x09,0xff,0x70,0x00,0x00,0x00,0x9f,0xf7,0x00,0x00,0x00,0x09,0xff,0x70,0x00,0x00,0x00,0x9f,0xf7,0x00,0x00,0x00,0x09,
  0xff,0x70,0x00,0x00,0x00,0x9f,0xf7,0x00,0x00,0x00,0x07,0xbb,0x50,0x00,0x00,0x00,0x00,0x24,0x42,0x00,0x00,0x00,0x00,0x00,0x00,0x16,0xcf,0xff,0xff,0xfa,0x50,0x00,
  0x00,0x00,0x07,0xef,0xff,0xff,0xff,0xff,0xfc,0x30,0x00,0x01,0xbf,0xff,0xfc,0x98,0x89,0xdf,0xff,0xe4,0x00,0x1c,0xff,0xfb,0x30,0x00,0x00,0x06,0xef,0xfe,0x20,0x2d,
  0xff,0x60,0x00,0x00,0x00,0x00,0x3f,0xff,0x90,0x02,0xc4,0x00,0x00,0x00,0x00,0x00,0x09,0xff,0xe0,0x00,0x00,0x00,0x00,0x00,0x00,0x00,0x05,0xff,0xf1,0x00,0x00,0x00,
  0x00,0x00,0x00,0x00,0x05,0xff,0xf2,0x00,0x00,0x00,0x00,0x00,0x00,0x00,0x07,0xff,0xf0,0x00,0x00,0x00,0x00,0x00,0x00,0x00,0x0d,0xff,0xb0,0x00,0x00,0x00,0x00,0x00,
  0x00,0x00,0x9f,0xff,0x40,0x00,0x00,0x00,0x00,0x00,0x00,0x08,0xff,0xf9,0x00,0x00,0x00,0x00,0x00,0x00,0x01,0xbf,0xff,0xa0,0x00,0x00,0x00,0x00,0x00,0x00,0x4e,0xff,
  0xf8,0x00,0x00,0x00,0x00,0x00,0x00,0x19,0xff,0xfe,0x40,0x00,0x00,0x00,0x00,0x00,0x03,0xdf,0xff,0xa1,0x00,0x00,0x00,0x00,0x00,0x00,0x6f,0xff,0xe6,0x00,0x00,0x00,
  0x00,0x00,0x00,0x08,0xff,0xfc,0x20,0x00,0x00,0x00,0x00,0x00,0x00,0x9f,0xff,0x80,0x00,0x00,0x00,0x00,0x00,0x00,0x08,0xff,0xf6,0x00,0x00,0x00,0x00,0x00,0x00,0x00,
  0x5f,0xff,0x50,0x00,0x00,0x00,0x00,0x00,0x00,0x01,0xef,0xf6,0x00,0x00,0x00,0x00,0x00,0x00,0x00,0x09,0xff,0xa0,0x00,0x00,0x00,0x00,0x00,0x00,0x00,0x2f,0xff,0x20,
  0x00,0x00,0x00,0x00,0x00,0x00,0x00,0x8f,0xfa,0x00,0x00,0x00,0x00,0x00,0x00,0x00,0x00,0xaf,0xff,0xff,0xff,0xff,0xff,0xff,0xff,0xff,0xf7,0xaf,0xff,0xff,0xff,0xff,
  0xff,0xff,0xff,0xff,0xf7,0x8b,0xbb,0xbb,0xbb,0xbb,0xbb,0xbb,0xbb,0xbb,0xb5,0x00,0x00,0x00,0x00,0x04,0x42,0x00,0x00,0x00,0x00,0x00,0x00,0x00,0x5a,0xef,0xff,0xff,
  0xc7,0x10,0x00,0x00,0x00,0x06,0xdf,0xff,0xff,0xff,0xff,0xff,0x70,0x00,0x00,0x1b,0xff,0xff,0xc8,0x88,0x8b,0xff,0xff,0xa0,0x00,0x08,0xff,0xfa,0x20,0x00,0x00,0x02,
  0xbf,0xff,0x70,0x00,0x0b,0xe4,0x00,0x00,0x00,0x00,0x00,0xcf,0xfe,0x00,0x00,0x12,0x00,0x00,0x00,0x00,0x00,0x04,0xff,0xf4,0x00,0x00,0x00,0x00,0x00,0x00,0x00,0x00,
  0x1f,0xff,0x50,0x00,0x00,0x00,0x00,0x00,0x00,0x00,0x01,0xff,0xf4,0x00,0x00,0x00,0x00,0x00,0x00,0x00,0x00,0x4f,0xff,0x20,0x00,0x00,0x00,0x00,0x00,0x00,0x00,0x0c,
  0xff,0xb0,0x00,0x00,0x00,0x00,0x00,0x00,0x00,0x1a,0xff,0xe2,0x00,0x00,0x00,0x00,0x00,0x00,0x14,0x9e,0xff,0xe3,0x00,0x00,0x00,0x00,0x0b,0xff,0xff,0xff,0xfd,0x81,
  0x00,0x00,0x00,0x00,0x00,0xbf,0xff,0xff,0xe9,0x51,0x00,0x00,0x00,0x00,0x00,0x08,0xbb,0xbb,0xdf,0xff,0xfa,0x20,0x00,0x00,0x00,0x00,0x00,0x00,0x00,0x26,0xdf,0xfe,
  0x40,0x00,0x00,0x00,0x00,0x00,0x00,0x00,0x01,0xaf,0xff,0x30,0x00,0x00,0x00,0x00,0x00,0x00,0x00,0x00,0xcf,0xfb,0x00,0x00,0x00,0x00,0x00,0x00,0x00,0x00,0x06,0xff,
  0xf1,0x00,0x00,0x00,0x00,0x00,0x00,0x00,0x00,0x2f,0xff,0x40,0x00,0x00,0x00,0x00,0x00,0x00,0x00,0x01,0xff,0xf5,0x00,0x00,0x00,0x00,0x00,0x00,0x00,0x00,0x3f,0xff,
  0x40,0x14,0x00,0x00,0x00,0x00,0x00,0x00,0x07,0xff,0xf1,0x0b,0xf7,0x00,0x00,0x00,0x00,0x00,0x02,0xef,0xfb,0x07,0xff,0xfc,0x50,0x00,0x00,0x00,0x05,0xef,0xff,0x30,
  0x09,0xff,0xff,0xea,0x84,0x47,0x8d,0xff,0xff,0x60,0x00,0x05,0xdf,0xff,0xff,0xff,0xff,0xff,0xfe,0x50,0x00,0x00,0x00,0x6a,0xff,0xff,0xff,0xff,0xc7,0x10,0x00,0x00,
  0x00,0x00,0x00,0x34,0x67,0x44,0x10,0x00,0x00,0x00,0x00,0x00,0x00,0x00,0x00,0x00,0x09,0xbb,0xb3,0x00,0x00,0x00,0x00,0x00,0x00,0x00,0x00,0x06,0xff,0xff,0x40,0x00,
  0x00,0x00,0x00,0x00,0x00,0x00,0x03,0xff,0xef,0xf4,0x00,0x00,0x00,0x00,0x00,0x00,0x00,0x00,0xcf,0xe9,0xff,0x40,0x00,0x00,0x00,0x00,0x00,0x00,0x00,0x9f,0xf7,0x9f,
  0xf4,0x00,0x00,0x00,0x00,0x00,0x00,0x00,0x4f,0xfd,0x1a,0xff,0x40,0x00,0x00,0x00,0x00,0x00,0x00,0x1e,0xff,0x50,0xaf,0xf4,0x00,0x00,0x00,0x00,0x00,0x00,0x0b,0xff,
  0x90,0x0a,0xff,0x40,0x00,0x00,0x00,0x00,0x00,0x07,0xff,0xd1,0x00,0xaf,0xf4,0x00,0x00,0x00,0x00,0x00,0x03,0xff,0xf3,0x00,0x0a,0xff,0x40,0x00,0x00,0x00,0x00,0x01,
  0xdf,0xf7,0x00,0x00,0xaf,0xf4,0x00,0x00,0x00,0x00,0x00,0x9f,0xfb,0x00,0x00,0x0a,0xff,0x40,0x00,0x00,0x00,0x00,0x5f,0xfe,0x20,0x00,0x00,0xaf,0xf4,0x00,0x00,0x00,
  0x00,0x2e,0xff,0x50,0x00,0x00,0x0a,0xff,0x40,0x00,0x00,0x00,0x0b,0xff,0xa0,0x00,0x00,0x00,0xaf,0xf4,0x00,0x00,0x00,0x07,0xff,0xd1,0x00,0x00,0x00,0x0a,0xff,0x40,
  0x00,0x00,0x03,0xff,0xf3,0x00,0x00,0x00,0x00,0xaf,0xf4,0x00,0x00,0x01,0xdf,0xf8,0x00,0x00,0x00,0x00,0x0a,0xff,0x40,0x00,0x00,0x9f,0xff,0x88,0x88,0x88,0x88,0x88,
  0xdf,0xfa,0x88,0x88,0x4b,0xff,0xff,0xff,0xff,0xff,0xff,0xff,0xff,0xff,0xff,0xf8,0xbf,0xff,0xff,0xff,0xff,0xff,0xff,0xff,0xff,0xff,0xff,0x83,0x44,0x44,0x44,0x44,
  0x44,0x44,0x4c,0xff,0x74,0x44,0x42,0x00,0x00,0x00,0x00,0x00,0x00,0x00,0xaf,0xf4,0x00,0x00,0x00,0x00,0x00,0x00,0x00,0x00,0x00,0x0a,0xff,0x40,0x00,0x00,0x00,0x00,
  0x00,0x00,0x00,0x00,0x00,0xaf,0xf4,0x00,0x00,0x00,0x00,0x00,0x00,0x00,0x00,0x00,0x0a,0xff,0x40,0x00,0x00,0x00,0x00,0x00,0x00,0x00,0x00,0x00,0xaf,0xf4,0x00,0x00,
  0x00,0x00,0x00,0x00,0x00,0x00,0x00,0x08,0xbb,0x30,0x00,0x00,0x00,0x5b,0xbb,0xbb,0xbb,0xbb,0xbb,0xbb,0xbb,0x10,0x00,0x8f,0xff,0xff,0xff,0xff,0xff,0xff,0xff,0x10,
  0x00,0xaf,0xff,0xff,0xff,0xff,0xff,0xff,0xff,0x10,0x00,0xbf,0xf3,0x00,0x00,0x00,0x00,0x00,0x00,0x00,0x00,0xdf,0xf1,0x00,0x00,0x00,0x00,0x00,0x00,0x00,0x00,0xff,
  0xf0,0x00,0x00,0x00,0x00,0x00,0x00,0x00,0x01,0xff,0xd0,0x00,0x00,0x00,0x00,0x00,0x00,0x00,0x03,0xff,0xb0,0x00,0x00,0x00,0x00,0x00,0x00,0x00,0x04,0xff,0xa0,0x00,
  0x00,0x00,0x00,0x00,0x00,0x00,0x06,0xff,0x80,0x00,0x00,0x00,0x00,0x00,0x00,0x00,0x08,0xff,0x60,0x02,0x68,0x88,0x73,0x00,0x00,0x00,0x09,0xff,0x54,0xcf,0xff,0xff,
  0xff,0xd5,0x00,0x00,0x0b,0xff,0xbf,0xff,0xff,0xff,0xff,0xff,0xa0,0x00,0x0c,0xff,0xff,0xa5,0x10,0x01,0x6d,0xff,0xfa,0x00,0x0e,0xff,0xd3,0x00,0x00,0x00,0x00,0xaf,
  0xff,0x60,0x07,0x8b,0x20,0x00,0x00,0x00,0x00,0x0c,0xff,0xd0,0x00,0x00,0x00,0x00,0x00,0x00,0x00,0x03,0xff,0xf4,0x00,0x00,0x00,0x00,0x00,0x00,0x00,0x00,0xef,0xf7,
  0x00,0x00,0x00,0x00,0x00,0x00,0x00,0x00,0xbf,0xf8,0x00,0x00,0x00,0x00,0x00,0x00,0x00,0x00,0xbf,0xf9,0x00,0x00,0x00,0x00,0x00,0x00,0x00,0x00,0xdf,0xf7,0x00,0x00,
  0x00,0x00,0x00,0x00,0x00,0x02,0xff,0xf5,0x00,0x00,0x00,0x00,0x00,0x00,0x00,0x09,0xff,0xe1,0x04,0xb1,0x00,0x00,0x00,0x00,0x00,0x5f,0xff,0x80,0x2e,0xfe,0x82,0x00,
  0x00,0x00,0x07,0xff,0xfd,0x10,0x3d,0xff,0xff,0xc8,0x84,0x79,0xdf,0xff,0xe3,0x00,0x01,0x9f,0xff,0xff,0xff,0xff,0xff,0xfc,0x20,0x00,0x00,0x02,0x8d,0xff,0xff,0xff,
  0xfc,0x60,0x00,0x00,0x00,0x00,0x00,0x14,0x44,0x44,0x10,0x00,0x00,0x00,0x00,0x00,0x00,0x00,0x00,0x00,0x39,0x60,0x00,0x00,0x00,0x00,0x00,0x00,0x00,0x5c,0xff,0xe1,
  0x00,0x00,0x00,0x00,0x00,0x00,0x3c,0xff,0xff,0xe4,0x00,0x00,0x00,0x00,0x00,0x08,0xff,0xff,0xc5,0x00,0x00,0x00,0x00,0x00,0x01,0xbf,0xff,0xd5,0x00,0x00,0x00,0x00,
  0x00,0x00,0x1c,0xff,0xf8,0x10,0x00,0x00,0x00,0x00,0x00,0x00,0xbf,0xfe,0x50,0x00,0x00,0x00,0x00,0x00,0x00,0x08,0xff,0xf4,0x00,0x00,0x00,0x00,0x00,0x00,0x00,0x3f,
  0xff,0x60,0x00,0x00,0x00,0x00,0x00,0x00,0x00,0xcf,0xfa,0x00,0x00,0x00,0x00,0x00,0x00,0x00,0x04,0xff,0xe1,0x00,0x00,0x00,0x00,0x00,0x00,0x00,0x0b,0xff,0x70,0x02,
  0x7a,0xbb,0x95,0x00,0x00,0x00,0x2f,0xff,0x11,0xaf,0xff,0xff,0xff,0xe6,0x00,0x00,0x6f,0xfb,0x3e,0xff,0xfc,0xbe,0xff,0xff,0xa1,0x00,0x9f,0xf9,0xdf,0xe6,0x10,0x00,
  0x2a,0xff,0xfb,0x00,0xcf,0xfe,0xfc,0x20,0x00,0x00,0x00,0x5f,0xff,0x70,0xdf,0xff,0xe2,0x00,0x00,0x00,0x00,0x08,0xff,0xe0,0xdf,0xff,0x60,0x00,0x00,0x00,0x00,0x01,
  0xef,0xf4,0xcf,0xff,0x10,0x00,0x00,0x00,0x00,0x00,0xbf,0xf8,0xbf,0xfd,0x00,0x00,0x00,0x00,0x00,0x00,0x9f,0xf9,0x9f,0xfd,0x00,0x00,0x00,0x00,0x00,0x00,0x9f,0xf9,
  0x6f,0xff,0x10,0x00,0x00,0x00,0x00,0x00,0xbf,0xf7,0x1f,0xff,0x50,0x00,0x00,0x00,0x00,0x00,0xef,0xf4,0x0a,0xff,0xd0,0x00,0x00,0x00,0x00,0x06,0xff,0xe1,0x02,0xff,
  0xf9,0x00,0x00,0x00,0x00,0x2e,0xff,0x80,0x00,0x7f,0xff,0x91,0x00,0x00,0x03,0xdf,0xfd,0x10,0x00,0x09,0xff,0xfe,0x85,0x46,0xaf,0xff,0xe3,0x00,0x00,0x00,0x8f,0xff,
  0xff,0xff,0xff,0xfe,0x30,0x00,0x00,0x00,0x03,0xaf,0xff,0xff,0xfe,0x81,0x00,0x00,0x00,0x00,0x00,0x00,0x45,0x84,0x30,0x00,0x00,0x00,0x5b,0xbb,0xbb,0xbb,0xbb,0xbb,
  0xbb,0xbb,0xbb,0xbb,0x46,0xff,0xff,0xff,0xff,0xff,0xff,0xff,0xff,0xff,0xf5,0x6f,0xff,0xff,0xff,0xff,0xff,0xff,0xff,0xff,0xff,0x56,0xff,0xa4,0x44,0x44,0x44,0x44,
  0x44,0x47,0xff,0xe1,0x6f,0xf8,0x00,0x00,0x00,0x00,0x00,0x00,0xcf,0xf6,0x06,0xff,0x80,0x00,0x00,0x00,0x00,0x00,0x4f,0xfd,0x00,0x6f,0xf8,0x00,0x00,0x00,0x00,0x00,
  0x0b,0xff,0x60,0x06,0xff,0x80,0x00,0x00,0x00,0x00,0x03,0xff,0xe0,0x00,0x6f,0xf8,0x00,0x00,0x00,0x00,0x00,0xaf,0xf7,0x00,0x02,0x44,0x20,0x00,0x00,0x00,0x00,0x2f,
  0xfe,0x10,0x00,0x00,0x00,0x00,0x00,0x00,0x00,0x08,0xff,0x90,0x00,0x00,0x00,0x00,0x00,0x00,0x00,0x00,0xef,0xf2,0x00,0x00,0x00,0x00,0x00,0x00,0x00,0x00,0x5f,0xfb,
  0x00,0x00,0x00,0x00,0x00,0x00,0x00,0x00,0x0c,0xff,0x50,0x00,0x00,0x00,0x00,0x00,0x00,0x00,0x03,0xff,0xe1,0x00,0x00,0x00,0x00,0x00,0x00,0x00,0x00,0x8f,0xf9,0x00,
  0x00,0x00,0x00,0x00,0x00,0x00,0x00,0x0e,0xff,0x40,0x00,0x00,0x00,0x00,0x00,0x00,0x00,0x05,0xff,0xd0,0x00,0x00,0x00,0x00,0x00,0x00,0x00,0x00,0xaf,0xf8,0x00,0x00,
  0x00,0x00,0x00,0x00,0x00,0x00,0x1e,0xff,0x40,0x00,0x00,0x00,0x00,0x00,0x00,0x00,0x05,0xff,0xe0,0x00,0x00,0x00,0x00,0x00,0x00,0x00,0x00,0x9f,0xfa,0x00,0x00,0x00,
  0x00,0x00,0x00,0x00,0x00,0x0e,0xff,0x50,0x00,0x00,0x00,0x00,0x00,0x00,0x00,0x03,0xff,0xf1,0x00,0x00,0x00,0x00,0x00,0x00,0x00,0x00,0x7f,0xfc,0x00,0x00,0x00,0x00,
  0x00,0x00,0x00,0x00,0x0a,0xff,0x90,0x00,0x00,0x00,0x00,0x00,0x00,0x00,0x00,0xef,0xf5,0x00,0x00,0x00,0x00,0x00,0x00,0x00,0x00,0x1b,0xbb,0x20,0x00,0x00,0x00,0x00,
  0x00,0x00,0x00,0x00,0x03,0x44,0x20,0x00,0x00,0x00,0x00,0x00,0x00,0x17,0xcf,0xff,0xff,0xea,0x50,0x00,0x00,0x00,0x00,0x6e,0xff,0xff,0xff,0xff,0xff,0xc3,0x00,0x00,
  0x00,0x9f,0xff,0xd6,0x41,0x34,0x9e,0xff,0xe4,0x00,0x00,0x6f,0xff,0x80,0x00,0x00,0x00,0x2c,0xff,0xe1,0x00,0x0e,0xff,0x90,0x00,0x00,0x00,0x00,0x1d,0xff,0x80,0x04,
  0xff,0xf1,0x00,0x00,0x00,0x00,0x00,0x7f,0xfc,0x00,0x6f,0xfd,0x00,0x00,0x00,0x00,0x00,0x03,0xff,0xe0,0x07,0xff,0xd0,0x00,0x00,0x00,0x00,0x00,0x3f,0xfe,0x00,0x5f,
  0xff,0x10,0x00,0x00,0x00,0x00,0x06,0xff,0xb0,0x01,0xef,0xf8,0x00,0x00,0x00,0x00,0x01,0xdf,0xf6,0x00,0x07,0xff,0xf7,0x00,0x00,0x00,0x02,0xcf,0xfb,0x00,0x00,0x0a,
  0xff,0xfc,0x40,0x00,0x17,0xef,0xfb,0x10,0x00,0x00,0x07,0xef,0xff,0xd8,0xae,0xff,0xe7,0x00,0x00,0x00,0x00,0x01,0x8e,0xff,0xff,0xfe,0x80,0x00,0x00,0x00,0x00,0x00,
  0x6d,0xff,0xfe,0xff,0xff,0xc5,0x00,0x00,0x00,0x03,0xdf,0xfe,0x92,0x02,0x7d,0xff,0xfb,0x10,0x00,0x05,0xff,0xfa,0x10,0x00,0x00,0x06,0xef,0xfd,0x10,0x03,0xff,0xf8,
  0x00,0x00,0x00,0x00,0x02,0xdf,0xfb,0x00,0xbf,0xfb,0x00,0x00,0x00,0x00,0x00,0x03,0xff,0xf5,0x1f,0xff,0x40,0x00,0x00,0x00,0x00,0x00,0x0b,0xff,0xa3,0xff,0xf1,0x00,
  0x00,0x00,0x00,0x00,0x00,0x8f,0xfc,0x3f,0xff,0x20,0x00,0x00,0x00,0x00,0x00,0x09,0xff,0xc1,0xff,0xf5,0x00,0x00,0x00,0x00,0x00,0x00,0xdf,0xfa,0x0c,0xff,0xd1,0x00,
  0x00,0x00,0x00,0x00,0x7f,0xff,0x50,0x5f,0xff,0xc2,0x00,0x00,0x00,0x00,0x8f,0xff,0xc0,0x00,0x9f,0xff,0xfa,0x64,0x44,0x48,0xdf,0xff,0xd2,0x00,0x00,0x7e,0xff,0xff,
  0xff,0xff,0xff,0xff,0xb2,0x00,0x00,0x00,0x28,0xdf,0xff,0xff,0xff,0xfa,0x40,0x00,0x00,0x00,0x00,0x00,0x24,0x68,0x84,0x40,0x00,0x00,0x00,0x00,0x00,0x00,0x00,0x04,
  0x44,0x00,0x00,0x00,0x00,0x00,0x00,0x00,0x06,0xcf,0xff,0xff,0xc6,0x00,0x00,0x00,0x00,0x00,0x3c,0xff,0xff,0xff,0xff,0xfd,0x30,0x00,0x00,0x00,0x3e,0xff,0xfb,0x88,
  0x8b,0xff,0xfe,0x30,0x00,0x00,0x2e,0xff,0xd3,0x00,0x00,0x03,0xdf,0xfe,0x10,0x00,0x0b,0xff,0xd1,0x00,0x00,0x00,0x01,0xdf,0xfa,0x00,0x03,0xff,0xf3,0x00,0x00,0x00,
  0x00,0x04,0xff,0xf2,0x00,0x9f,0xfb,0x00,0x00,0x00,0x00,0x00,0x0c,0xff,0x80,0x0d,0xff,0x60,0x00,0x00,0x00,0x00,0x00,0x7f,0xfc,0x00,0xff,0xf4,0x00,0x00,0x00,0x00,
  0x00,0x05,0xff,0xf1,0x1f,0xff,0x30,0x00,0x00,0x00,0x00,0x00,0x4f,0xff,0x30,0xff,0xf4,0x00,0x00,0x00,0x00,0x00,0x06,0xff,0xf5,0x0d,0xff,0x70,0x00,0x00,0x00,0x00,
  0x00,0x9f,0xff,0x60,0xaf,0xfc,0x00,0x00,0x00,0x00,0x00,0x2f,0xff,0xf6,0x04,0xff,0xf5,0x00,0x00,0x00,0x00,0x0b,0xff,0xff,0x50,0x0c,0xff,0xe4,0x00,0x00,0x00,0x1b,
  0xfe,0xcf,0xf5,0x00,0x2e,0xff,0xfa,0x40,0x02,0x7e,0xff,0x4d,0xff,0x30,0x00,0x2d,0xff,0xff,0xff,0xff,0xff,0x61,0xff,0xf1,0x00,0x00,0x18,0xef,0xff,0xff,0xfb,0x30,
  0x4f,0xfd,0x00,0x00,0x00,0x01,0x58,0x88,0x72,0x00,0x09,0xff,0x90,0x00,0x00,0x00,0x00,0x00,0x00,0x00,0x01,0xef,0xf5,0x00,0x00,0x00,0x00,0x00,0x00,0x00,0x00,0x7f,
  0xfe,0x00,0x00,0x00,0x00,0x00,0x00,0x00,0x00,0x3f,0xff,0x70,0x00,0x00,0x00,0x00,0x00,0x00,0x00,0x2d,0xff,0xc0,0x00,0x00,0x00,0x00,0x00,0x00,0x00,0x4e,0xff,0xe2,
  0x00,0x00,0x00,0x00,0x00,0x00,0x03,0xaf,0xff,0xe4,0x00,0x00,0x00,0x00,0x00,0x14,0x8d,0xff,0xff,0xc2,0x00,0x00,0x00,0x00,0x0b,0xff,0xff,0xff,0xfe,0x70,0x00,0x00,
  0x00,0x00,0x00,0x6f,0xff,0xff,0xa5,0x00,0x00,0x00,0x00,0x00,0x00,0x00,0xaa,0x74,0x00,0x00,0x00,0x00,0x00,0x00,0x78,0x88,0x4e,0xff,0xf7,0xef,0xff,0x7e,0xff,0xf7,
  0xef,0xff,0x70,0x00,0x00,0x00,0x00,0x00,0x00,0x00,0x00,0x00,0x00,0x00,0x00,0x00,0x00,0x00,0x00,0x00,0x00,0x00,0x00,0x00,0x00,0x00,0x00,0x07,0x88,0x84,0xef,0xff,
  0x7e,0xff,0xf7,0xef,0xff,0x7b,0xbb,0xb5,0x44,0x44,0x2e,0xff,0xf7,0xef,0xff,0x7e,0xff,0xf7,0xef,0xff,0x74,0x44,0x42,0x00,0x00,0x00,0x00,0x00,0x00,0x00,0x00,0x00,
  0x00,0x00,0x00,0x00,0x00,0x00,0x00,0x00,0x00,0x00,0x00,0xbb,0xbb,0x5e,0xff,0xf7,0xef,0xff,0x7e,0xff,0xf7,0xbb,0xef,0x60,0x0d,0xf3,0x02,0xfe,0x00,0x7f,0x80,0x1e,
  0xe1,0x08,0xf5,0x00,0x00,0x00,0x00,0x00,0x00,0x00,0x00,0x00,0x00,0x00,0x01,0x87,0x00,0x00,0x00,0x00,0x00,0x00,0x00,0x00,0x00,0x01,0x8e,0xf8,0x00,0x00,0x00,0x00,
  0x00,0x00,0x00,0x00,0x02,0x9f,0xff,0xd4,0x00,0x00,0x00,0x00,0x00,0x00,0x00,0x02,0x9f,0xff,0xc5,0x00,0x00,0x00,0x00,0x00,0x00,0x00,0x03,0xaf,0xff,0xb4,0x00,0x00,
  0x00,0x00,0x00,0x00,0x00,0x03,0xaf,0xff,0xa3,0x00,0x00,0x00,0x00,0x00,0x00,0x00,0x04,0xbf,0xff,0xa3,0x00,0x00,0x00,0x00,0x00,0x00,0x00,0x04,0xbf,0xff,0x92,0x00,
  0x00,0x00,0x00,0x00,0x00,0x00,0x05,0xcf,0xfe,0x82,0x00,0x00,0x00,0x00,0x00,0x00,0x00,0x05,0xcf,0xfe,0x81,0x00,0x00,0x00,0x00,0x00,0x00,0x00,0x06,0xdf,0xfe,0x71,
  0x00,0x00,0x00,0x00,0x00,0x00,0x00,0x00,0x18,0xef,0xfc,0x40,0x00,0x00,0x00,0x00,0x00,0x00,0x00,0x00,0x00,0x18,0xef,0xfc,0x50,0x00,0x00,0x00,0x00,0x00,0x00,0x00,
  0x00,0x00,0x17,0xef,0xfd,0x60,0x00,0x00,0x00,0x00,0x00,0x00,0x00,0x00,0x00,0x16,0xdf,0xfd,0x71,0x00,0x00,0x00,0x00,0x00,0x00,0x00,0x00,0x00,0x06,0xdf,0xfe,0x71,
  0x00,0x00,0x00,0x00,0x00,0x00,0x00,0x00,0x00,0x06,0xdf,0xfe,0x81,0x00,0x00,0x00,0x00,0x00,0x00,0x00,0x00,0x00,0x05,0xcf,0xff,0x92,0x00,0x00,0x00,0x00,0x00,0x00,
  0x00,0x00,0x00,0x04,0xcf,0xff,0xa2,0x00,0x00,0x00,0x00,0x00,0x00,0x00,0x00,0x00,0x04,0xbf,0xff,0xa3,0x00,0x00,0x00,0x00,0x00,0x00,0x00,0x00,0x00,0x03,0xbf,0xf8,
  0x00,0x00,0x00,0x00,0x00,0x00,0x00,0x00,0x00,0x00,0x03,0xa8,0xef,0xff,0xff,0xff,0xff,0xff,0xff,0xff,0xff,0xff,0xff,0x8e,0xff,0xff,0xff,0xff,0xff,0xff,0xff,0xff,
  0xff,0xff,0xf8,0x44,0x44,0x44,0x44,0x44,0x44,0x44,0x44,0x44,0x44,0x44,0x20,0x00,0x00,0x00,0x00,0x00,0x00,0x00,0x00,0x00,0x00,0x00,0x00,0x00,0x00,0x00,0x00,0x00,
  0x00,0x00,0x00,0x00,0x00,0x00,0x00,0x00,0x00,0x00,0x00,0x00,0x00,0x00,0x00,0x00,0x00,0x00,0x00,0x00,0x00,0x00,0x00,0x00,0x00,0x00,0x00,0x00,0x00,0x00,0x00,0x00,
  0x00,0x00,0x00,0x00,0x00,0x00,0x00,0x00,0xef,0xff,0xff,0xff,0xff,0xff,0xff,0xff,0xff,0xff,0xff,0x8e,0xff,0xff,0xff,0xff,0xff,0xff,0xff,0xff,0xff,0xff,0xf8,0x44,
  0x44,0x44,0x44,0x44,0x44,0x44,0x44,0x44,0x44,0x44,0x20,0xb5,0x00,0x00,0x00,0x00,0x00,0x00,0x00,0x00,0x00,0x00,0x0e,0xfc,0x50,0x00,0x00,0x00,0x00,0x00,0x00,0x00,
  0x00,0x00,0x9f,0xff,0xd6,0x00,0x00,0x00,0x00,0x00,0x00,0x00,0x00,0x00,0x18,0xef,0xfd,0x60,0x00,0x00,0x00,0x00,0x00,0x00,0x00,0x00,0x01,0x7e,0xff,0xe7,0x10,0x00,
  0x00,0x00,0x00,0x00,0x00,0x00,0x00,0x16,0xdf,0xfe,0x71,0x00,0x00,0x00,0x00,0x00,0x00,0x00,0x00,0x00,0x6d,0xff,0xe8,0x10,0x00,0x00,0x00,0x00,0x00,0x00,0x00,0x00,
  0x05,0xcf,0xfe,0x81,0x00,0x00,0x00,0x00,0x00,0x00,0x00,0x00,0x00,0x4b,0xff,0xf9,0x20,0x00,0x00,0x00,0x00,0x00,0x00,0x00,0x00,0x04,0xbf,0xff,0x92,0x00,0x00,0x00,
  0x00,0x00,0x00,0x00,0x00,0x00,0x3a,0xff,0xfa,0x20,0x00,0x00,0x00,0x00,0x00,0x00,0x00,0x01,0x7e,0xff,0xc5,0x00,0x00,0x00,0x00,0x00,0x00,0x00,0x18,0xef,0xfc,0x40,
  0x00,0x00,0x00,0x00,0x00,0x00,0x02,0x9f,0xff,0xb4,0x00,0x00,0x00,0x00,0x00,0x00,0x00,0x3a,0xff,0xfb,0x30,0x00,0x00,0x00,0x00,0x00,0x00,0x03,0xaf,0xff,0xa3,0x00,
  0x00,0x00,0x00,0x00,0x00,0x00,0x4b,0xff,0xf9,0x20,0x00,0x00,0x00,0x00,0x00,0x00,0x05,0xcf,0xff,0x92,0x00,0x00,0x00,0x00,0x00,0x00,0x00,0x6d,0xff,0xe8,0x20,0x00,
  0x00,0x00,0x00,0x00,0x00,0x06,0xdf,0xfe,0x81,0x00,0x00,0x00,0x00,0x00,0x00,0x00,0x00,0xef,0xe7,0x10,0x00,0x00,0x00,0x00,0x00,0x00,0x00,0x00,0x0d,0x71,0x00,0x00,
  0x00,0x00,0x00,0x00,0x00,0x00,0x00,0x00,0x00,0x00,0x00,0x00,0x03,0x44,0x10,0x00,0x00,0x00,0x00,0x00,0x00,0x49,0xdf,0xff,0xff,0xfb,0x72,0x00,0x00,0x00,0x05,0xdf,
  0xff,0xff,0xff,0xff,0xff,0xf8,0x10,0x00,0x1a,0xff,0xff,0xc8,0x85,0x78,0xae,0xff,0xfc,0x10,0x1b,0xff,0xfa,0x20,0x00,0x00,0x00,0x18,0xff,0xfb,0x07,0xff,0xe5,0x00,
  0x00,0x00,0x00,0x00,0x07,0xff,0xf5,0x09,0xe4,0x00,0x00,0x00,0x00,0x00,0x00,0x0e,0xff,0x90,0x02,0x00,0x00,0x00,0x00,0x00,0x00,0x00,0xdf,0xfb,0x00,0x00,0x00,0x00,
  0x00,0x00,0x00,0x00,0x0e,0xff,0x90,0x00,0x00,0x00,0x00,0x00,0x00,0x00,0x05,0xff,0xf4,0x00,0x00,0x00,0x00,0x00,0x00,0x00,0x03,0xef,0xfb,0x00,0x00,0x00,0x00,0x00,
  0x00,0x00,0x07,0xff,0xfd,0x10,0x00,0x00,0x00,0x00,0x00,0x00,0x2c,0xff,0xfa,0x10,0x00,0x00,0x00,0x00,0x00,0x00,0x4e,0xff,0xd4,0x00,0x00,0x00,0x00,0x00,0x00,0x00,
  0x3e,0xff,0x91,0x00,0x00,0x00,0x00,0x00,0x00,0x00,0x0c,0xff,0x70,0x00,0x00,0x00,0x00,0x00,0x00,0x00,0x04,0xff,0xa0,0x00,0x00,0x00,0x00,0x00,0x00,0x00,0x00,0x9f,
  0xf3,0x00,0x00,0x00,0x00,0x00,0x00,0x00,0x00,0x0c,0xfe,0x00,0x00,0x00,0x00,0x00,0x00,0x00,0x00,0x00,0xef,0xc0,0x00,0x00,0x00,0x00,0x00,0x00,0x00,0x00,0x0e,0xfb,
  0x00,0x00,0x00,0x00,0x00,0x00,0x00,0x00,0x00,0xbb,0x80,0x00,0x00,0x00,0x00,0x00,0x00,0x00,0x00,0x00,0x00,0x00,0x00,0x00,0x00,0x00,0x00,0x00,0x00,0x00,0x00,0x00,
  0x00,0x00,0x00,0x00,0x00,0x00,0x00,0x00,0x68,0x88,0x40,0x00,0x00,0x00,0x00,0x00,0x00,0x00,0x0c,0xff,0xf7,0x00,0x00,0x00,0x00,0x00,0x00,0x00,0x00,0xcf,0xff,0x70,
  0x00,0x00,0x00,0x00,0x00,0x00,0x00,0x0c,0xff,0xf7,0x00,0x00,0x00,0x00,0x00,0x00,0x00,0x00,0x9b,0xbb,0x50,0x00,0x00,0x00,0x00,0x00,0x00,0x00,0x00,0x00,0x00,0x24,
  0x44,0x41,0x00,0x00,0x00,0x00,0x00,0x00,0x00,0x00,0x00,0x00,0x4a,0xef,0xff,0xff,0xfd,0x93,0x00,0x00,0x00,0x00,0x00,0x00,0x00,0x04,0xdf,0xff,0xfe,0xbc,0xff,0xff,
  0xfb,0x30,0x00,0x00,0x00,0x00,0x00,0x1a,0xff,0xe9,0x40,0x00,0x00,0x15,0xaf,0xff,0x70,0x00,0x00,0x00,0x00,0x2d,0xff,0x81,0x00,0x00,0x00,0x00,0x00,0x2b,0xff,0xa0,
  0x00,0x00,0x00,0x1d,0xfe,0x30,0x00,0x00,0x00,0x00,0x00,0x00,0x08,0xff,0x90,0x00,0x00,0x0c,0xfd,0x20,0x00,0x00,0x00,0x00,0x00,0x00,0x00,0x07,0xff,0x50,0x00,0x07,
  0xfe,0x20,0x00,0x00,0x39,0xcf,0xc9,0x20,0x32,0x00,0x0a,0xfe,0x10,0x02,0xff,0x60,0x00,0x00,0x9f,0xff,0xff,0xfe,0x2a,0xf8,0x00,0x1e,0xf7,0x00,0x8f,0xd0,0x00,0x00,
  0xbf,0xfc,0x64,0x5c,0xfc,0xff,0x40,0x00,0x8f,0xc0,0x0e,0xf6,0x00,0x00,0x8f,0xf9,0x00,0x00,0x0c,0xff,0xe0,0x00,0x03,0xff,0x23,0xff,0x10,0x00,0x3f,0xfa,0x00,0x00,
  0x00,0x6f,0xfa,0x00,0x00,0x0e,0xf5,0x6f,0xc0,0x00,0x0a,0xff,0x10,0x00,0x00,0x03,0xff,0x70,0x00,0x00,0xcf,0x79,0xfa,0x00,0x00,0xef,0xa0,0x00,0x00,0x00,0x3f,0xf4,
  0x00,0x00,0x0b,0xf7,0xaf,0x90,0x00,0x3f,0xf6,0x00,0x00,0x00,0x04,0xff,0x10,0x00,0x00,0xbf,0x7a,0xf9,0x00,0x05,0xff,0x40,0x00,0x00,0x00,0x7f,0xe0,0x00,0x00,0x0d,
  0xf6,0x9f,0xa0,0x00,0x5f,0xf3,0x00,0x00,0x00,0x0c,0xfd,0x00,0x00,0x01,0xff,0x37,0xfc,0x00,0x05,0xff,0x40,0x00,0x00,0x03,0xff,0xd0,0x00,0x00,0x6f,0xe0,0x5f,0xe0,
  0x00,0x2f,0xf7,0x00,0x00,0x00,0xcf,0xfe,0x00,0x00,0x0d,0xf8,0x01,0xff,0x40,0x00,0xdf,0xe1,0x00,0x00,0xaf,0xee,0xf3,0x00,0x0a,0xfe,0x10,0x0b,0xfa,0x00,0x05,0xff,
  0xd5,0x45,0xcf,0xf5,0xaf,0xd7,0x7c,0xff,0x50,0x00,0x5f,0xf3,0x00,0x08,0xff,0xff,0xff,0xf6,0x02,0xef,0xff,0xfe,0x50,0x00,0x00,0xcf,0xc1,0x00,0x05,0xbf,0xfe,0x92,
  0x00,0x02,0x9b,0xb7,0x10,0x20,0x00,0x03,0xff,0xa0,0x00,0x00,0x00,0x00,0x00,0x00,0x00,0x00,0x00,0xae,0x20,0x00,0x06,0xff,0xb1,0x00,0x00,0x00,0x00,0x00,0x00,0x00,
  0x02,0xcf,0xf8,0x00,0x00,0x07,0xff,0xd4,0x00,0x00,0x00,0x00,0x00,0x00,0x18,0xff,0xf8,0x00,0x00,0x00,0x05,0xef,0xfc,0x62,0x00,0x00,0x00,0x25,0xaf,0xff,0xd4,0x00,
  0x00,0x00,0x00,0x02,0xaf,0xff,0xfe,0xbb,0xbb,0xff,0xff,0xfd,0x70,0x00,0x00,0x00,0x00,0x00,0x00,0x29,0xdf,0xff,0xff,0xff,0xfd,0x95,0x00,0x00,0x00,0x00,0x00,0x00,
  0x00,0x00,0x00,0x14,0x47,0x64,0x41,0x00,0x00,0x00,0x00,0x00,0x00,0x00,0x00,0x00,0x00,0x0a,0xbb,0x80,0x00,0x00,0x00,0x00,0x00,0x00,0x00,0x00,0x00,0x00,0x3f,0xff,
  0xf1,0x00,0x00,0x00,0x00,0x00,0x00,0x00,0x00,0x00,0x00,0x9f,0xff,0xf7,0x00,0x00,0x00,0x00,0x00,0x00,0x00,0x00,0x00,0x01,0xef,0xde,0xfd,0x00,0x00,0x00,0x00,0x00,
  0x00,0x00,0x00,0x00,0x06,0xff,0x8a,0xff,0x30,0x00,0x00,0x00,0x00,0x00,0x00,0x00,0x00,0x0c,0xff,0x36,0xff,0x90,0x00,0x00,0x00,0x00,0x00,0x00,0x00,0x00,0x3f,0xfd,
  0x01,0xff,0xe1,0x00,0x00,0x00,0x00,0x00,0x00,0x00,0x00,0x8f,0xf8,0x00,0xaf,0xf6,0x00,0x00,0x00,0x00,0x00,0x00,0x00,0x00,0xef,0xf2,0x00,0x5f,0xfc,0x00,0x00,0x00,
  0x00,0x00,0x00,0x00,0x05,0xff,0xc0,0x00,0x0e,0xff,0x30,0x00,0x00,0x00,0x00,0x00,0x00,0x0b,0xff,0x60,0x00,0x08,0xff,0x90,0x00,0x00,0x00,0x00,0x00,0x00,0x2f,0xfe,
  0x10,0x00,0x02,0xff,0xe1,0x00,0x00,0x00,0x00,0x00,0x00,0x8f,0xfa,0x00,0x00,0x00,0xcf,0xf6,0x00,0x00,0x00,0x00,0x00,0x00,0xef,0xf4,0x00,0x00,0x00,0x6f,0xfc,0x00,
  0x00,0x00,0x00,0x00,0x05,0xff,0xd0,0x00,0x00,0x00,0x1e,0xff,0x30,0x00,0x00,0x00,0x00,0x0b,0xff,0x80,0x00,0x00,0x00,0x0a,0xff,0x90,0x00,0x00,0x00,0x00,0x2f,0xff,
  0x20,0x00,0x00,0x00,0x04,0xff,0xe0,0x00,0x00,0x00,0x00,0x8f,0xff,0xff,0xff,0xff,0xff,0xff,0xff,0xf5,0x00,0x00,0x00,0x00,0xdf,0xff,0xff,0xff,0xff,0xff,0xff,0xff,
  0xfb,0x00,0x00,0x00,0x04,0xff,0xfb,0xbb,0xbb,0xbb,0xbb,0xbb,0xcf,0xff,0x20,0x00,0x00,0x0a,0xff,0xa0,0x00,0x00,0x00,0x00,0x00,0x0c,0xff,0x80,0x00,0x00,0x1f,0xff,
  0x40,0x00,0x00,0x00,0x00,0x00,0x07,0xff,0xe0,0x00,0x00,0x7f,0xfe,0x00,0x00,0x00,0x00,0x00,0x00,0x01,0xff,0xf5,0x00,0x00,0xdf,0xf8,0x00,0x00,0x00,0x00,0x00,0x00,
  0x00,0xaf,0xfb,0x00,0x04,0xff,0xf2,0x00,0x00,0x00,0x00,0x00,0x00,0x00,0x5f,0xff,0x20,0x0a,0xff,0xc0,0x00,0x00,0x00,0x00,0x00,0x00,0x00,0x0e,0xff,0x80,0x1f,0xff,
  0x60,0x00,0x00,0x00,0x00,0x00,0x00,0x00,0x08,0xff,0xd0,0x4b,0xbb,0x10,0x00,0x00,0x00,0x00,0x00,0x00,0x00,0x02,0xbb,0xb3,0x3b,0xbb,0xbb,0xbb,0xbb,0xb8,0x85,0x10,
  0x00,0x00,0x04,0xff,0xff,0xff,0xff,0xff,0xff,0xff,0xa3,0x00,0x00,0x4f,0xfe,0xbb,0xbb,0xbd,0xff,0xff,0xff,0xf7,0x00,0x04,0xff,0xc0,0x00,0x00,0x00,0x04,0x9f,0xff,
  0xf6,0x00,0x4f,0xfc,0x00,0x00,0x00,0x00,0x00,0x2d,0xff,0xe1,0x04,0xff,0xc0,0x00,0x00,0x00,0x00,0x00,0x4f,0xff,0x60,0x4f,0xfc,0x00,0x00,0x00,0x00,0x00,0x00,0xef,
  0xf8,0x04,0xff,0xc0,0x00,0x00,0x00,0x00,0x00,0x0c,0xff,0x90,0x4f,0xfc,0x00,0x00,0x00,0x00,0x00,0x00,0xdf,0xf7,0x04,0xff,0xc0,0x00,0x00,0x00,0x00,0x00,0x3f,0xff,
  0x30,0x4f,0xfc,0x00,0x00,0x00,0x00,0x00,0x2d,0xff,0xb0,0x04,0xff,0xc0,0x00,0x00,0x00,0x04,0x9f,0xff,0xc1,0x00,0x4f,0xfe,0xbb,0xbb,0xbb,0xcf,0xff,0xfe,0x81,0x00,
  0x04,0xff,0xff,0xff,0xff,0xff,0xff,0xf9,0x10,0x00,0x00,0x4f,0xfe,0xbb,0xbb,0xbb,0xbf,0xff,0xff,0xa3,0x00,0x04,0xff,0xc0,0x00,0x00,0x00,0x02,0x7d,0xff,0xf8,0x00,
  0x4f,0xfc,0x00,0x00,0x00,0x00,0x00,0x07,0xff,0xf9,0x04,0xff,0xc0,0x00,0x00,0x00,0x00,0x00,0x06,0xff,0xf3,0x4f,0xfc,0x00,0x00,0x00,0x00,0x00,0x00,0x0d,0xff,0x94,
  0xff,0xc0,0x00,0x00,0x00,0x00,0x00,0x00,0x9f,0xfc,0x4f,0xfc,0x00,0x00,0x00,0x00,0x00,0x00,0x09,0xff,0xd4,0xff,0xc0,0x00,0x00,0x00,0x00,0x00,0x00,0xcf,0xfb,0x4f,
  0xfc,0x00,0x00,0x00,0x00,0x00,0x00,0x4f,0xff,0x84,0xff,0xc0,0x00,0x00,0x00,0x00,0x00,0x2d,0xff,0xf2,0x4f,0xfc,0x00,0x00,0x00,0x00,0x02,0x8e,0xff,0xf8,0x04,0xff,
  0xeb,0xbb,0xbb,0xbb,0xbf,0xff,0xff,0xf8,0x00,0x4f,0xff,0xff,0xff,0xff,0xff,0xff,0xff,0xb4,0x00,0x03,0xbb,0xbb,0xbb,0xbb,0xbb,0xbb,0x96,0x20,0x00,0x00,0x00,0x00,
  0x00,0x00,0x00,0x02,0x44,0x30,0x00,0x00,0x00,0x00,0x00,0x00,0x00,0x01,0x6b,0xff,0xff,0xff,0xd9,0x30,0x00,0x00,0x00,0x00,0x00,0x6e,0xff,0xff,0xff,0xff,0xff,0xfc,
  0x30,0x00,0x00,0x00,0x1b,0xff,0xff,0xeb,0x88,0x9b,0xff,0xff,0xf7,0x00,0x00,0x01,0xdf,0xff,0xc4,0x00,0x00,0x00,0x16,0xdf,0xff,0x90,0x00,0x0c,0xff,0xf7,0x00,0x00,
  0x00,0x00,0x00,0x19,0xfe,0x20,0x00,0x8f,0xff,0x70,0x00,0x00,0x00,0x00,0x00,0x00,0x74,0x00,0x02,0xff,0xfa,0x00,0x00,0x00,0x00,0x00,0x00,0x00,0x00,0x00,0x0a,0xff,
  0xe1,0x00,0x00,0x00,0x00,0x00,0x00,0x00,0x00,0x00,0x1f,0xff,0x80,0x00,0x00,0x00,0x00,0x00,0x00,0x00,0x00,0x00,0x6f,0xff,0x20,0x00,0x00,0x00,0x00,0x00,0x00,0x00,
  0x00,0x00,0x9f,0xfd,0x00,0x00,0x00,0x00,0x00,0x00,0x00,0x00,0x00,0x00,0xcf,0xfa,0x00,0x00,0x00,0x00,0x00,0x00,0x00,0x00,0x00,0x00,0xef,0xf8,0x00,0x00,0x00,0x00,
  0x00,0x00,0x00,0x00,0x00,0x00,0xff,0xf6,0x00,0x00,0x00,0x00,0x00,0x00,0x00,0x00,0x00,0x00,0xff,0xf6,0x00,0x00,0x00,0x00,0x00,0x00,0x00,0x00,0x00,0x00,0xef,0xf7,
  0x00,0x00,0x00,0x00,0x00,0x00,0x00,0x00,0x00,0x00,0xdf,0xf9,0x00,0x00,0x00,0x00,0x00,0x00,0x00,0x00,0x00,0x00,0xbf,0xfc,0x00,0x00,0x00,0x00,0x00,0x00,0x00,0x00,
  0x00,0x00,0x7f,0xff,0x10,0x00,0x00,0x00,0x00,0x00,0x00,0x00,0x00,0x00,0x3f,0xff,0x60,0x00,0x00,0x00,0x00,0x00,0x00,0x00,0x00,0x00,0x0d,0xff,0xd1,0x00,0x00,0x00,
  0x00,0x00,0x00,0x00,0x00,0x00,0x06,0xff,0xf8,0x00,0x00,0x00,0x00,0x00,0x00,0x00,0x00,0x00,0x00,0xcf,0xff,0x60,0x00,0x00,0x00,0x00,0x00,0x00,0x09,0x10,0x00,0x2e,
  0xff,0xf7,0x00,0x00,0x00,0x00,0x00,0x02,0xcf,0xa0,0x00,0x04,0xef,0xff,0xc4,0x00,0x00,0x00,0x02,0x9f,0xff,0xf4,0x00,0x00,0x3e,0xff,0xff,0xd9,0x88,0x89,0xdf,0xff,
  0xff,0x70,0x00,0x00,0x01,0xaf,0xff,0xff,0xff,0xff,0xff,0xff,0xb2,0x00,0x00,0x00,0x00,0x02,0x9e,0xff,0xff,0xff,0xfd,0x92,0x00,0x00,0x00,0x00,0x00,0x00,0x00,0x24,
  0x58,0x44,0x10,0x00,0x00,0x00,0x7b,0xbb,0xbb,0xbb,0xbb,0x98,0x63,0x00,0x00,0x00,0x00,0x00,0xaf,0xff,0xff,0xff,0xff,0xff,0xff,0xe9,0x20,0x00,0x00,0x00,0xaf,0xff,
  0xff,0xff,0xff,0xff,0xff,0xff,0xf9,0x10,0x00,0x00,0xaf,0xf7,0x00,0x00,0x00,0x24,0x7c,0xff,0xff,0xd3,0x00,0x00,0xaf,0xf7,0x00,0x00,0x00,0x00,0x00,0x2a,0xff,0xfe,
  0x30,0x00,0xaf,0xf7,0x00,0x00,0x00,0x00,0x00,0x00,0x5e,0xff,0xd1,0x00,0xaf,0xf7,0x00,0x00,0x00,0x00,0x00,0x00,0x03,0xff,0xfa,0x00,0xaf,0xf7,0x00,0x00,0x00,0x00,
  0x00,0x00,0x00,0x7f,0xff,0x30,0xaf,0xf7,0x00,0x00,0x00,0x00,0x00,0x00,0x00,0x0d,0xff,0x90,0xaf,0xf7,0x00,0x00,0x00,0x00,0x00,0x00,0x00,0x07,0xff,0xe0,0xaf,0xf7,
  0x00,0x00,0x00,0x00,0x00,0x00,0x00,0x03,0xff,0xf3,0xaf,0xf7,0x00,0x00,0x00,0x00,0x00,0x00,0x00,0x00,0xff,0xf6,0xaf,0xf7,0x00,0x00,0x00,0x00,0x00,0x00,0x00,0x00,
  0xdf,0xf8,0xaf,0xf7,0x00,0x00,0x00,0x00,0x00,0x00,0x00,0x00,0xcf,0xf9,0xaf,0xf7,0x00,0x00,0x00,0x00,0x00,0x00,0x00,0x00,0xcf,0xf9,0xaf,0xf7,0x00,0x00,0x00,0x00,
  0x00,0x00,0x00,0x00,0xdf,0xf8,0xaf,0xf7,0x00,0x00,0x00,0x00,0x00,0x00,0x00,0x00,0xff,0xf6,0xaf,0xf7,0x00,0x00,0x00,0x00,0x00,0x00,0x00,0x03,0xff,0xf4,0xaf,0xf7,
  0x00,0x00,0x00,0x00,0x00,0x00,0x00,0x08,0xff,0xe1,0xaf,0xf7,0x00,0x00,0x00,0x00,0x00,0x00,0x00,0x0d,0xff,0xa0,0xaf,0xf7,0x00,0x00,0x00,0x00,0x00,0x00,0x00,0x7f,
  0xff,0x40,0xaf,0xf7,0x00,0x00,0x00,0x00,0x00,0x00,0x04,0xff,0xfb,0x00,0xaf,0xf7,0x00,0x00,0x00,0x00,0x00,0x00,0x4e,0xff,0xe2,0x00,0xaf,0xf7,0x00,0x00,0x00,0x00,
  0x00,0x29,0xff,0xff,0x50,0x00,0xaf,0xf7,0x00,0x00,0x00,0x03,0x6a,0xff,0xff,0xe5,0x00,0x00,0xaf,0xff,0xff,0xff,0xff,0xff,0xff,0xff,0xfb,0x20,0x00,0x00,0xaf,0xff,
  0xff,0xff,0xff,0xff,0xff,0xfa,0x40,0x00,0x00,0x00,0x7b,0xbb,0xbb,0xbb,0xbb,0xba,0x84,0x10,0x00,0x00,0x00,0x00,0x6b,0xbb,0xbb,0xbb,0xbb,0xbb,0xbb,0xbb,0xbb,0x48,
  0xff,0xff,0xff,0xff,0xff,0xff,0xff,0xff,0xf5,0x8f,0xff,0xff,0xff,0xff,0xff,0xff,0xff,0xff,0x58,0xff,0x80,0x00,0x00,0x00,0x00,0x00,0x00,0x00,0x8f,0xf8,0x00,0x00,
  0x00,0x00,0x00,0x00,0x00,0x08,0xff,0x80,0x00,0x00,0x00,0x00,0x00,0x00,0x00,0x8f,0xf8,0x00,0x00,0x00,0x00,0x00,0x00,0x00,0x08,0xff,0x80,0x00,0x00,0x00,0x00,0x00,
  0x00,0x00,0x8f,0xf8,0x00,0x00,0x00,0x00,0x00,0x00,0x00,0x08,0xff,0x80,0x00,0x00,0x00,0x00,0x00,0x00,0x00,0x8f,0xf8,0x00,0x00,0x00,0x00,0x00,0x00,0x00,0x08,0xff,
  0x80,0x00,0x00,0x00,0x00,0x00,0x00,0x00,0x8f,0xfd,0xbb,0xbb,0xbb,0xbb,0xbb,0xbb,0x90,0x08,0xff,0xff,0xff,0xff,0xff,0xff,0xff,0xfb,0x00,0x8f,0xff,0xff,0xff,0xff,
  0xff,0xff,0xff,0xb0,0x08,0xff,0x80,0x00,0x00,0x00,0x00,0x00,0x00,0x00,0x8f,0xf8,0x00,0x00,0x00,0x00,0x00,0x00,0x00,0x08,0xff,0x80,0x00,0x00,0x00,0x00,0x00,0x00,
  0x00,0x8f,0xf8,0x00,0x00,0x00,0x00,0x00,0x00,0x00,0x08,0xff,0x80,0x00,0x00,0x00,0x00,0x00,0x00,0x00,0x8f,0xf8,0x00,0x00,0x00,0x00,0x00,0x00,0x00,0x08,0xff,0x80,
  0x00,0x00,0x00,0x00,0x00,0x00,0x00,0x8f,0xf8,0x00,0x00,0x00,0x00,0x00,0x00,0x00,0x08,0xff,0x80,0x00,0x00,0x00,0x00,0x00,0x00,0x00,0x8f,0xf8,0x00,0x00,0x00,0x00,
  0x00,0x00,0x00,0x08,0xff,0xff,0xff,0xff,0xff,0xff,0xff,0xff,0xfc,0x8f,0xff,0xff,0xff,0xff,0xff,0xff,0xff,0xff,0xc6,0xbb,0xbb,0xbb,0xbb,0xbb,0xbb,0xbb,0xbb,0xb9,
  0x6b,0xbb,0xbb,0xbb,0xbb,0xbb,0xbb,0xbb,0xb9,0x7f,0xff,0xff,0xff,0xff,0xff,0xff,0xff,0xfc,0x7f,0xff,0xff,0xff,0xff,0xff,0xff,0xff,0xfc,0x7f,0xf9,0x00,0x00,0x00,
  0x00,0x00,0x00,0x00,0x7f,0xf9,0x00,0x00,0x00,0x00,0x00,0x00,0x00,0x7f,0xf9,0x00,0x00,0x00,0x00,0x00,0x00,0x00,0x7f,0xf9,0x00,0x00,0x00,0x00,0x00,0x00,0x00,0x7f,
  0xf9,0x00,0x00,0x00,0x00,0x00,0x00,0x00,0x7f,0xf9,0x00,0x00,0x00,0x00,0x00,0x00,0x00,0x7f,0xf9,0x00,0x00,0x00,0x00,0x00,0x00,0x00,0x7f,0xf9,0x00,0x00,0x00,0x00,
  0x00,0x00,0x00,0x7f,0xf9,0x00,0x00,0x00,0x00,0x00,0x00,0x00,0x7f,0xfe,0xbb,0xbb,0xbb,0xbb,0xbb,0xbb,0x30,0x7f,0xff,0xff,0xff,0xff,0xff,0xff,0xff,0x40,0x7f,0xff,
  0xff,0xff,0xff,0xff,0xff,0xff,0x40,0x7f,0xf9,0x00,0x00,0x00,0x00,0x00,0x00,0x00,0x7f,0xf9,0x00,0x00,0x00,0x00,0x00,0x00,0x00,0x7f,0xf9,0x00,0x00,0x00,0x00,0x00,
  0x00,0x00,0x7f,0xf9,0x00,0x00,0x00,0x00,0x00,0x00,0x00,0x7f,0xf9,0x00,0x00,0x00,0x00,0x00,0x00,0x00,0x7f,0xf9,0x00,0x00,0x00,0x00,0x00,0x00,0x00,0x7f,0xf9,0x00,
  0x00,0x00,0x00,0x00,0x00,0x00,0x7f,0xf9,0x00,0x00,0x00,0x00,0x00,0x00,0x00,0x7f,0xf9,0x00,0x00,0x00,0x00,0x00,0x00,0x00,0x7f,0xf9,0x00,0x00,0x00,0x00,0x00,0x00,
  0x00,0x7f,0xf9,0x00,0x00,0x00,0x00,0x00,0x00,0x00,0x7f,0xf9,0x00,0x00,0x00,0x00,0x00,0x00,0x00,0x6b,0xb7,0x00,0x00,0x00,0x00,0x00,0x00,0x00,0x00,0x00,0x00,0x00,
  0x00,0x00,0x34,0x44,0x10,0x00,0x00,0x00,0x00,0x00,0x00,0x00,0x02,0x7c,0xff,0xff,0xff,0xea,0x61,0x00,0x00,0x00,0x00,0x00,0x18,0xff,0xff,0xff,0xff,0xff,0xff,0xe7,
  0x00,0x00,0x00,0x00,0x2d,0xff,0xff,0xdb,0x88,0x8b,0xef,0xff,0xfc,0x20,0x00,0x00,0x3e,0xff,0xfa,0x30,0x00,0x00,0x00,0x4b,0xff,0xf7,0x00,0x00,0x1d,0xff,0xe5,0x00,
  0x00,0x00,0x00,0x00,0x05,0xeb,0x00,0x00,0x0b,0xff,0xe3,0x00,0x00,0x00,0x00,0x00,0x00,0x02,0x10,0x00,0x05,0xff,0xf6,0x00,0x00,0x00,0x00,0x00,0x00,0x00,0x00,0x00,
  0x00,0xcf,0xfb,0x00,0x00,0x00,0x00,0x00,0x00,0x00,0x00,0x00,0x00,0x3f,0xff,0x40,0x00,0x00,0x00,0x00,0x00,0x00,0x00,0x00,0x00,0x08,0xff,0xe0,0x00,0x00,0x00,0x00,
  0x00,0x00,0x00,0x00,0x00,0x00,0xbf,0xfa,0x00,0x00,0x00,0x00,0x00,0x00,0x00,0x00,0x00,0x00,0x0e,0xff,0x70,0x00,0x00,0x00,0x00,0x00,0x00,0x00,0x00,0x00,0x00,0xff,
  0xf6,0x00,0x00,0x00,0x00,0x00,0x00,0x00,0x00,0x00,0x00,0x1f,0xff,0x50,0x00,0x00,0x00,0x00,0x00,0x00,0x00,0x00,0x00,0x01,0xff,0xf5,0x00,0x00,0x00,0x00,0x08,0x88,
  0x88,0x88,0x88,0x86,0x1f,0xff,0x50,0x00,0x00,0x00,0x01,0xff,0xff,0xff,0xff,0xff,0xb0,0xff,0xf7,0x00,0x00,0x00,0x00,0x1f,0xff,0xff,0xff,0xff,0xfb,0x0c,0xff,0x90,
  0x00,0x00,0x00,0x00,0x00,0x00,0x00,0x04,0xff,0xb0,0x9f,0xfd,0x00,0x00,0x00,0x00,0x00,0x00,0x00,0x00,0x4f,0xfb,0x05,0xff,0xf3,0x00,0x00,0x00,0x00,0x00,0x00,0x00,
  0x04,0xff,0xb0,0x1e,0xff,0x90,0x00,0x00,0x00,0x00,0x00,0x00,0x00,0x4f,0xfb,0x00,0x8f,0xff,0x30,0x00,0x00,0x00,0x00,0x00,0x00,0x06,0xff,0xb0,0x01,0xef,0xfd,0x20,
  0x00,0x00,0x00,0x00,0x00,0x03,0xef,0xfb,0x00,0x04,0xff,0xfd,0x30,0x00,0x00,0x00,0x00,0x04,0xef,0xff,0xb0,0x00,0x06,0xff,0xff,0x81,0x00,0x00,0x00,0x29,0xff,0xdf,
  0xfb,0x00,0x00,0x06,0xff,0xff,0xfb,0x88,0x88,0xbf,0xff,0xd2,0xff,0xb0,0x00,0x00,0x03,0xcf,0xff,0xff,0xff,0xff,0xff,0xb1,0x0d,0xfb,0x00,0x00,0x00,0x00,0x4a,0xef,
  0xff,0xff,0xfb,0x40,0x00,0xbf,0xb0,0x00,0x00,0x00,0x00,0x00,0x34,0x44,0x41,0x00,0x00,0x00,0x00,0x8b,0xb4,0x00,0x00,0x00,0x00,0x00,0x00,0x00,0x6b,0xb7,0xaf,0xf6,
  0x00,0x00,0x00,0x00,0x00,0x00,0x00,0x8f,0xf9,0xaf,0xf6,0x00,0x00,0x00,0x00,0x00,0x00,0x00,0x8f,0xf9,0xaf,0xf6,0x00,0x00,0x00,0x00,0x00,0x00,0x00,0x8f,0xf9,0xaf,
  0xf6,0x00,0x00,0x00,0x00,0x00,0x00,0x00,0x8f,0xf9,0xaf,0xf6,0x00,0x00,0x00,0x00,0x00,0x00,0x00,0x8f,0xf9,0xaf,0xf6,0x00,0x00,0x00,0x00,0x00,0x00,0x00,0x8f,0xf9,
  0xaf,0xf6,0x00,0x00,0x00,0x00,0x00,0x00,0x00,0x8f,0xf9,0xaf,0xf6,0x00,0x00,0x00,0x00,0x00,0x00,0x00,0x8f,0xf9,0xaf,0xf6,0x00,0x00,0x00,0x00,0x00,0x00,0x00,0x8f,
  0xf9,0xaf,0xf6,0x00,0x00,0x00,0x00,0x00,0x00,0x00,0x8f,0xf9,0xaf,0xf6,0x00,0x00,0x00,0x00,0x00,0x00,0x00,0x8f,0xf9,0xaf,0xfd,0xbb,0xbb,0xbb,0xbb,0xbb,0xbb,0xbb,
  0xdf,0xf9,0xaf,0xff,0xff,0xff,0xff,0xff,0xff,0xff,0xff,0xff,0xf9,0xaf,0xff,0xff,0xff,0xff,0xff,0xff,0xff,0xff,0xff,0xf9,0xaf,0xf6,0x00,0x00,0x00,0x00,0x00,0x00,
  0x00,0x8f,0xf9,0xaf,0xf6,0x00,0x00,0x00,0x00,0x00,0x00,0x00,0x8f,0xf9,0xaf,0xf6,0x00,0x00,0x00,0x00,0x00,0x00,0x00,0x8f,0xf9,0xaf,0xf6,0x00,0x00,0x00,0x00,0x00,
  0x00,0x00,0x8f,0xf9,0xaf,0xf6,0x00,0x00,0x00,0x00,0x00,0x00,0x00,0x8f,0xf9,0xaf,0xf6,0x00,0x00,0x00,0x00,0x00,0x00,0x00,0x8f,0xf9,0xaf,0xf6,0x00,0x00,0x00,0x00,
  0x00,0x00,0x00,0x8f,0xf9,0xaf,0xf6,0x00,0x00,0x00,0x00,0x00,0x00,0x00,0x8f,0xf9,0xaf,0xf6,0x00,0x00,0x00,0x00,0x00,0x00,0x00,0x8f,0xf9,0xaf,0xf6,0x00,0x00,0x00,
  0x00,0x00,0x00,0x00,0x8f,0xf9,0xaf,0xf6,0x00,0x00,0x00,0x00,0x00,0x00,0x00,0x8f,0xf9,0xaf,0xf6,0x00,0x00,0x00,0x00,0x00,0x00,0x00,0x8f,0xf9,0x8b,0xb4,0x00,0x00,
  0x00,0x00,0x00,0x00,0x00,0x6b,0xb7,0xab,0xbb,0xbb,0xbb,0xbb,0x2d,0xff,0xff,0xff,0xff,0xf3,0xab,0xbd,0xff,0xeb,0xbb,0x20,0x00,0x6f,0xfa,0x00,0x00,0x00,0x06,0xff,
  0xa0,0x00,0x00,0x00,0x6f,0xfa,0x00,0x00,0x00,0x06,0xff,0xa0,0x00,0x00,0x00,0x6f,0xfa,0x00,0x00,0x00,0x06,0xff,0xa0,0x00,0x00,0x00,0x6f,0xfa,0x00,0x00,0x00,0x06,
  0xff,0xa0,0x00,0x00,0x00,0x6f,0xfa,0x00,0x00,0x00,0x06,0xff,0xa0,0x00,0x00,0x00,0x6f,0xfa,0x00,0x00,0x00,0x06,0xff,0xa0,0x00,0x00,0x00,0x6f,0xfa,0x00,0x00,0x00,
  0x06,0xff,0xa0,0x00,0x00,0x00,0x6f,0xfa,0x00,0x00,0x00,0x06,0xff,0xa0,0x00,0x00,0x00,0x6f,0xfa,0x00,0x00,0x00,0x06,0xff,0xa0,0x00,0x00,0x00,0x6f,0xfa,0x00,0x00,
  0x00,0x06,0xff,0xa0,0x00,0x00,0x00,0x6f,0xfa,0x00,0x00,0x00,0x06,0xff,0xa0,0x00,0x07,0x88,0xbf,0xfd,0x88,0x81,0xdf,0xff,0xff,0xff,0xff,0x3a,0xbb,0xbb,0xbb,0xbb,
  0xb2,0x00,0x00,0x00,0x00,0x00,0x0a,0xbb,0x30,0x00,0x00,0x00,0x00,0x00,0xdf,0xf4,0x00,0x00,0x00,0x00,0x00,0x0d,0xff,0x40,0x00,0x00,0x00,0x00,0x00,0xdf,0xf4,0x00,
  0x00,0x00,0x00,0x00,0x0d,0xff,0x40,0x00,0x00,0x00,0x00,0x00,0xdf,0xf4,0x00,0x00,0x00,0x00,0x00,0x0d,0xff,0x40,0x00,0x00,0x00,0x00,0x00,0xdf,0xf4,0x00,0x00,0x00,
  0x00,0x00,0x0d,0xff,0x40,0x00,0x00,0x00,0x00,0x00,0xdf,0xf4,0x00,0x00,0x00,0x00,0x00,0x0d,0xff,0x40,0x00,0x00,0x00,0x00,0x00,0xdf,0xf4,0x00,0x00,0x00,0x00,0x00,
  0x0d,0xff,0x40,0x00,0x00,0x00,0x00,0x00,0xdf,0xf4,0x00,0x00,0x00,0x00,0x00,0x0d,0xff,0x40,0x00,0x00,0x00,0x00,0x00,0xdf,0xf4,0x00,0x00,0x00,0x00,0x00,0x0d,0xff,
  0x40,0x00,0x00,0x00,0x00,0x00,0xdf,0xf4,0x00,0x00,0x00,0x00,0x00,0x0d,0xff,0x40,0x00,0x00,0x00,0x00,0x00,0xdf,0xf4,0x00,0x00,0x00,0x00,0x00,0x0d,0xff,0x40,0x10,
  0x00,0x00,0x00,0x00,0xef,0xf4,0x2d,0x60,0x00,0x00,0x00,0x2f,0xff,0x2c,0xfe,0x20,0x00,0x00,0x07,0xff,0xe0,0x7f,0xfd,0x20,0x00,0x03,0xef,0xfa,0x00,0xcf,0xff,0x98,
  0x8a,0xff,0xff,0x30,0x01,0xcf,0xff,0xff,0xff,0xff,0x50,0x00,0x01,0x8e,0xff,0xff,0xfb,0x30,0x00,0x00,0x00,0x04,0x66,0x41,0x00,0x00,0x00,0x6b,0xb7,0x00,0x00,0x00,
  0x00,0x00,0x01,0xbb,0xba,0x10,0x8f,0xf9,0x00,0x00,0x00,0x00,0x00,0x1c,0xff,0xe3,0x00,0x8f,0xf9,0x00,0x00,0x00,0x00,0x01,0xcf,0xfe,0x40,0x00,0x8f,0xf9,0x00,0x00,
  0x00,0x00,0x1c,0xff,0xe4,0x00,0x00,0x8f,0xf9,0x00,0x00,0x00,0x01,0xbf,0xff,0x40,0x00,0x00,0x8f,0xf9,0x00,0x00,0x00,0x0b,0xff,0xf4,0x00,0x00,0x00,0x8f,0xf9,0x00,
  0x00,0x00,0xaf,0xff,0x40,0x00,0x00,0x00,0x8f,0xf9,0x00,0x00,0x0a,0xff,0xf5,0x00,0x00,0x00,0x00,0x8f,0xf9,0x00,0x00,0x9f,0xff,0x50,0x00,0x00,0x00,0x00,0x8f,0xf9,
  0x00,0x09,0xff,0xf5,0x00,0x00,0x00,0x00,0x00,0x8f,0xf9,0x00,0x8f,0xff,0x50,0x00,0x00,0x00,0x00,0x00,0x8f,0xf9,0x07,0xff,0xf6,0x00,0x00,0x00,0x00,0x00,0x00,0x8f,
  0xf9,0x7f,0xff,0xfa,0x00,0x00,0x00,0x00,0x00,0x00,0x8f,0xfd,0xff,0xef,0xff,0x70,0x00,0x00,0x00,0x00,0x00,0x8f,0xff,0xfe,0x36,0xff,0xf4,0x00,0x00,0x00,0x00,0x00,
  0x8f,0xff,0xe2,0x00,0xaf,0xfe,0x20,0x00,0x00,0x00,0x00,0x8f,0xfd,0x20,0x00,0x1d,0xff,0xc1,0x00,0x00,0x00,0x00,0x8f,0xf9,0x00,0x00,0x03,0xef,0xfa,0x00,0x00,0x00,
  0x00,0x8f,0xf9,0x00,0x00,0x00,0x6f,0xff,0x70,0x00,0x00,0x00,0x8f,0xf9,0x00,0x00,0x00,0x09,0xff,0xf4,0x00,0x00,0x00,0x8f,0xf9,0x00,0x00,0x00,0x01,0xcf,0xfe,0x20,
  0x00,0x00,0x8f,0xf9,0x00,0x00,0x00,0x00,0x2e,0xff,0xc1,0x00,0x00,0x8f,0xf9,0x00,0x00,0x00,0x00,0x05,0xff,0xfa,0x00,0x00,0x8f,0xf9,0x00,0x00,0x00,0x00,0x00,0x9f,
  0xff,0x60,0x00,0x8f,0xf9,0x00,0x00,0x00,0x00,0x00,0x0c,0xff,0xf4,0x00,0x8f,0xf9,0x00,0x00,0x00,0x00,0x00,0x02,0xef,0xfe,0x20,0x8f,0xf9,0x00,0x00,0x00,0x00,0x00,
  0x00,0x5f,0xff,0xc0,0x6b,0xb7,0x00,0x00,0x00,0x00,0x00,0x00,0x07,0xbb,0xb6,0x4b,0xb9,0x00,0x00,0x00,0x00,0x00,0x00,0x00,0x6f,0xfc,0x00,0x00,0x00,0x00,0x00,0x00,
  0x00,0x6f,0xfc,0x00,0x00,0x00,0x00,0x00,0x00,0x00,0x6f,0xfc,0x00,0x00,0x00,0x00,0x00,0x00,0x00,0x6f,0xfc,0x00,0x00,0x00,0x00,0x00,0x00,0x00,0x6f,0xfc,0x00,0x00,
  0x00,0x00,0x00,0x00,0x00,0x6f,0xfc,0x00,0x00,0x00,0x00,0x00,0x00,0x00,0x6f,0xfc,0x00,0x00,0x00,0x00,0x00,0x00,0x00,0x6f,0xfc,0x00,0x00,0x00,0x00,0x00,0x00,0x00,
  0x6f,0xfc,0x00,0x00,0x00,0x00,0x00,0x00,0x00,0x6f,0xfc,0x00,0x00,0x00,0x00,0x00,0x00,0x00,0x6f,0xfc,0x00,0x00,0x00,0x00,0x00,0x00,0x00,0x6f,0xfc,0x00,0x00,0x00,
  0x00,0x00,0x00,0x00,0x6f,0xfc,0x00,0x00,0x00,0x00,0x00,0x00,0x00,0x6f,0xfc,0x00,0x00,0x00,0x00,0x00,0x00,0x00,0x6f,0xfc,0x00,0x00,0x00,0x00,0x00,0x00,0x00,0x6f,
  0xfc,0x00,0x00,0x00,0x00,0x00,0x00,0x00,0x6f,0xfc,0x00,0x00,0x00,0x00,0x00,0x00,0x00,0x6f,0xfc,0x00,0x00,0x00,0x00,0x00,0x00,0x00,0x6f,0xfc,0x00,0x00,0x00,0x00,
  0x00,0x00,0x00,0x6f,0xfc,0x00,0x00,0x00,0x00,0x00,0x00,0x00,0x6f,0xfc,0x00,0x00,0x00,0x00,0x00,0x00,0x00,0x6f,0xfc,0x00,0x00,0x00,0x00,0x00,0x00,0x00,0x6f,0xfc,
  0x00,0x00,0x00,0x00,0x00,0x00,0x00,0x6f,0xfc,0x00,0x00,0x00,0x00,0x00,0x00,0x00,0x6f,0xff,0xff,0xff,0xff,0xff,0xff,0xff,0xf1,0x6f,0xff,0xff,0xff,0xff,0xff,0xff,
  0xff,0xf1,0x4b,0xbb,0xbb,0xbb,0xbb,0xbb,0xbb,0xbb,0xb1,0xab,0xbb,0xb0,0x00,0x00,0x00,0x00,0x00,0x00,0x00,0x00,0x8b,0xbb,0xb2,0xdf,0xff,0xf6,0x00,0x00,0x00,0x00,
  0x00,0x00,0x00,0x02,0xff,0xff,0xf3,0xdf,0xfe,0xfd,0x00,0x00,0x00,0x00,0x00,0x00,0x00,0x09,0xff,0xef,0xf3,0xdf,0xf9,0xff,0x60,0x00,0x00,0x00,0x00,0x00,0x00,0x2f,
  0xfd,0xbf,0xf3,0xdf,0xf4,0xff,0xd0,0x00,0x00,0x00,0x00,0x00,0x00,0x8f,0xf7,0xcf,0xf3,0xdf,0xf2,0xbf,0xf5,0x00,0x00,0x00,0x00,0x00,0x01,0xef,0xf1,0xcf,0xf3,0xdf,
  0xf2,0x5f,0xfc,0x00,0x00,0x00,0x00,0x00,0x08,0xff,0x90,0xcf,0xf3,0xdf,0xf2,0x0d,0xff,0x50,0x00,0x00,0x00,0x00,0x1e,0xff,0x30,0xdf,0xf3,0xdf,0xf2,0x07,0xff,0xc0,
  0x00,0x00,0x00,0x00,0x7f,0xfb,0x00,0xdf,0xf3,0xdf,0xf2,0x01,0xef,0xf4,0x00,0x00,0x00,0x01,0xef,0xf4,0x00,0xdf,0xf3,0xdf,0xf3,0x00,0x8f,0xfc,0x00,0x00,0x00,0x07,
  0xff,0xc0,0x00,0xdf,0xf3,0xdf,0xf3,0x00,0x1e,0xff,0x40,0x00,0x00,0x0e,0xff,0x50,0x00,0xdf,0xf3,0xdf,0xf3,0x00,0x09,0xff,0xb0,0x00,0x00,0x6f,0xfd,0x00,0x00,0xdf,
  0xf3,0xdf,0xf3,0x00,0x02,0xff,0xf3,0x00,0x00,0xdf,0xf6,0x00,0x00,0xdf,0xf3,0xdf,0xf3,0x00,0x00,0x9f,0xfa,0x00,0x06,0xff,0xe0,0x00,0x00,0xdf,0xf3,0xdf,0xf3,0x00,
  0x00,0x2f,0xff,0x20,0x0c,0xff,0x70,0x00,0x00,0xdf,0xf3,0xdf,0xf3,0x00,0x00,0x0a,0xff,0x80,0x4f,0xfe,0x10,0x00,0x00,0xdf,0xf3,0xdf,0xf3,0x00,0x00,0x03,0xff,0xe0,
  0xaf,0xf8,0x00,0x00,0x00,0xdf,0xf3,0xdf,0xf3,0x00,0x00,0x00,0xbf,0xf6,0xef,0xe1,0x00,0x00,0x00,0xdf,0xf3,0xdf,0xf3,0x00,0x00,0x00,0x4f,0xfe,0xff,0x90,0x00,0x00,
  0x00,0xdf,0xf3,0xdf,0xf3,0x00,0x00,0x00,0x0c,0xff,0xff,0x20,0x00,0x00,0x00,0xdf,0xf3,0xdf,0xf3,0x00,0x00,0x00,0x05,0xff,0xf9,0x00,0x00,0x00,0x00,0xdf,0xf3,0xdf,
  0xf3,0x00,0x00,0x00,0x00,0xdf,0xf2,0x00,0x00,0x00,0x00,0xdf,0xf3,0xdf,0xf3,0x00,0x00,0x00,0x00,0x24,0x30,0x00,0x00,0x00,0x00,0xdf,0xf3,0xdf,0xf3,0x00,0x00,0x00,
  0x00,0x00,0x00,0x00,0x00,0x00,0x00,0xdf,0xf3,0xdf,0xf3,0x00,0x00,0x00,0x00,0x00,0x00,0x00,0x00,0x00,0x00,0xdf,0xf3,0xdf,0xf3,0x00,0x00,0x00,0x00,0x00,0x00,0x00,
  0x00,0x00,0x00,0xdf,0xf3,0xab,0xb2,0x00,0x00,0x00,0x00,0x00,0x00,0x00,0x00,0x00,0x00,0xab,0xb2,0x9b,0xbb,0x90,0x00,0x00,0x00,0x00,0x00,0x00,0x4b,0xb8,0xcf,0xff,
  0xf5,0x00,0x00,0x00,0x00,0x00,0x00,0x6f,0xfa,0xcf,0xff,0xfe,0x10,0x00,0x00,0x00,0x00,0x00,0x6f,0xfa,0xcf,0xfb,0xff,0x90,0x00,0x00,0x00,0x00,0x00,0x6f,0xfa,0xcf,
  0xf3,0xff,0xf4,0x00,0x00,0x00,0x00,0x00,0x6f,0xfa,0xcf,0xf2,0x8f,0xfd,0x10,0x00,0x00,0x00,0x00,0x6f,0xfa,0xcf,0xf3,0x1e,0xff,0x90,0x00,0x00,0x00,0x00,0x6f,0xfa,
  0xcf,0xf3,0x06,0xff,0xf3,0x00,0x00,0x00,0x00,0x6f,0xfa,0xcf,0xf4,0x00,0xbf,0xfd,0x00,0x00,0x00,0x00,0x6f,0xfa,0xcf,0xf4,0x00,0x2e,0xff,0x80,0x00,0x00,0x00,0x6f,
  0xfa,0xcf,0xf4,0x00,0x07,0xff,0xf3,0x00,0x00,0x00,0x6f,0xfa,0xcf,0xf4,0x00,0x00,0xcf,0xfc,0x00,0x00,0x00,0x6f,0xfa,0xcf,0xf4,0x00,0x00,0x3f,0xff,0x70,0x00,0x00,
  0x6f,0xfa,0xcf,0xf4,0x00,0x00,0x08,0xff,0xf2,0x00,0x00,0x6f,0xfa,0xcf,0xf4,0x00,0x00,0x00,0xcf,0xfb,0x00,0x00,0x5f,0xfa,0xcf,0xf4,0x00,0x00,0x00,0x3f,0xff,0x60,
  0x00,0x5f,0xfa,0xcf,0xf4,0x00,0x00,0x00,0x08,0xff,0xe2,0x00,0x5f,0xfa,0xcf,0xf4,0x00,0x00,0x00,0x01,0xdf,0xfa,0x00,0x4f,0xfa,0xcf,0xf4,0x00,0x00,0x00,0x00,0x4f,
  0xff,0x40,0x4f,0xfa,0xcf,0xf4,0x00,0x00,0x00,0x00,0x09,0xff,0xd0,0x3f,0xfa,0xcf,0xf4,0x00,0x00,0x00,0x00,0x01,0xef,0xf7,0x3f,0xfa,0xcf,0xf4,0x00,0x00,0x00,0x00,
  0x00,0x5f,0xfe,0x3f,0xfa,0xcf,0xf4,0x00,0x00,0x00,0x00,0x00,0x0a,0xff,0x9f,0xfa,0xcf,0xf4,0x00,0x00,0x00,0x00,0x00,0x01,0xef,0xff,0xfa,0xcf,0xf4,0x00,0x00,0x00,
  0x00,0x00,0x00,0x6f,0xff,0xfa,0xcf,0xf4,0x00,0x00,0x00,0x00,0x00,0x00,0x0b,0xff,0xfa,0xcf,0xf4,0x00,0x00,0x00,0x00,0x00,0x00,0x02,0xef,0xfa,0x9b,0xb3,0x00,0x00,
  0x00,0x00,0x00,0x00,0x00,0x6b,0xb8,0x00,0x00,0x00,0x00,0x00,0x00,0x44,0x41,0x00,0x00,0x00,0x00,0x00,0x00,0x00,0x00,0x00,0x03,0x9d,0xff,0xff,0xfe,0xa5,0x00,0x00,
  0x00,0x00,0x00,0x00,0x00,0x3b,0xff,0xff,0xff,0xff,0xff,0xfd,0x40,0x00,0x00,0x00,0x00,0x00,0x6f,0xff,0xfe,0xb8,0x88,0xae,0xff,0xff,0x90,0x00,0x00,0x00,0x00,0x7f,
  0xff,0xe7,0x10,0x00,0x00,0x05,0xdf,0xff,0xa0,0x00,0x00,0x00,0x5f,0xff,0xc2,0x00,0x00,0x00,0x00,0x01,0xaf,0xff,0x90,0x00,0x00,0x2e,0xff,0xd1,0x00,0x00,0x00,0x00,
  0x00,0x00,0xaf,0xff,0x40,0x00,0x0a,0xff,0xe2,0x00,0x00,0x00,0x00,0x00,0x00,0x01,0xdf,0xfd,0x00,0x02,0xff,0xf8,0x00,0x00,0x00,0x00,0x00,0x00,0x00,0x04,0xff,0xf5,
  0x00,0x8f,0xff,0x10,0x00,0x00,0x00,0x00,0x00,0x00,0x00,0x0c,0xff,0xb0,0x0c,0xff,0xa0,0x00,0x00,0x00,0x00,0x00,0x00,0x00,0x00,0x7f,0xff,0x11,0xff,0xf6,0x00,0x00,
  0x00,0x00,0x00,0x00,0x00,0x00,0x03,0xff,0xf4,0x3f,0xff,0x40,0x00,0x00,0x00,0x00,0x00,0x00,0x00,0x00,0x0f,0xff,0x65,0xff,0xf2,0x00,0x00,0x00,0x00,0x00,0x00,0x00,
  0x00,0x00,0xef,0xf8,0x5f,0xff,0x10,0x00,0x00,0x00,0x00,0x00,0x00,0x00,0x00,0x0d,0xff,0x95,0xff,0xf1,0x00,0x00,0x00,0x00,0x00,0x00,0x00,0x00,0x00,0xdf,0xf9,0x5f,
  0xff,0x20,0x00,0x00,0x00,0x00,0x00,0x00,0x00,0x00,0x0d,0xff,0x83,0xff,0xf3,0x00,0x00,0x00,0x00,0x00,0x00,0x00,0x00,0x00,0xff,0xf7,0x1f,0xff,0x60,0x00,0x00,0x00,
  0x00,0x00,0x00,0x00,0x00,0x3f,0xff,0x40,0xdf,0xfa,0x00,0x00,0x00,0x00,0x00,0x00,0x00,0x00,0x06,0xff,0xf1,0x08,0xff,0xe1,0x00,0x00,0x00,0x00,0x00,0x00,0x00,0x00,
  0xcf,0xfc,0x00,0x3f,0xff,0x70,0x00,0x00,0x00,0x00,0x00,0x00,0x00,0x3f,0xff,0x60,0x00,0xbf,0xfe,0x20,0x00,0x00,0x00,0x00,0x00,0x00,0x0c,0xff,0xe1,0x00,0x03,0xff,
  0xfb,0x00,0x00,0x00,0x00,0x00,0x00,0x09,0xff,0xf6,0x00,0x00,0x08,0xff,0xfb,0x10,0x00,0x00,0x00,0x00,0x08,0xff,0xfb,0x00,0x00,0x00,0x0a,0xff,0xfe,0x60,0x00,0x00,
  0x00,0x3c,0xff,0xfd,0x10,0x00,0x00,0x00,0x09,0xff,0xff,0xe9,0x88,0x88,0xdf,0xff,0xfc,0x10,0x00,0x00,0x00,0x00,0x05,0xef,0xff,0xff,0xff,0xff,0xff,0xe7,0x00,0x00,
  0x00,0x00,0x00,0x00,0x01,0x6c,0xff,0xff,0xff,0xfd,0x81,0x00,0x00,0x00,0x00,0x00,0x00,0x00,0x00,0x01,0x44,0x85,0x41,0x00,0x00,0x00,0x00,0x00,0x4b,0xbb,0xbb,0xbb,
  0xbb,0xba,0x85,0x20,0x00,0x00,0x05,0xff,0xff,0xff,0xff,0xff,0xff,0xff,0xc5,0x00,0x00,0x5f,0xff,0xff,0xff,0xff,0xff,0xff,0xff,0xfa,0x10,0x05,0xff,0xc0,0x00,0x00,
  0x00,0x14,0x9e,0xff,0xfb,0x00,0x5f,0xfc,0x00,0x00,0x00,0x00,0x00,0x1b,0xff,0xf6,0x05,0xff,0xc0,0x00,0x00,0x00,0x00,0x00,0x1d,0xff,0xd0,0x5f,0xfc,0x00,0x00,0x00,
  0x00,0x00,0x00,0x6f,0xff,0x25,0xff,0xc0,0x00,0x00,0x00,0x00,0x00,0x02,0xff,0xf5,0x5f,0xfc,0x00,0x00,0x00,0x00,0x00,0x00,0x1f,0xff,0x55,0xff,0xc0,0x00,0x00,0x00,
  0x00,0x00,0x02,0xff,0xf5,0x5f,0xfc,0x00,0x00,0x00,0x00,0x00,0x00,0x4f,0xff,0x35,0xff,0xc0,0x00,0x00,0x00,0x00,0x00,0x09,0xff,0xe0,0x5f,0xfc,0x00,0x00,0x00,0x00,
  0x00,0x04,0xff,0xf9,0x05,0xff,0xc0,0x00,0x00,0x00,0x00,0x18,0xff,0xfe,0x10,0x5f,0xfd,0x88,0x88,0x88,0x8b,0xcf,0xff,0xfe,0x30,0x05,0xff,0xff,0xff,0xff,0xff,0xff,
  0xff,0xfb,0x20,0x00,0x5f,0xff,0xff,0xff,0xff,0xff,0xeb,0x82,0x00,0x00,0x05,0xff,0xc0,0x00,0x00,0x00,0x00,0x00,0x00,0x00,0x00,0x5f,0xfc,0x00,0x00,0x00,0x00,0x00,
  0x00,0x00,0x00,0x05,0xff,0xc0,0x00,0x00,0x00,0x00,0x00,0x00,0x00,0x00,0x5f,0xfc,0x00,0x00,0x00,0x00,0x00,0x00,0x00,0x00,0x05,0xff,0xc0,0x00,0x00,0x00,0x00,0x00,
  0x00,0x00,0x00,0x5f,0xfc,0x00,0x00,0x00,0x00,0x00,0x00,0x00,0x00,0x05,0xff,0xc0,0x00,0x00,0x00,0x00,0x00,0x00,0x00,0x00,0x5f,0xfc,0x00,0x00,0x00,0x00,0x00,0x00,
  0x00,0x00,0x05,0xff,0xc0,0x00,0x00,0x00,0x00,0x00,0x00,0x00,0x00,0x5f,0xfc,0x00,0x00,0x00,0x00,0x00,0x00,0x00,0x00,0x04,0xbb,0x90,0x00,0x00,0x00,0x00,0x00,0x00,
  0x00,0x00,0x00,0x00,0x00,0x00,0x00,0x00,0x34,0x42,0x00,0x00,0x00,0x00,0x00,0x00,0x00,0x00,0x00,0x00,0x28,0xcf,0xff,0xff,0xfb,0x61,0x00,0x00,0x00,0x00,0x00,0x00,
  0x00,0x19,0xff,0xff,0xff,0xff,0xff,0xfe,0x70,0x00,0x00,0x00,0x00,0x00,0x03,0xef,0xff,0xfc,0x88,0x89,0xdf,0xff,0xfc,0x10,0x00,0x00,0x00,0x00,0x3e,0xff,0xf9,0x20,
  0x00,0x00,0x03,0xbf,0xff,0xd1,0x00,0x00,0x00,0x02,0xef,0xfe,0x40,0x00,0x00,0x00,0x00,0x06,0xff,0xfc,0x00,0x00,0x00,0x0b,0xff,0xe3,0x00,0x00,0x00,0x00,0x00,0x00,
  0x5f,0xff,0x80,0x00,0x00,0x5f,0xff,0x50,0x00,0x00,0x00,0x00,0x00,0x00,0x09,0xff,0xf2,0x00,0x00,0xcf,0xfa,0x00,0x00,0x00,0x00,0x00,0x00,0x00,0x01,0xef,0xf9,0x00,
  0x03,0xff,0xf3,0x00,0x00,0x00,0x00,0x00,0x00,0x00,0x00,0x8f,0xfe,0x00,0x08,0xff,0xd0,0x00,0x00,0x00,0x00,0x00,0x00,0x00,0x00,0x2f,0xff,0x40,0x0b,0xff,0x90,0x00,
  0x00,0x00,0x00,0x00,0x00,0x00,0x00,0x0d,0xff,0x80,0x0e,0xff,0x60,0x00,0x00,0x00,0x00,0x00,0x00,0x00,0x00,0x0b,0xff,0xa0,0x0f,0xff,0x50,0x00,0x00,0x00,0x00,0x00,
  0x00,0x00,0x00,0x09,0xff,0xc0,0x1f,0xff,0x40,0x00,0x00,0x00,0x00,0x00,0x00,0x00,0x00,0x08,0xff,0xd0,0x1f,0xff,0x40,0x00,0x00,0x00,0x00,0x00,0x00,0x00,0x00,0x08,
  0xff,0xd0,0x1f,0xff,0x50,0x00,0x00,0x00,0x00,0x00,0x00,0x00,0x00,0x09,0xff,0xc0,0x0e,0xff,0x60,0x00,0x00,0x00,0x00,0x00,0x00,0x00,0x00,0x0a,0xff,0xa0,0x0c,0xff,
  0x90,0x00,0x00,0x00,0x00,0x00,0x00,0x00,0x00,0x0d,0xff,0x80,0x09,0xff,0xd0,0x00,0x00,0x00,0x4d,0x40,0x00,0x00,0x00,0x1f,0xff,0x50,0x04,0xff,0xf3,0x00,0x00,0x02,
  0xef,0xfa,0x10,0x00,0x00,0x6f,0xfe,0x10,0x00,0xef,0xfa,0x00,0x00,0x00,0x7f,0xff,0xe5,0x00,0x00,0xdf,0xfa,0x00,0x00,0x7f,0xff,0x30,0x00,0x00,0x02,0xbf,0xff,0x91,
  0x07,0xff,0xf3,0x00,0x00,0x1d,0xff,0xd1,0x00,0x00,0x00,0x07,0xef,0xfd,0x6f,0xff,0x90,0x00,0x00,0x04,0xff,0xfc,0x20,0x00,0x00,0x00,0x2c,0xff,0xff,0xfd,0x10,0x00,
  0x00,0x00,0x6f,0xff,0xe6,0x00,0x00,0x00,0x01,0xdf,0xff,0xf2,0x00,0x00,0x00,0x00,0x06,0xff,0xff,0xd9,0x64,0x46,0x9e,0xff,0xff,0xfc,0x20,0x00,0x00,0x00,0x00,0x3c,
  0xff,0xff,0xff,0xff,0xff,0xff,0xae,0xff,0xe7,0x00,0x00,0x00,0x00,0x00,0x5a,0xff,0xff,0xff,0xfe,0x92,0x03,0xdf,0xff,0xc2,0x00,0x00,0x00,0x00,0x00,0x04,0x47,0x64,
  0x20,0x00,0x00,0x1a,0xff,0xb0,0x00,0x00,0x00,0x00,0x00,0x00,0x00,0x00,0x00,0x00,0x00,0x00,0x5c,0x10,0x6b,0xbb,0xbb,0xbb,0xbb,0xb9,0x84,0x10,0x00,0x00,0x00,0x8f,
  0xff,0xff,0xff,0xff,0xff,0xff,0xfa,0x20,0x00,0x00,0x8f,0xff,0xff,0xff,0xff,0xff,0xff,0xff,0xe5,0x00,0x00,0x8f,0xf9,0x00,0x00,0x00,0x01,0x59,0xff,0xff,0x40,0x00,
  0x8f,0xf9,0x00,0x00,0x00,0x00,0x00,0x3d,0xff,0xe1,0x00,0x8f,0xf9,0x00,0x00,0x00,0x00,0x00,0x04,0xff,0xf5,0x00,0x8f,0xf9,0x00,0x00,0x00,0x00,0x00,0x00,0xdf,0xf9,
  0x00,0x8f,0xf9,0x00,0x00,0x00,0x00,0x00,0x00,0xaf,0xfa,0x00,0x8f,0xf9,0x00,0x00,0x00,0x00,0x00,0x00,0xaf,0xfa,0x00,0x8f,0xf9,0x00,0x00,0x00,0x00,0x00,0x00,0xdf,
  0xf8,0x00,0x8f,0xf9,0x00,0x00,0x00,0x00,0x00,0x05,0xff,0xf3,0x00,0x8f,0xf9,0x00,0x00,0x00,0x00,0x00,0x3e,0xff,0xa0,0x00,0x8f,0xf9,0x00,0x00,0x00,0x00,0x39,0xff,
  0xfc,0x10,0x00,0x8f,0xfd,0xbb,0xbb,0xbb,0xbe,0xff,0xfe,0x70,0x00,0x00,0x8f,0xff,0xff,0xff,0xff,0xff,0xc9,0x50,0x00,0x00,0x00,0x8f,0xfd,0xbb,0xbd,0xff,0xff,0xd6,
  0x00,0x00,0x00,0x00,0x8f,0xf9,0x00,0x00,0x04,0xaf,0xff,0xb1,0x00,0x00,0x00,0x8f,0xf9,0x00,0x00,0x00,0x04,0xef,0xfb,0x00,0x00,0x00,0x8f,0xf9,0x00,0x00,0x00,0x00,
  0x4f,0xff,0x80,0x00,0x00,0x8f,0xf9,0x00,0x00,0x00,0x00,0x07,0xff,0xf2,0x00,0x00,0x8f,0xf9,0x00,0x00,0x00,0x00,0x00,0xcf,0xfb,0x00,0x00,0x8f,0xf9,0x00,0x00,0x00,
  0x00,0x00,0x4f,0xff,0x50,0x00,0x8f,0xf9,0x00,0x00,0x00,0x00,0x00,0x0b,0xff,0xd0,0x00,0x8f,0xf9,0x00,0x00,0x00,0x00,0x00,0x03,0xff,0xf6,0x00,0x8f,0xf9,0x00,0x00,
  0x00,0x00,0x00,0x00,0xbf,0xfd,0x00,0x8f,0xf9,0x00,0x00,0x00,0x00,0x00,0x00,0x4f,0xff,0x70,0x8f,0xf9,0x00,0x00,0x00,0x00,0x00,0x00,0x0c,0xff,0xe1,0x6b,0xb7,0x00,
  0x00,0x00,0x00,0x00,0x00,0x05,0xbb,0xb5,0x00,0x00,0x00,0x00,0x02,0x44,0x10,0x00,0x00,0x00,0x00,0x00,0x00,0x17,0xcf,0xff,0xff,0xfb,0x61,0x00,0x00,0x00,0x00,0x5e,
  0xff,0xff,0xff,0xff,0xff,0xf9,0x10,0x00,0x00,0x7f,0xff,0xfb,0x88,0x89,0xcf,0xff,0xfe,0x40,0x00,0x3f,0xff,0xb2,0x00,0x00,0x00,0x28,0xef,0xf4,0x00,0x0a,0xff,0xc0,
  0x00,0x00,0x00,0x00,0x02,0xc8,0x00,0x00,0xff,0xf6,0x00,0x00,0x00,0x00,0x00,0x00,0x00,0x00,0x2f,0xff,0x30,0x00,0x00,0x00,0x00,0x00,0x00,0x00,0x02,0xff,0xf3,0x00,
  0x00,0x00,0x00,0x00,0x00,0x00,0x00,0x1f,0xff,0x80,0x00,0x00,0x00,0x00,0x00,0x00,0x00,0x00,0xcf,0xfe,0x40,0x00,0x00,0x00,0x00,0x00,0x00,0x00,0x04,0xff,0xff,0x81,
  0x00,0x00,0x00,0x00,0x00,0x00,0x00,0x07,0xff,0xff,0xe9,0x30,0x00,0x00,0x00,0x00,0x00,0x00,0x04,0xdf,0xff,0xff,0xd8,0x30,0x00,0x00,0x00,0x00,0x00,0x00,0x6c,0xff,
  0xff,0xff,0xd6,0x00,0x00,0x00,0x00,0x00,0x00,0x02,0x7d,0xff,0xff,0xfd,0x50,0x00,0x00,0x00,0x00,0x00,0x00,0x03,0x9e,0xff,0xff,0x80,0x00,0x00,0x00,0x00,0x00,0x00,
  0x00,0x17,0xef,0xff,0x70,0x00,0x00,0x00,0x00,0x00,0x00,0x00,0x03,0xdf,0xff,0x20,0x00,0x00,0x00,0x00,0x00,0x00,0x00,0x04,0xff,0xf7,0x00,0x00,0x00,0x00,0x00,0x00,
  0x00,0x00,0x0c,0xff,0xb0,0x00,0x00,0x00,0x00,0x00,0x00,0x00,0x00,0xaf,0xfc,0x00,0x20,0x00,0x00,0x00,0x00,0x00,0x00,0x0a,0xff,0xb0,0x7e,0x40,0x00,0x00,0x00,0x00,
  0x00,0x00,0xef,0xf9,0x5f,0xff,0x70,0x00,0x00,0x00,0x00,0x00,0x7f,0xff,0x41,0xdf,0xff,0xc5,0x00,0x00,0x00,0x01,0x8f,0xff,0xc0,0x01,0xbf,0xff,0xfe,0xb8,0x88,0x8a,
  0xef,0xff,0xe2,0x00,0x00,0x6e,0xff,0xff,0xff,0xff,0xff,0xff,0xc2,0x00,0x00,0x00,0x06,0xaf,0xff,0xff,0xff,0xfb,0x60,0x00,0x00,0x00,0x00,0x00,0x03,0x44,0x44,0x40,
  0x00,0x00,0x00,0x7b,0xbb,0xbb,0xbb,0xbb,0xbb,0xbb,0xbb,0xbb,0xbb,0xbb,0xb4,0x9f,0xff,0xff,0xff,0xff,0xff,0xff,0xff,0xff,0xff,0xff,0xf6,0x9f,0xff,0xff,0xff,0xff,
  0xff,0xff,0xff,0xff,0xff,0xff,0xf6,0x00,0x00,0x00,0x00,0x00,0x9f,0xf6,0x00,0x00,0x00,0x00,0x00,0x00,0x00,0x00,0x00,0x00,0x9f,0xf6,0x00,0x00,0x00,0x00,0x00,0x00,
  0x00,0x00,0x00,0x00,0x9f,0xf6,0x00,0x00,0x00,0x00,0x00,0x00,0x00,0x00,0x00,0x00,0x9f,0xf6,0x00,0x00,0x00,0x00,0x00,0x00,0x00,0x00,0x00,0x00,0x9f,0xf6,0x00,0x00,
  0x00,0x00,0x00,0x00,0x00,0x00,0x00,0x00,0x9f,0xf6,0x00,0x00,0x00,0x00,0x00,0x00,0x00,0x00,0x00,0x00,0x9f,0xf6,0x00,0x00,0x00,0x00,0x00,0x00,0x00,0x00,0x00,0x00,
  0x9f,0xf6,0x00,0x00,0x00,0x00,0x00,0x00,0x00,0x00,0x00,0x00,0x9f,0xf6,0x00,0x00,0x00,0x00,0x00,0x00,0x00,0x00,0x00,0x00,0x9f,0xf6,0x00,0x00,0x00,0x00,0x00,0x00,
  0x00,0x00,0x00,0x00,0x9f,0xf6,0x00,0x00,0x00,0x00,0x00,0x00,0x00,0x00,0x00,0x00,0x9f,0xf6,0x00,0x00,0x00,0x00,0x00,0x00,0x00,0x00,0x00,0x00,0x9f,0xf6,0x00,0x00,
  0x00,0x00,0x00,0x00,0x00,0x00,0x00,0x00,0x9f,0xf6,0x00,0x00,0x00,0x00,0x00,0x00,0x00,0x00,0x00,0x00,0x9f,0xf6,0x00,0x00,0x00,0x00,0x00,0x00,0x00,0x00,0x00,0x00,
  0x9f,0xf6,0x00,0x00,0x00,0x00,0x00,0x00,0x00,0x00,0x00,0x00,0x9f,0xf6,0x00,0x00,0x00,0x00,0x00,0x00,0x00,0x00,0x00,0x00,0x9f,0xf6,0x00,0x00,0x00,0x00,0x00,0x00,
  0x00,0x00,0x00,0x00,0x9f,0xf6,0x00,0x00,0x00,0x00,0x00,0x00,0x00,0x00,0x00,0x00,0x9f,0xf6,0x00,0x00,0x00,0x00,0x00,0x00,0x00,0x00,0x00,0x00,0x9f,0xf6,0x00,0x00,
  0x00,0x00,0x00,0x00,0x00,0x00,0x00,0x00,0x9f,0xf6,0x00,0x00,0x00,0x00,0x00,0x00,0x00,0x00,0x00,0x00,0x9f,0xf6,0x00,0x00,0x00,0x00,0x00,0x00,0x00,0x00,0x00,0x00,
  0x9f,0xf6,0x00,0x00,0x00,0x00,0x00,0x00,0x00,0x00,0x00,0x00,0x7b,0xb5,0x00,0x00,0x00,0x00,0x00,0x5b,0xb7,0x00,0x00,0x00,0x00,0x00,0x00,0x00,0x1b,0xbb,0x7f,0xfa,
  0x00,0x00,0x00,0x00,0x00,0x00,0x00,0x2f,0xff,0x7f,0xfa,0x00,0x00,0x00,0x00,0x00,0x00,0x00,0x2f,0xff,0x7f,0xfa,0x00,0x00,0x00,0x00,0x00,0x00,0x00,0x2f,0xff,0x7f,
  0xfa,0x00,0x00,0x00,0x00,0x00,0x00,0x00,0x2f,0xff,0x7f,0xfa,0x00,0x00,0x00,0x00,0x00,0x00,0x00,0x2f,0xff,0x7f,0xfa,0x00,0x00,0x00,0x00,0x00,0x00,0x00,0x2f,0xff,
  0x7f,0xfa,0x00,0x00,0x00,0x00,0x00,0x00,0x00,0x2f,0xff,0x7f,0xfa,0x00,0x00,0x00,0x00,0x00,0x00,0x00,0x2f,0xff,0x7f,0xfa,0x00,0x00,0x00,0x00,0x00,0x00,0x00,0x2f,
  0xff,0x7f,0xfa,0x00,0x00,0x00,0x00,0x00,0x00,0x00,0x2f,0xff,0x7f,0xfa,0x00,0x00,0x00,0x00,0x00,0x00,0x00,0x2f,0xff,0x7f,0xfa,0x00,0x00,0x00,0x00,0x00,0x00,0x00,
  0x2f,0xff,0x7f,0xfa,0x00,0x00,0x00,0x00,0x00,0x00,0x00,0x2f,0xff,0x7f,0xfa,0x00,0x00,0x00,0x00,0x00,0x00,0x00,0x2f,0xff,0x7f,0xfa,0x00,0x00,0x00,0x00,0x00,0x00,
  0x00,0x2f,0xff,0x7f,0xfa,0x00,0x00,0x00,0x00,0x00,0x00,0x00,0x2f,0xff,0x7f,0xfa,0x00,0x00,0x00,0x00,0x00,0x00,0x00,0x2f,0xff,0x7f,0xfa,0x00,0x00,0x00,0x00,0x00,
  0x00,0x00,0x2f,0xff,0x6f,0xfc,0x00,0x00,0x00,0x00,0x00,0x00,0x00,0x3f,0xff,0x4f,0xfe,0x00,0x00,0x00,0x00,0x00,0x00,0x00,0x6f,0xfd,0x1f,0xff,0x50,0x00,0x00,0x00,
  0x00,0x00,0x00,0xcf,0xfa,0x0b,0xff,0xd1,0x00,0x00,0x00,0x00,0x00,0x05,0xff,0xf5,0x04,0xff,0xfb,0x10,0x00,0x00,0x00,0x00,0x4e,0xff,0xc0,0x00,0x9f,0xff,0xd4,0x00,
  0x00,0x00,0x17,0xff,0xfe,0x30,0x00,0x09,0xff,0xff,0xd8,0x88,0x8a,0xef,0xff,0xe4,0x00,0x00,0x00,0x7e,0xff,0xff,0xff,0xff,0xff,0xfc,0x20,0x00,0x00,0x00,0x01,0x8d,
  0xff,0xff,0xff,0xfb,0x50,0x00,0x00,0x00,0x00,0x00,0x00,0x24,0x57,0x44,0x00,0x00,0x00,0x00,0x6b,0xbb,0x00,0x00,0x00,0x00,0x00,0x00,0x00,0x00,0x09,0xbb,0x83,0xff,
  0xf4,0x00,0x00,0x00,0x00,0x00,0x00,0x00,0x02,0xff,0xf5,0x0c,0xff,0xa0,0x00,0x00,0x00,0x00,0x00,0x00,0x00,0x8f,0xfe,0x00,0x6f,0xff,0x10,0x00,0x00,0x00,0x00,0x00,
  0x00,0x0d,0xff,0x90,0x01,0xef,0xf6,0x00,0x00,0x00,0x00,0x00,0x00,0x04,0xff,0xf3,0x00,0x0a,0xff,0xc0,0x00,0x00,0x00,0x00,0x00,0x00,0xaf,0xfc,0x00,0x00,0x4f,0xff,
  0x30,0x00,0x00,0x00,0x00,0x00,0x1e,0xff,0x60,0x00,0x00,0xdf,0xf8,0x00,0x00,0x00,0x00,0x00,0x06,0xff,0xe1,0x00,0x00,0x07,0xff,0xe0,0x00,0x00,0x00,0x00,0x00,0xcf,
  0xf9,0x00,0x00,0x00,0x1f,0xff,0x50,0x00,0x00,0x00,0x00,0x2f,0xff,0x30,0x00,0x00,0x00,0xaf,0xfa,0x00,0x00,0x00,0x00,0x08,0xff,0xc0,0x00,0x00,0x00,0x04,0xff,0xf1,
  0x00,0x00,0x00,0x00,0xef,0xf7,0x00,0x00,0x00,0x00,0x0d,0xff,0x70,0x00,0x00,0x00,0x4f,0xff,0x10,0x00,0x00,0x00,0x00,0x8f,0xfc,0x00,0x00,0x00,0x0a,0xff,0xa0,0x00,
  0x00,0x00,0x00,0x02,0xff,0xf3,0x00,0x00,0x01,0xff,0xf4,0x00,0x00,0x00,0x00,0x00,0x0b,0xff,0x90,0x00,0x00,0x6f,0xfd,0x00,0x00,0x00,0x00,0x00,0x00,0x5f,0xfe,0x00,
  0x00,0x0c,0xff,0x70,0x00,0x00,0x00,0x00,0x00,0x00,0xef,0xf5,0x00,0x03,0xff,0xf2,0x00,0x00,0x00,0x00,0x00,0x00,0x08,0xff,0xb0,0x00,0x9f,0xfa,0x00,0x00,0x00,0x00,
  0x00,0x00,0x00,0x2f,0xff,0x10,0x0e,0xff,0x50,0x00,0x00,0x00,0x00,0x00,0x00,0x00,0xcf,0xf6,0x04,0xff,0xd0,0x00,0x00,0x00,0x00,0x00,0x00,0x00,0x06,0xff,0xb0,0x9f,
  0xf8,0x00,0x00,0x00,0x00,0x00,0x00,0x00,0x00,0x1e,0xff,0x1e,0xff,0x20,0x00,0x00,0x00,0x00,0x00,0x00,0x00,0x00,0x9f,0xf8,0xff,0xb0,0x00,0x00,0x00,0x00,0x00,0x00,
  0x00,0x00,0x03,0xff,0xff,0xf5,0x00,0x00,0x00,0x00,0x00,0x00,0x00,0x00,0x00,0x0c,0xff,0xfe,0x00,0x00,0x00,0x00,0x00,0x00,0x00,0x00,0x00,0x00,0x6f,0xff,0x80,0x00,
  0x00,0x00,0x00,0x00,0x00,0x00,0x00,0x00,0x01,0xff,0xf3,0x00,0x00,0x00,0x00,0x00,0x00,0x00,0x00,0x00,0x00,0x03,0x43,0x00,0x00,0x00,0x00,0x00,0x00,0x9b,0xb5,0x00,
  0x00,0x00,0x00,0x00,0x00,0x00,0x00,0x00,0x00,0x00,0x00,0x02,0xbb,0xb2,0x9f,0xfb,0x00,0x00,0x00,0x00,0x00,0x00,0x00,0x00,0x00,0x00,0x00,0x00,0x06,0xff,0xe0,0x5f,
  0xfe,0x00,0x00,0x00,0x00,0x00,0x06,0x88,0x10,0x00,0x00,0x00,0x00,0x09,0xff,0xa0,0x1f,0xff,0x30,0x00,0x00,0x00,0x00,0x1f,0xff,0x60,0x00,0x00,0x00,0x00,0x0d,0xff,
  0x60,0x0c,0xff,0x70,0x00,0x00,0x00,0x00,0x6f,0xff,0xb0,0x00,0x00,0x00,0x00,0x2f,0xff,0x20,0x08,0xff,0xa0,0x00,0x00,0x00,0x00,0xbf,0xff,0xf1,0x00,0x00,0x00,0x00,
  0x6f,0xfd,0x00,0x04,0xff,0xe0,0x00,0x00,0x00,0x01,0xff,0xff,0xf5,0x00,0x00,0x00,0x00,0x9f,0xf9,0x00,0x01,0xff,0xf3,0x00,0x00,0x00,0x05,0xff,0xaf,0xfa,0x00,0x00,
  0x00,0x00,0xdf,0xf5,0x00,0x00,0xbf,0xf7,0x00,0x00,0x00,0x0a,0xff,0x5f,0xfe,0x00,0x00,0x00,0x02,0xff,0xf1,0x00,0x00,0x7f,0xfa,0x00,0x00,0x00,0x0e,0xff,0x1c,0xff,
  0x40,0x00,0x00,0x06,0xff,0xc0,0x00,0x00,0x3f,0xfe,0x00,0x00,0x00,0x4f,0xfd,0x08,0xff,0x90,0x00,0x00,0x09,0xff,0x80,0x00,0x00,0x0e,0xff,0x30,0x00,0x00,0x9f,0xf9,
  0x04,0xff,0xd0,0x00,0x00,0x0d,0xff,0x40,0x00,0x00,0x0a,0xff,0x60,0x00,0x00,0xdf,0xf4,0x00,0xef,0xf3,0x00,0x00,0x2f,0xff,0x10,0x00,0x00,0x06,0xff,0xa0,0x00,0x03,
  0xff,0xe0,0x00,0xaf,0xf8,0x00,0x00,0x5f,0xfb,0x00,0x00,0x00,0x03,0xff,0xe0,0x00,0x08,0xff,0x90,0x00,0x5f,0xfd,0x00,0x00,0x9f,0xf7,0x00,0x00,0x00,0x00,0xef,0xf3,
  0x00,0x0d,0xff,0x50,0x00,0x1e,0xff,0x20,0x00,0xdf,0xf3,0x00,0x00,0x00,0x00,0xaf,0xf6,0x00,0x2f,0xfe,0x00,0x00,0x0a,0xff,0x70,0x02,0xff,0xe0,0x00,0x00,0x00,0x00,
  0x6f,0xfa,0x00,0x7f,0xfa,0x00,0x00,0x05,0xff,0xc0,0x05,0xff,0xa0,0x00,0x00,0x00,0x00,0x2f,0xfe,0x00,0xbf,0xf5,0x00,0x00,0x01,0xef,0xf1,0x09,0xff,0x60,0x00,0x00,
  0x00,0x00,0x0d,0xff,0x21,0xff,0xe1,0x00,0x00,0x00,0xaf,0xf5,0x0c,0xff,0x20,0x00,0x00,0x00,0x00,0x09,0xff,0x54,0xff,0xa0,0x00,0x00,0x00,0x5f,0xf9,0x1f,0xfd,0x00,
  0x00,0x00,0x00,0x00,0x05,0xff,0x98,0xff,0x50,0x00,0x00,0x00,0x1f,0xfd,0x4f,0xfa,0x00,0x00,0x00,0x00,0x00,0x01,0xff,0xcb,0xff,0x10,0x00,0x00,0x00,0x0b,0xff,0x8f,
  0xf6,0x00,0x00,0x00,0x00,0x00,0x00,0xcf,0xff,0xfa,0x00,0x00,0x00,0x00,0x06,0xff,0xef,0xf2,0x00,0x00,0x00,0x00,0x00,0x00,0x8f,0xff,0xf6,0x00,0x00,0x00,0x00,0x01,
  0xff,0xff,0xd0,0x00,0x00,0x00,0x00,0x00,0x00,0x4f,0xff,0xf1,0x00,0x00,0x00,0x00,0x00,0xbf,0xff,0x90,0x00,0x00,0x00,0x00,0x00,0x00,0x1f,0xff,0xb0,0x00,0x00,0x00,
  0x00,0x00,0x6f,0xff,0x50,0x00,0x00,0x00,0x00,0x00,0x00,0x0b,0xff,0x60,0x00,0x00,0x00,0x00,0x00,0x1f,0xff,0x10,0x00,0x00,0x00,0x00,0x00,0x00,0x02,0x44,0x10,0x00,
  0x00,0x00,0x00,0x00,0x03,0x43,0x00,0x00,0x00,0x00,0x1a,0xbb,0xa0,0x00,0x00,0x00,0x00,0x00,0x00,0x00,0x8b,0xbb,0x20,0x5f,0xff,0x80,0x00,0x00,0x00,0x00,0x00,0x00,
  0x5f,0xff,0x80,0x00,0x9f,0xff,0x40,0x00,0x00,0x00,0x00,0x00,0x2e,0xff,0xc0,0x00,0x01,0xdf,0xfd,0x10,0x00,0x00,0x00,0x00,0x0b,0xff,0xe2,0x00,0x00,0x03,0xff,0xf9,
  0x00,0x00,0x00,0x00,0x06,0xff,0xf5,0x00,0x00,0x00,0x06,0xff,0xf5,0x00,0x00,0x00,0x02,0xef,0xf9,0x00,0x00,0x00,0x00,0x0b,0xff,0xe1,0x00,0x00,0x00,0xcf,0xfd,0x10,
  0x00,0x00,0x00,0x00,0x1d,0xff,0xb0,0x00,0x00,0x8f,0xff,0x30,0x00,0x00,0x00,0x00,0x00,0x4f,0xff,0x60,0x00,0x3f,0xff,0x70,0x00,0x00,0x00,0x00,0x00,0x00,0x8f,0xfe,
  0x20,0x1d,0xff,0xb0,0x00,0x00,0x00,0x00,0x00,0x00,0x00,0xcf,0xfc,0x09,0xff,0xe1,0x00,0x00,0x00,0x00,0x00,0x00,0x00,0x02,0xef,0xfb,0xff,0xf4,0x00,0x00,0x00,0x00,
  0x00,0x00,0x00,0x00,0x05,0xff,0xff,0xf8,0x00,0x00,0x00,0x00,0x00,0x00,0x00,0x00,0x00,0x0a,0xff,0xfc,0x00,0x00,0x00,0x00,0x00,0x00,0x00,0x00,0x00,0x01,0xdf,0xff,
  0xe2,0x00,0x00,0x00,0x00,0x00,0x00,0x00,0x00,0x00,0xaf,0xff,0xff,0xc0,0x00,0x00,0x00,0x00,0x00,0x00,0x00,0x00,0x6f,0xff,0x4d,0xff,0x90,0x00,0x00,0x00,0x00,0x00,
  0x00,0x00,0x3f,0xff,0x70,0x4f,0xff,0x60,0x00,0x00,0x00,0x00,0x00,0x00,0x1d,0xff,0xb0,0x00,0x8f,0xfe,0x30,0x00,0x00,0x00,0x00,0x00,0x0b,0xff,0xe1,0x00,0x00,0xcf,
  0xfd,0x10,0x00,0x00,0x00,0x00,0x07,0xff,0xf4,0x00,0x00,0x02,0xef,0xfa,0x00,0x00,0x00,0x00,0x04,0xff,0xf8,0x00,0x00,0x00,0x05,0xff,0xf6,0x00,0x00,0x00,0x01,0xef,
  0xfc,0x00,0x00,0x00,0x00,0x0a,0xff,0xf3,0x00,0x00,0x00,0xbf,0xfe,0x20,0x00,0x00,0x00,0x00,0x1d,0xff,0xd1,0x00,0x00,0x8f,0xff,0x60,0x00,0x00,0x00,0x00,0x00,0x3f,
  0xff,0xb0,0x00,0x4f,0xff,0xa0,0x00,0x00,0x00,0x00,0x00,0x00,0x7f,0xff,0x70,0x2e,0xff,0xd1,0x00,0x00,0x00,0x00,0x00,0x00,0x00,0xbf,0xff,0x48,0xbb,0xb3,0x00,0x00,
  0x00,0x00,0x00,0x00,0x00,0x02,0xbb,0xba,0x4b,0xbb,0x50,0x00,0x00,0x00,0x00,0x00,0x00,0x01,0xab,0xba,0x0c,0xff,0xe2,0x00,0x00,0x00,0x00,0x00,0x00,0x08,0xff,0xf4,
  0x02,0xef,0xfa,0x00,0x00,0x00,0x00,0x00,0x00,0x3f,0xff,0x90,0x00,0x6f,0xff,0x50,0x00,0x00,0x00,0x00,0x00,0xdf,0xfd,0x00,0x00,0x0a,0xff,0xe1,0x00,0x00,0x00,0x00,
  0x08,0xff,0xf3,0x00,0x00,0x01,0xef,0xfa,0x00,0x00,0x00,0x00,0x3f,0xff,0x70,0x00,0x00,0x00,0x4f,0xff,0x50,0x00,0x00,0x00,0xcf,0xfb,0x00,0x00,0x00,0x00,0x09,0xff,
  0xe1,0x00,0x00,0x07,0xff,0xe2,0x00,0x00,0x00,0x00,0x01,0xdf,0xfa,0x00,0x00,0x3f,0xff,0x60,0x00,0x00,0x00,0x00,0x00,0x3f,0xff,0x50,0x00,0xcf,0xfa,0x00,0x00,0x00,
  0x00,0x00,0x00,0x07,0xff,0xe1,0x07,0xff,0xd1,0x00,0x00,0x00,0x00,0x00,0x00,0x00,0xbf,0xf9,0x2f,0xff,0x40,0x00,0x00,0x00,0x00,0x00,0x00,0x00,0x2e,0xff,0xdf,0xf9,
  0x00,0x00,0x00,0x00,0x00,0x00,0x00,0x00,0x06,0xff,0xff,0xd1,0x00,0x00,0x00,0x00,0x00,0x00,0x00,0x00,0x00,0xaf,0xff,0x30,0x00,0x00,0x00,0x00,0x00,0x00,0x00,0x00,
  0x00,0x4f,0xfc,0x00,0x00,0x00,0x00,0x00,0x00,0x00,0x00,0x00,0x00,0x4f,0xfc,0x00,0x00,0x00,0x00,0x00,0x00,0x00,0x00,0x00,0x00,0x4f,0xfc,0x00,0x00,0x00,0x00,0x00,
  0x00,0x00,0x00,0x00,0x00,0x4f,0xfc,0x00,0x00,0x00,0x00,0x00,0x00,0x00,0x00,0x00,0x00,0x4f,0xfc,0x00,0x00,0x00,0x00,0x00,0x00,0x00,0x00,0x00,0x00,0x4f,0xfc,0x00,
  0x00,0x00,0x00,0x00,0x00,0x00,0x00,0x00,0x00,0x4f,0xfc,0x00,0x00,0x00,0x00,0x00,0x00,0x00,0x00,0x00,0x00,0x4f,0xfc,0x00,0x00,0x00,0x00,0x00,0x00,0x00,0x00,0x00,
  0x00,0x4f,0xfc,0x00,0x00,0x00,0x00,0x00,0x00,0x00,0x00,0x00,0x00,0x4f,0xfc,0x00,0x00,0x00,0x00,0x00,0x00,0x00,0x00,0x00,0x00,0x4f,0xfc,0x00,0x00,0x00,0x00,0x00,
  0x00,0x00,0x00,0x00,0x00,0x4f,0xfc,0x00,0x00,0x00,0x00,0x00,0x00,0x00,0x00,0x00,0x00,0x3b,0xb9,0x00,0x00,0x00,0x00,0x00,0x05,0xbb,0xbb,0xbb,0xbb,0xbb,0xbb,0xbb,
  0xbb,0xbb,0xb5,0x00,0x6f,0xff,0xff,0xff,0xff,0xff,0xff,0xff,0xff,0xff,0x70,0x06,0xff,0xff,0xff,0xff,0xff,0xff,0xff,0xff,0xff,0xf7,0x00,0x00,0x00,0x00,0x00,0x00,
  0x00,0x00,0x00,0xcf,0xfd,0x10,0x00,0x00,0x00,0x00,0x00,0x00,0x00,0x00,0x9f,0xfe,0x30,0x00,0x00,0x00,0x00,0x00,0x00,0x00,0x00,0x5f,0xff,0x60,0x00,0x00,0x00,0x00,
  0x00,0x00,0x00,0x00,0x2e,0xff,0xa0,0x00,0x00,0x00,0x00,0x00,0x00,0x00,0x00,0x0c,0xff,0xd1,0x00,0x00,0x00,0x00,0x00,0x00,0x00,0x00,0x09,0xff,0xe3,0x00,0x00,0x00,
  0x00,0x00,0x00,0x00,0x00,0x05,0xff,0xf6,0x00,0x00,0x00,0x00,0x00,0x00,0x00,0x00,0x02,0xef,0xfa,0x00,0x00,0x00,0x00,0x00,0x00,0x00,0x00,0x01,0xdf,0xfd,0x10,0x00,
  0x00,0x00,0x00,0x00,0x00,0x00,0x00,0xaf,0xff,0x30,0x00,0x00,0x00,0x00,0x00,0x00,0x00,0x00,0x6f,0xff,0x60,0x00,0x00,0x00,0x00,0x00,0x00,0x00,0x00,0x3f,0xff,0xa0,
  0x00,0x00,0x00,0x00,0x00,0x00,0x00,0x00,0x1d,0xff,0xd1,0x00,0x00,0x00,0x00,0x00,0x00,0x00,0x00,0x0a,0xff,0xf3,0x00,0x00,0x00,0x00,0x00,0x00,0x00,0x00,0x06,0xff,
  0xf6,0x00,0x00,0x00,0x00,0x00,0x00,0x00,0x00,0x03,0xff,0xfa,0x00,0x00,0x00,0x00,0x00,0x00,0x00,0x00,0x01,0xdf,0xfd,0x10,0x00,0x00,0x00,0x00,0x00,0x00,0x00,0x00,
  0xbf,0xff,0x30,0x00,0x00,0x00,0x00,0x00,0x00,0x00,0x00,0x7f,0xff,0x60,0x00,0x00,0x00,0x00,0x00,0x00,0x00,0x00,0x4f,0xff,0x90,0x00,0x00,0x00,0x00,0x00,0x00,0x00,
  0x00,0x1d,0xff,0xb0,0x00,0x00,0x00,0x00,0x00,0x00,0x00,0x00,0x0b,0xff,0xc1,0x00,0x00,0x00,0x00,0x00,0x00,0x00,0x00,0x06,0xff,0xff,0xff,0xff,0xff,0xff,0xff,0xff,
  0xff,0xff,0xfc,0x8f,0xff,0xff,0xff,0xff,0xff,0xff,0xff,0xff,0xff,0xff,0xc6,0xbb,0xbb,0xbb,0xbb,0xbb,0xbb,0xbb,0xbb,0xbb,0xbb,0xb9,0x3f,0xff,0xff,0xff,0xff,0x93,
  0xff,0xff,0xff,0xff,0xf9,0x3f,0xfb,0x88,0x88,0x88,0x53,0xff,0x70,0x00,0x00,0x00,0x3f,0xf7,0x00,0x00,0x00,0x03,0xff,0x70,0x00,0x00,0x00,0x3f,0xf7,0x00,0x00,0x00,
  0x03,0xff,0x70,0x00,0x00,0x00,0x3f,0xf7,0x00,0x00,0x00,0x03,0xff,0x70,0x00,0x00,0x00,0x3f,0xf7,0x00,0x00,0x00,0x03,0xff,0x70,0x00,0x00,0x00,0x3f,0xf7,0x00,0x00,
  0x00,0x03,0xff,0x70,0x00,0x00,0x00,0x3f,0xf7,0x00,0x00,0x00,0x03,0xff,0x70,0x00,0x00,0x00,0x3f,0xf7,0x00,0x00,0x00,0x03,0xff,0x70,0x00,0x00,0x00,0x3f,0xf7,0x00,
  0x00,0x00,0x03,0xff,0x70,0x00,0x00,0x00,0x3f,0xf7,0x00,0x00,0x00,0x03,0xff,0x70,0x00,0x00,0x00,0x3f,0xf7,0x00,0x00,0x00,0x03,0xff,0x70,0x00,0x00,0x00,0x3f,0xf7,
  0x00,0x00,0x00,0x03,0xff,0x70,0x00,0x00,0x00,0x3f,0xf7,0x00,0x00,0x00,0x03,0xff,0x70,0x00,0x00,0x00,0x3f,0xf7,0x00,0x00,0x00,0x03,0xff,0xb8,0x88,0x88,0x85,0x3f,
  0xff,0xff,0xff,0xff,0x93,0xff,0xff,0xff,0xff,0xf9,0x14,0x44,0x44,0x44,0x44,0x20,0x18,0x10,0x00,0x00,0x00,0x00,0x00,0x07,0xf6,0x00,0x00,0x00,0x00,0x00,0x00,0x1e,
  0xc0,0x00,0x00,0x00,0x00,0x00,0x00,0x9f,0x40,0x00,0x00,0x00,0x00,0x00,0x03,0xfa,0x00,0x00,0x00,0x00,0x00,0x00,0x0c,0xf1,0x00,0x00,0x00,0x00,0x00,0x00,0x6f,0x70,
  0x00,0x00,0x00,0x00,0x00,0x00,0xed,0x00,0x00,0x00,0x00,0x00,0x00,0x08,0xf5,0x00,0x00,0x00,0x00,0x00,0x00,0x2f,0xb0,0x00,0x00,0x00,0x00,0x00,0x00,0xbf,0x20,0x00,
  0x00,0x00,0x00,0x00,0x05,0xf8,0x00,0x00,0x00,0x00,0x00,0x00,0x0d,0xe1,0x00,0x00,0x00,0x00,0x00,0x00,0x7f,0x60,0x00,0x00,0x00,0x00,0x00,0x01,0xfc,0x00,0x00,0x00,
  0x00,0x00,0x00,0x0a,0xf3,0x00,0x00,0x00,0x00,0x00,0x00,0x4f,0x90,0x00,0x00,0x00,0x00,0x00,0x00,0xce,0x10,0x00,0x00,0x00,0x00,0x00,0x06,0xf7,0x00,0x00,0x00,0x00,
  0x00,0x00,0x1e,0xd0,0x00,0x00,0x00,0x00,0x00,0x00,0x9f,0x40,0x00,0x00,0x00,0x00,0x00,0x03,0xfa,0x00,0x00,0x00,0x00,0x00,0x00,0x0b,0xf2,0x00,0x00,0x00,0x00,0x00,
  0x00,0x5f,0x80,0x00,0x00,0x00,0x00,0x00,0x00,0xee,0x00,0x00,0x00,0x00,0x00,0x00,0x08,0xf5,0x00,0x00,0x00,0x00,0x00,0x00,0x2f,0xb0,0x00,0x00,0x00,0x00,0x00,0x00,
  0xaf,0x20,0x00,0x00,0x00,0x00,0x00,0x04,0xf9,0x00,0x00,0x00,0x00,0x00,0x00,0x0d,0xe1,0x00,0x00,0x00,0x00,0x00,0x00,0x7f,0x60,0x00,0x00,0x00,0x00,0x00,0x01,0xa3,
  0x9f,0xff,0xff,0xff,0xff,0x39,0xff,0xff,0xff,0xff,0xf3,0x58,0x88,0x88,0x8b,0xff,0x30,0x00,0x00,0x00,0x7f,0xf3,0x00,0x00,0x00,0x07,0xff,0x30,0x00,0x00,0x00,0x7f,
  0xf3,0x00,0x00,0x00,0x07,0xff,0x30,0x00,0x00,0x00,0x7f,0xf3,0x00,0x00,0x00,0x07,0xff,0x30,0x00,0x00,0x00,0x7f,0xf3,0x00,0x00,0x00,0x07,0xff,0x30,0x00,0x00,0x00,
  0x7f,0xf3,0x00,0x00,0x00,0x07,0xff,0x30,0x00,0x00,0x00,0x7f,0xf3,0x00,0x00,0x00,0x07,0xff,0x30,0x00,0x00,0x00,0x7f,0xf3,0x00,0x00,0x00,0x07,0xff,0x30,0x00,0x00,
  0x00,0x7f,0xf3,0x00,0x00,0x00,0x07,0xff,0x30,0x00,0x00,0x00,0x7f,0xf3,0x00,0x00,0x00,0x07,0xff,0x30,0x00,0x00,0x00,0x7f,0xf3,0x00,0x00,0x00,0x07,0xff,0x30,0x00,
  0x00,0x00,0x7f,0xf3,0x00,0x00,0x00,0x07,0xff,0x30,0x00,0x00,0x00,0x7f,0xf3,0x00,0x00,0x00,0x07,0xff,0x30,0x00,0x00,0x00,0x7f,0xf3,0x00,0x00,0x00,0x07,0xff,0x35,
  0x88,0x88,0x88,0xbf,0xf3,0x9f,0xff,0xff,0xff,0xff,0x39,0xff,0xff,0xff,0xff,0xf3,0x24,0x44,0x44,0x44,0x44,0x10,0x00,0x00,0x6b,0xbb,0x50,0x00,0x00,0x00,0x5f,0xff,
  0xff,0x50,0x00,0x00,0x5f,0xfb,0x2b,0xff,0x50,0x00,0x5f,0xf9,0x00,0x0a,0xff,0x50,0x2b,0xb7,0x00,0x00,0x07,0xbb,0x20,0xbb,0xbb,0xbb,0xbb,0xbb,0x40,0x19,0xbb,0xb3,
  0x00,0x00,0x1b,0xff,0xe2,0x00,0x00,0x08,0xff,0xd2,0x00,0x00,0x05,0xef,0xd1,0x00,0x00,0x02,0xbb,0x90,0x00,0x00,0x00,0x48,0x9b,0xb9,0x72,0x00,0x00,0x00,0x00,0x18,
  0xef,0xff,0xff,0xff,0xfb,0x20,0x00,0x00,0x7e,0xff,0xff,0xfe,0xef,0xff,0xfe,0x30,0x00,0x0c,0xff,0xd6,0x20,0x00,0x05,0xcf,0xfd,0x10,0x00,0x3e,0x50,0x00,0x00,0x00,
  0x01,0xdf,0xf7,0x00,0x00,0x10,0x00,0x00,0x00,0x00,0x06,0xff,0xb0,0x00,0x00,0x00,0x00,0x00,0x00,0x00,0x2f,0xfe,0x00,0x00,0x00,0x00,0x00,0x00,0x00,0x01,0xff,0xf0,
  0x00,0x00,0x00,0x26,0x8b,0xbb,0xbb,0xcf,0xff,0x00,0x00,0x05,0xcf,0xff,0xff,0xff,0xff,0xff,0xf0,0x00,0x1b,0xff,0xff,0xeb,0x98,0x88,0x8f,0xff,0x00,0x0c,0xff,0xf9,
  0x30,0x00,0x00,0x01,0xff,0xf0,0x07,0xff,0xf4,0x00,0x00,0x00,0x00,0x1f,0xff,0x00,0xdf,0xf8,0x00,0x00,0x00,0x00,0x02,0xff,0xf0,0x0f,0xff,0x30,0x00,0x00,0x00,0x00,
  0x6f,0xff,0x01,0xff,0xf3,0x00,0x00,0x00,0x00,0x0d,0xff,0xf0,0x0e,0xff,0x60,0x00,0x00,0x00,0x0a,0xff,0xff,0x10,0x9f,0xfd,0x20,0x00,0x00,0x1a,0xfe,0xcf,0xf2,0x02,
  0xef,0xfe,0x74,0x44,0x9e,0xff,0x48,0xff,0x50,0x05,0xff,0xff,0xff,0xff,0xfe,0x50,0x5f,0xf9,0x00,0x03,0xbf,0xff,0xff,0xfa,0x20,0x01,0xbb,0xa0,0x00,0x00,0x25,0x87,
  0x41,0x00,0x00,0x00,0x00,0x34,0x41,0x00,0x00,0x00,0x00,0x00,0x00,0x00,0x00,0xbf,0xf5,0x00,0x00,0x00,0x00,0x00,0x00,0x00,0x00,0xbf,0xf5,0x00,0x00,0x00,0x00,0x00,
  0x00,0x00,0x00,0xbf,0xf5,0x00,0x00,0x00,0x00,0x00,0x00,0x00,0x00,0xbf,0xf5,0x00,0x00,0x00,0x00,0x00,0x00,0x00,0x00,0xbf,0xf5,0x00,0x00,0x00,0x00,0x00,0x00,0x00,
  0x00,0xbf,0xf5,0x00,0x00,0x00,0x00,0x00,0x00,0x00,0x00,0xbf,0xf5,0x00,0x00,0x00,0x00,0x00,0x00,0x00,0x00,0xbf,0xf5,0x00,0x00,0x00,0x00,0x00,0x00,0x00,0x00,0xbf,
  0xf5,0x00,0x04,0x8b,0xb8,0x61,0x00,0x00,0x00,0xbf,0xf5,0x04,0xdf,0xff,0xff,0xfe,0x81,0x00,0x00,0xbf,0xf5,0x7f,0xff,0xff,0xff,0xff,0xfd,0x20,0x00,0xbf,0xfa,0xff,
  0xc5,0x00,0x03,0xaf,0xff,0xd1,0x00,0xbf,0xff,0xf9,0x00,0x00,0x00,0x06,0xff,0xfa,0x00,0xbf,0xff,0x90,0x00,0x00,0x00,0x00,0x7f,0xff,0x40,0xbf,0xfd,0x10,0x00,0x00,
  0x00,0x00,0x0d,0xff,0xa0,0xbf,0xf6,0x00,0x00,0x00,0x00,0x00,0x07,0xff,0xe0,0xbf,0xf5,0x00,0x00,0x00,0x00,0x00,0x02,0xff,0xf3,0xbf,0xf5,0x00,0x00,0x00,0x00,0x00,
  0x00,0xff,0xf5,0xbf,0xf5,0x00,0x00,0x00,0x00,0x00,0x00,0xef,0xf6,0xbf,0xf5,0x00,0x00,0x00,0x00,0x00,0x00,0xef,0xf5,0xbf,0xf5,0x00,0x00,0x00,0x00,0x00,0x00,0xff,
  0xf4,0xbf,0xf5,0x00,0x00,0x00,0x00,0x00,0x03,0xff,0xf2,0xbf,0xf6,0x00,0x00,0x00,0x00,0x00,0x07,0xff,0xe0,0xbf,0xfc,0x00,0x00,0x00,0x00,0x00,0x1e,0xff,0x90,0xbf,
  0xff,0x90,0x00,0x00,0x00,0x00,0x9f,0xff,0x20,0xbf,0xff,0xfa,0x10,0x00,0x00,0x09,0xff,0xf8,0x00,0xbf,0xf8,0xff,0xe8,0x44,0x47,0xdf,0xff,0xb0,0x00,0xbf,0xf0,0x6f,
  0xff,0xff,0xff,0xff,0xfa,0x10,0x00,0xbf,0xd0,0x03,0xaf,0xff,0xff,0xfc,0x50,0x00,0x00,0x00,0x00,0x00,0x01,0x46,0x64,0x10,0x00,0x00,0x00,0x00,0x00,0x00,0x03,0x8b,
  0xbb,0x86,0x20,0x00,0x00,0x00,0x00,0x04,0xdf,0xff,0xff,0xff,0xfb,0x40,0x00,0x00,0x00,0x9f,0xff,0xff,0xff,0xff,0xff,0xfa,0x10,0x00,0x09,0xff,0xfb,0x50,0x00,0x15,
  0xbf,0xff,0x40,0x00,0x5f,0xff,0x80,0x00,0x00,0x00,0x05,0xe9,0x00,0x01,0xef,0xf9,0x00,0x00,0x00,0x00,0x00,0x21,0x00,0x06,0xff,0xe1,0x00,0x00,0x00,0x00,0x00,0x00,
  0x00,0x0b,0xff,0x90,0x00,0x00,0x00,0x00,0x00,0x00,0x00,0x0e,0xff,0x50,0x00,0x00,0x00,0x00,0x00,0x00,0x00,0x1f,0xff,0x20,0x00,0x00,0x00,0x00,0x00,0x00,0x00,0x2f,
  0xff,0x10,0x00,0x00,0x00,0x00,0x00,0x00,0x00,0x2f,0xff,0x20,0x00,0x00,0x00,0x00,0x00,0x00,0x00,0x1f,0xff,0x30,0x00,0x00,0x00,0x00,0x00,0x00,0x00,0x0e,0xff,0x60,
  0x00,0x00,0x00,0x00,0x00,0x00,0x00,0x0a,0xff,0xb0,0x00,0x00,0x00,0x00,0x00,0x00,0x00,0x05,0xff,0xf3,0x00,0x00,0x00,0x00,0x00,0x02,0x00,0x00,0xdf,0xfd,0x10,0x00,
  0x00,0x00,0x00,0x6f,0x50,0x00,0x4f,0xff,0xd3,0x00,0x00,0x00,0x19,0xff,0xf3,0x00,0x07,0xff,0xff,0xa6,0x44,0x59,0xef,0xff,0x90,0x00,0x00,0x6e,0xff,0xff,0xff,0xff,
  0xff,0xe7,0x00,0x00,0x00,0x02,0x9e,0xff,0xff,0xff,0xe9,0x20,0x00,0x00,0x00,0x00,0x00,0x35,0x88,0x43,0x00,0x00,0x00,0x00,0x00,0x00,0x00,0x00,0x00,0x00,0x00,0x14,
  0x43,0x00,0x00,0x00,0x00,0x00,0x00,0x00,0x00,0x3f,0xfd,0x00,0x00,0x00,0x00,0x00,0x00,0x00,0x00,0x3f,0xfd,0x00,0x00,0x00,0x00,0x00,0x00,0x00,0x00,0x3f,0xfd,0x00,
  0x00,0x00,0x00,0x00,0x00,0x00,0x00,0x3f,0xfd,0x00,0x00,0x00,0x00,0x00,0x00,0x00,0x00,0x3f,0xfd,0x00,0x00,0x00,0x00,0x00,0x00,0x00,0x00,0x3f,0xfd,0x00,0x00,0x00,
  0x00,0x00,0x00,0x00,0x00,0x3f,0xfd,0x00,0x00,0x00,0x00,0x00,0x00,0x00,0x00,0x3f,0xfd,0x00,0x00,0x00,0x05,0x8b,0xb8,0x50,0x00,0x3f,0xfd,0x00,0x00,0x07,0xef,0xff,
  0xff,0xfe,0x50,0x3f,0xfd,0x00,0x01,0xcf,0xff,0xff,0xff,0xff,0xf9,0x3f,0xfd,0x00,0x0c,0xff,0xfb,0x40,0x00,0x4b,0xff,0xaf,0xfd,0x00,0x8f,0xff,0x80,0x00,0x00,0x00,
  0x7f,0xff,0xfd,0x02,0xff,0xf9,0x00,0x00,0x00,0x00,0x07,0xff,0xfd,0x08,0xff,0xe1,0x00,0x00,0x00,0x00,0x00,0xbf,0xfd,0x0d,0xff,0x80,0x00,0x00,0x00,0x00,0x00,0x4f,
  0xfd,0x1f,0xff,0x40,0x00,0x00,0x00,0x00,0x00,0x3f,0xfd,0x3f,0xff,0x20,0x00,0x00,0x00,0x00,0x00,0x3f,0xfd,0x3f,0xff,0x10,0x00,0x00,0x00,0x00,0x00,0x3f,0xfd,0x3f,
  0xff,0x10,0x00,0x00,0x00,0x00,0x00,0x3f,0xfd,0x2f,0xff,0x20,0x00,0x00,0x00,0x00,0x00,0x3f,0xfd,0x0f,0xff,0x50,0x00,0x00,0x00,0x00,0x00,0x3f,0xfd,0x0c,0xff,0x90,
  0x00,0x00,0x00,0x00,0x00,0x4f,0xfd,0x07,0xff,0xf2,0x00,0x00,0x00,0x00,0x00,0xbf,0xfd,0x01,0xef,0xfb,0x00,0x00,0x00,0x00,0x08,0xff,0xfd,0x00,0x6f,0xff,0xa1,0x00,
  0x00,0x00,0x8f,0xff,0xfd,0x00,0x09,0xff,0xfe,0x84,0x44,0x8d,0xff,0xaf,0xfd,0x00,0x00,0x8f,0xff,0xff,0xff,0xff,0xf9,0x1f,0xfd,0x00,0x00,0x03,0xaf,0xff,0xff,0xfc,
  0x40,0x1f,0xfd,0x00,0x00,0x00,0x01,0x46,0x64,0x20,0x00,0x00,0x00,0x00,0x00,0x00,0x37,0xbb,0xb9,0x61,0x00,0x00,0x00,0x00,0x03,0xbf,0xff,0xff,0xff,0xe7,0x00,0x00,
  0x00,0x06,0xff,0xff,0xeb,0xdf,0xff,0xfb,0x10,0x00,0x05,0xff,0xfb,0x40,0x00,0x17,0xff,0xfa,0x00,0x02,0xef,0xf9,0x00,0x00,0x00,0x04,0xef,0xf5,0x00,0xaf,0xfb,0x00,
  0x00,0x00,0x00,0x06,0xff,0xd0,0x2f,0xff,0x30,0x00,0x00,0x00,0x00,0x0d,0xff,0x46,0xff,0xc0,0x00,0x00,0x00,0x00,0x00,0x9f,0xf8,0xaf,0xfb,0x44,0x44,0x44,0x44,0x44,
  0x49,0xff,0xbc,0xff,0xff,0xff,0xff,0xff,0xff,0xff,0xff,0xfd,0xdf,0xff,0xff,0xff,0xff,0xff,0xff,0xff,0xff,0xdd,0xff,0x94,0x44,0x44,0x44,0x44,0x44,0x44,0x43,0xcf,
  0xf8,0x00,0x00,0x00,0x00,0x00,0x00,0x00,0x09,0xff,0xa0,0x00,0x00,0x00,0x00,0x00,0x00,0x00,0x6f,0xfe,0x10,0x00,0x00,0x00,0x00,0x00,0x00,0x01,0xff,0xf7,0x00,0x00,
  0x00,0x00,0x00,0x03,0x20,0x09,0xff,0xe3,0x00,0x00,0x00,0x00,0x03,0xed,0x10,0x1d,0xff,0xe5,0x00,0x00,0x00,0x07,0xef,0xf9,0x00,0x3e,0xff,0xfc,0x84,0x45,0x8d,0xff,
  0xfb,0x10,0x00,0x3d,0xff,0xff,0xff,0xff,0xff,0xf8,0x00,0x00,0x00,0x06,0xdf,0xff,0xff,0xfe,0x93,0x00,0x00,0x00,0x00,0x00,0x24,0x68,0x53,0x00,0x00,0x00,0x00,0x00,
  0x00,0x00,0x00,0x04,0x42,0x00,0x00,0x00,0x00,0x00,0x04,0xbf,0xff,0xfd,0x81,0x00,0x00,0x00,0x06,0xff,0xff,0xff,0xff,0x80,0x00,0x00,0x04,0xff,0xfc,0x74,0x7b,0xe1,
  0x00,0x00,0x00,0xbf,0xfa,0x00,0x00,0x01,0x00,0x00,0x00,0x1f,0xff,0x20,0x00,0x00,0x00,0x00,0x00,0x04,0xff,0xc0,0x00,0x00,0x00,0x00,0x00,0x00,0x5f,0xfa,0x00,0x00,
  0x00,0x00,0x00,0x00,0x06,0xff,0xa0,0x00,0x00,0x00,0x02,0x44,0x44,0x8f,0xfb,0x44,0x44,0x44,0x10,0x8f,0xff,0xff,0xff,0xff,0xff,0xff,0xf4,0x08,0xff,0xff,0xff,0xff,
  0xff,0xff,0xff,0x40,0x24,0x44,0x48,0xff,0xb4,0x44,0x44,0x41,0x00,0x00,0x00,0x6f,0xfa,0x00,0x00,0x00,0x00,0x00,0x00,0x06,0xff,0xa0,0x00,0x00,0x00,0x00,0x00,0x00,
  0x6f,0xfa,0x00,0x00,0x00,0x00,0x00,0x00,0x06,0xff,0xa0,0x00,0x00,0x00,0x00,0x00,0x00,0x6f,0xfa,0x00,0x00,0x00,0x00,0x00,0x00,0x06,0xff,0xa0,0x00,0x00,0x00,0x00,
  0x00,0x00,0x6f,0xfa,0x00,0x00,0x00,0x00,0x00,0x00,0x06,0xff,0xa0,0x00,0x00,0x00,0x00,0x00,0x00,0x6f,0xfa,0x00,0x00,0x00,0x00,0x00,0x00,0x06,0xff,0xa0,0x00,0x00,
  0x00,0x00,0x00,0x00,0x6f,0xfa,0x00,0x00,0x00,0x00,0x00,0x00,0x06,0xff,0xa0,0x00,0x00,0x00,0x00,0x00,0x00,0x6f,0xfa,0x00,0x00,0x00,0x00,0x00,0x00,0x06,0xff,0xa0,
  0x00,0x00,0x00,0x00,0x00,0x00,0x6f,0xfa,0x00,0x00,0x00,0x00,0x00,0x00,0x06,0xff,0xa0,0x00,0x00,0x00,0x00,0x00,0x00,0x4b,0xb7,0x00,0x00,0x00,0x00,0x00,0x00,0x01,
  0x68,0xbb,0x85,0x10,0x03,0x43,0x00,0x01,0x9f,0xff,0xff,0xff,0xe7,0x0d,0xfb,0x00,0x3d,0xff,0xff,0xff,0xff,0xff,0xcf,0xfb,0x02,0xef,0xfe,0x71,0x00,0x05,0xbf,0xff,
  0xfb,0x0b,0xff,0xd2,0x00,0x00,0x00,0x07,0xff,0xfb,0x4f,0xff,0x30,0x00,0x00,0x00,0x00,0x9f,0xfb,0x8f,0xfb,0x00,0x00,0x00,0x00,0x00,0x4f,0xfb,0xbf,0xf8,0x00,0x00,
  0x00,0x00,0x00,0x4f,0xfb,0xbf,0xf7,0x00,0x00,0x00,0x00,0x00,0x4f,0xfb,0xbf,0xf9,0x00,0x00,0x00,0x00,0x00,0x4f,0xfb,0x8f,0xfd,0x00,0x00,0x00,0x00,0x00,0x5f,0xfb,
  0x3f,0xff,0x60,0x00,0x00,0x00,0x01,0xcf,0xfb,0x0b,0xff,0xf5,0x00,0x00,0x00,0x1c,0xff,0xfb,0x01,0xdf,0xff,0xa4,0x21,0x48,0xef,0xff,0xfb,0x00,0x2c,0xff,0xff,0xff,
  0xff,0xfd,0x7f,0xfb,0x00,0x00,0x7d,0xff,0xff,0xff,0x91,0x4f,0xfb,0x00,0x00,0x00,0x36,0x88,0x51,0x00,0x5f,0xfb,0x00,0x00,0x00,0x00,0x00,0x00,0x00,0x7f,0xf9,0x00,
  0x00,0x00,0x00,0x00,0x00,0x00,0xbf,0xf6,0x01,0x81,0x00,0x00,0x00,0x00,0x05,0xff,0xf2,0x08,0xfd,0x61,0x00,0x00,0x00,0x6e,0xff,0x90,0x1e,0xff,0xff,0xca,0x88,0xae,
  0xff,0xfc,0x10,0x01,0x8e,0xff,0xff,0xff,0xff,0xff,0xa1,0x00,0x00,0x01,0x6a,0xdf,0xff,0xfc,0x93,0x00,0x00,0x34,0x41,0x00,0x00,0x00,0x00,0x00,0x00,0x00,0xbf,0xf5,
  0x00,0x00,0x00,0x00,0x00,0x00,0x00,0xbf,0xf5,0x00,0x00,0x00,0x00,0x00,0x00,0x00,0xbf,0xf5,0x00,0x00,0x00,0x00,0x00,0x00,0x00,0xbf,0xf5,0x00,0x00,0x00,0x00,0x00,
  0x00,0x00,0xbf,0xf5,0x00,0x00,0x00,0x00,0x00,0x00,0x00,0xbf,0xf5,0x00,0x00,0x00,0x00,0x00,0x00,0x00,0xbf,0xf5,0x00,0x00,0x00,0x00,0x00,0x00,0x00,0xbf,0xf5,0x00,
  0x00,0x00,0x00,0x00,0x00,0x00,0xbf,0xf5,0x00,0x00,0x58,0x88,0x61,0x00,0x00,0xbf,0xf5,0x00,0x7e,0xff,0xff,0xff,0x81,0x00,0xbf,0xf5,0x1c,0xff,0xff,0xff,0xff,0xfb,
  0x00,0xbf,0xf7,0xdf,0xfb,0x52,0x14,0xbf,0xff,0x70,0xbf,0xfe,0xfe,0x40,0x00,0x00,0x0a,0xff,0xd0,0xbf,0xff,0xe2,0x00,0x00,0x00,0x02,0xff,0xf3,0xbf,0xff,0x40,0x00,
  0x00,0x00,0x00,0xcf,0xf6,0xbf,0xfa,0x00,0x00,0x00,0x00,0x00,0xaf,0xf7,0xbf,0xf5,0x00,0x00,0x00,0x00,0x00,0xaf,0xf7,0xbf,0xf5,0x00,0x00,0x00,0x00,0x00,0xaf,0xf7,
  0xbf,0xf5,0x00,0x00,0x00,0x00,0x00,0xaf,0xf7,0xbf,0xf5,0x00,0x00,0x00,0x00,0x00,0xaf,0xf7,0xbf,0xf5,0x00,0x00,0x00,0x00,0x00,0xaf,0xf7,0xbf,0xf5,0x00,0x00,0x00,
  0x00,0x00,0xaf,0xf7,0xbf,0xf5,0x00,0x00,0x00,0x00,0x00,0xaf,0xf7,0xbf,0xf5,0x00,0x00,0x00,0x00,0x00,0xaf,0xf7,0xbf,0xf5,0x00,0x00,0x00,0x00,0x00,0xaf,0xf7,0xbf,
  0xf5,0x00,0x00,0x00,0x00,0x00,0xaf,0xf7,0xbf,0xf5,0x00,0x00,0x00,0x00,0x00,0xaf,0xf7,0xbf,0xf5,0x00,0x00,0x00,0x00,0x00,0xaf,0xf7,0x8b,0xb4,0x00,0x00,0x00,0x00,
  0x00,0x7b,0xb5,0x24,0x44,0x16,0xff,0xf5,0x6f,0xff,0x56,0xff,0xf5,0x38,0x88,0x20,0x00,0x00,0x00,0x00,0x00,0x00,0x00,0x04,0x44,0x02,0xff,0xf0,0x2f,0xff,0x02,0xff,
  0xf0,0x2f,0xff,0x02,0xff,0xf0,0x2f,0xff,0x02,0xff,0xf0,0x2f,0xff,0x02,0xff,0xf0,0x2f,0xff,0x02,0xff,0xf0,0x2f,0xff,0x02,0xff,0xf0,0x2f,0xff,0x02,0xff,0xf0,0x2f,
  0xff,0x02,0xff,0xf0,0x2f,0xff,0x02,0xff,0xf0,0x1b,0xbb,0x00,0x00,0x00,0x02,0x44,0x41,0x00,0x00,0x08,0xff,0xf3,0x00,0x00,0x08,0xff,0xf3,0x00,0x00,0x08,0xff,0xf3,
  0x00,0x00,0x04,0x88,0x81,0x00,0x00,0x00,0x00,0x00,0x00,0x00,0x00,0x00,0x00,0x00,0x00,0x00,0x00,0x00,0x00,0x00,0x01,0x44,0x30,0x00,0x00,0x03,0xff,0xd0,0x00,0x00,
  0x03,0xff,0xd0,0x00,0x00,0x03,0xff,0xd0,0x00,0x00,0x03,0xff,0xd0,0x00,0x00,0x03,0xff,0xd0,0x00,0x00,0x03,0xff,0xd0,0x00,0x00,0x03,0xff,0xd0,0x00,0x00,0x03,0xff,
  0xd0,0x00,0x00,0x03,0xff,0xd0,0x00,0x00,0x03,0xff,0xd0,0x00,0x00,0x03,0xff,0xd0,0x00,0x00,0x03,0xff,0xd0,0x00,0x00,0x03,0xff,0xd0,0x00,0x00,0x03,0xff,0xd0,0x00,
  0x00,0x03,0xff,0xd0,0x00,0x00,0x03,0xff,0xd0,0x00,0x00,0x05,0xff,0xc0,0x00,0x00,0x08,0xff,0xb0,0x00,0x00,0x1e,0xff,0x80,0x00,0x04,0xdf,0xff,0x30,0x7b,0xef,0xff,
  0xf8,0x00,0x8f,0xff,0xff,0x70,0x00,0x2f,0xeb,0x72,0x00,0x00,0x24,0x42,0x00,0x00,0x00,0x00,0x00,0x00,0x00,0xaf,0xf6,0x00,0x00,0x00,0x00,0x00,0x00,0x00,0xaf,0xf6,
  0x00,0x00,0x00,0x00,0x00,0x00,0x00,0xaf,0xf6,0x00,0x00,0x00,0x00,0x00,0x00,0x00,0xaf,0xf6,0x00,0x00,0x00,0x00,0x00,0x00,0x00,0xaf,0xf6,0x00,0x00,0x00,0x00,0x00,
  0x00,0x00,0xaf,0xf6,0x00,0x00,0x00,0x00,0x00,0x00,0x00,0xaf,0xf6,0x00,0x00,0x00,0x00,0x00,0x00,0x00,0xaf,0xf6,0x00,0x00,0x00,0x00,0x00,0x00,0x00,0xaf,0xf6,0x00,
  0x00,0x00,0x00,0x14,0x44,0x30,0xaf,0xf6,0x00,0x00,0x00,0x02,0xdf,0xfd,0x20,0xaf,0xf6,0x00,0x00,0x00,0x3e,0xff,0xd2,0x00,0xaf,0xf6,0x00,0x00,0x03,0xef,0xfc,0x10,
  0x00,0xaf,0xf6,0x00,0x00,0x4e,0xff,0xc1,0x00,0x00,0xaf,0xf6,0x00,0x05,0xff,0xfb,0x10,0x00,0x00,0xaf,0xf6,0x00,0x5f,0xff,0xb1,0x00,0x00,0x00,0xaf,0xf6,0x06,0xff,
  0xfa,0x00,0x00,0x00,0x00,0xaf,0xf6,0x7f,0xff,0xe1,0x00,0x00,0x00,0x00,0xaf,0xfd,0xff,0xff,0xf8,0x00,0x00,0x00,0x00,0xaf,0xff,0xff,0x8f,0xff,0x40,0x00,0x00,0x00,
  0xaf,0xff,0xf5,0x08,0xff,0xd1,0x00,0x00,0x00,0xaf,0xfe,0x40,0x00,0xdf,0xfa,0x00,0x00,0x00,0xaf,0xf7,0x00,0x00,0x3f,0xff,0x50,0x00,0x00,0xaf,0xf6,0x00,0x00,0x09,
  0xff,0xe2,0x00,0x00,0xaf,0xf6,0x00,0x00,0x01,0xdf,0xfb,0x00,0x00,0xaf,0xf6,0x00,0x00,0x00,0x4f,0xff,0x70,0x00,0xaf,0xf6,0x00,0x00,0x00,0x09,0xff,0xf3,0x00,0xaf,
  0xf6,0x00,0x00,0x00,0x01,0xef,0xfd,0x10,0xaf,0xf6,0x00,0x00,0x00,0x00,0x5f,0xff,0x90,0x7b,0xb5,0x00,0x00,0x00,0x00,0x08,0xbb,0xb2,0x14,0x43,0x00,0x00,0x4f,0xfd,
  0x00,0x00,0x4f,0xfd,0x00,0x00,0x4f,0xfd,0x00,0x00,0x4f,0xfd,0x00,0x00,0x4f,0xfd,0x00,0x00,0x4f,0xfd,0x00,0x00,0x4f,0xfd,0x00,0x00,0x4f,0xfd,0x00,0x00,0x4f,0xfd,
  0x00,0x00,0x4f,0xfd,0x00,0x00,0x4f,0xfd,0x00,0x00,0x4f,0xfd,0x00,0x00,0x4f,0xfd,0x00,0x00,0x4f,0xfd,0x00,0x00,0x4f,0xfd,0x00,0x00,0x4f,0xfd,0x00,0x00,0x4f,0xfd,
  0x00,0x00,0x4f,0xfd,0x00,0x00,0x4f,0xfd,0x00,0x00,0x4f,0xfd,0x00,0x00,0x4f,0xfd,0x00,0x00,0x4f,0xfd,0x00,0x00,0x4f,0xfd,0x00,0x00,0x4f,0xfd,0x00,0x00,0x4f,0xfd,
  0x00,0x00,0x4f,0xfd,0x00,0x00,0x3f,0xff,0xbb,0xb1,0x1e,0xff,0xff,0xe0,0x03,0xab,0xbb,0x90,0x14,0x42,0x00,0x04,0x88,0x73,0x00,0x00,0x00,0x27,0x88,0x51,0x00,0x04,
  0xff,0xa0,0x3c,0xff,0xff,0xfa,0x10,0x01,0xaf,0xff,0xff,0xe5,0x00,0x4f,0xfa,0x4e,0xff,0xff,0xff,0xfb,0x01,0xcf,0xff,0xff,0xff,0xf6,0x04,0xff,0xad,0xfb,0x40,0x29,
  0xff,0xf5,0x9f,0xe7,0x10,0x5d,0xff,0xe2,0x4f,0xff,0xfa,0x00,0x00,0x09,0xff,0xdf,0xe3,0x00,0x00,0x1e,0xff,0x74,0xff,0xfd,0x10,0x00,0x00,0x1f,0xff,0xf5,0x00,0x00,
  0x00,0x7f,0xfb,0x4f,0xff,0x50,0x00,0x00,0x00,0xbf,0xfc,0x00,0x00,0x00,0x03,0xff,0xd4,0xff,0xe0,0x00,0x00,0x00,0x0a,0xff,0x70,0x00,0x00,0x00,0x1f,0xfe,0x4f,0xfc,
  0x00,0x00,0x00,0x00,0x9f,0xf5,0x00,0x00,0x00,0x01,0xff,0xf4,0xff,0xc0,0x00,0x00,0x00,0x09,0xff,0x50,0x00,0x00,0x00,0x1f,0xff,0x4f,0xfc,0x00,0x00,0x00,0x00,0x9f,
  0xf5,0x00,0x00,0x00,0x01,0xff,0xf4,0xff,0xc0,0x00,0x00,0x00,0x09,0xff,0x50,0x00,0x00,0x00,0x1f,0xff,0x4f,0xfc,0x00,0x00,0x00,0x00,0x9f,0xf5,0x00,0x00,0x00,0x01,
  0xff,0xf4,0xff,0xc0,0x00,0x00,0x00,0x09,0xff,0x50,0x00,0x00,0x00,0x1f,0xff,0x4f,0xfc,0x00,0x00,0x00,0x00,0x9f,0xf5,0x00,0x00,0x00,0x01,0xff,0xf4,0xff,0xc0,0x00,
  0x00,0x00,0x09,0xff,0x50,0x00,0x00,0x00,0x1f,0xff,0x4f,0xfc,0x00,0x00,0x00,0x00,0x9f,0xf5,0x00,0x00,0x00,0x01,0xff,0xf4,0xff,0xc0,0x00,0x00,0x00,0x09,0xff,0x50,
  0x00,0x00,0x00,0x1f,0xff,0x4f,0xfc,0x00,0x00,0x00,0x00,0x9f,0xf5,0x00,0x00,0x00,0x01,0xff,0xf4,0xff,0xc0,0x00,0x00,0x00,0x09,0xff,0x50,0x00,0x00,0x00,0x1f,0xff,
  0x3b,0xb9,0x00,0x00,0x00,0x00,0x7b,0xb4,0x00,0x00,0x00,0x01,0xbb,0xb0,0x34,0x41,0x00,0x00,0x58,0x88,0x61,0x00,0x00,0xbf,0xf4,0x00,0x7e,0xff,0xff,0xff,0x80,0x00,
  0xbf,0xf4,0x1c,0xff,0xff,0xff,0xff,0xfb,0x00,0xbf,0xf6,0xdf,0xfb,0x52,0x14,0xbf,0xff,0x70,0xbf,0xfe,0xfe,0x50,0x00,0x00,0x0a,0xff,0xe0,0xbf,0xff,0xe3,0x00,0x00,
  0x00,0x01,0xff,0xf3,0xbf,0xff,0x50,0x00,0x00,0x00,0x00,0xcf,0xf6,0xbf,0xfa,0x00,0x00,0x00,0x00,0x00,0xaf,0xf7,0xbf,0xf6,0x00,0x00,0x00,0x00,0x00,0x9f,0xf8,0xbf,
  0xf6,0x00,0x00,0x00,0x00,0x00,0x9f,0xf8,0xbf,0xf6,0x00,0x00,0x00,0x00,0x00,0x9f,0xf8,0xbf,0xf6,0x00,0x00,0x00,0x00,0x00,0x9f,0xf8,0xbf,0xf6,0x00,0x00,0x00,0x00,
  0x00,0x9f,0xf8,0xbf,0xf6,0x00,0x00,0x00,0x00,0x00,0x9f,0xf8,0xbf,0xf6,0x00,0x00,0x00,0x00,0x00,0x9f,0xf8,0xbf,0xf6,0x00,0x00,0x00,0x00,0x00,0x9f,0xf8,0xbf,0xf6,
  0x00,0x00,0x00,0x00,0x00,0x9f,0xf8,0xbf,0xf6,0x00,0x00,0x00,0x00,0x00,0x9f,0xf8,0xbf,0xf6,0x00,0x00,0x00,0x00,0x00,0x9f,0xf8,0xbf,0xf6,0x00,0x00,0x00,0x00,0x00,
  0x9f,0xf8,0x8b,0xb4,0x00,0x00,0x00,0x00,0x00,0x7b,0xb6,0x00,0x00,0x00,0x04,0x8b,0xbb,0x85,0x00,0x00,0x00,0x00,0x00,0x00,0x6d,0xff,0xff,0xff,0xfe,0x70,0x00,0x00,
  0x00,0x01,0xbf,0xff,0xfe,0xbe,0xff,0xff,0xc2,0x00,0x00,0x01,0xcf,0xff,0x92,0x00,0x02,0x8f,0xff,0xd1,0x00,0x00,0xaf,0xff,0x50,0x00,0x00,0x00,0x4e,0xff,0xb0,0x00,
  0x4f,0xff,0x60,0x00,0x00,0x00,0x00,0x4f,0xff,0x50,0x0b,0xff,0xc0,0x00,0x00,0x00,0x00,0x00,0xaf,0xfc,0x01,0xff,0xf5,0x00,0x00,0x00,0x00,0x00,0x03,0xff,0xf2,0x4f,
  0xff,0x10,0x00,0x00,0x00,0x00,0x00,0x0e,0xff,0x56,0xff,0xd0,0x00,0x00,0x00,0x00,0x00,0x00,0xcf,0xf7,0x6f,0xfc,0x00,0x00,0x00,0x00,0x00,0x00,0x0a,0xff,0x86,0xff,
  0xc0,0x00,0x00,0x00,0x00,0x00,0x00,0xbf,0xf8,0x5f,0xfe,0x00,0x00,0x00,0x00,0x00,0x00,0x0c,0xff,0x73,0xff,0xf2,0x00,0x00,0x00,0x00,0x00,0x00,0xff,0xf4,0x0e,0xff,
  0x70,0x00,0x00,0x00,0x00,0x00,0x5f,0xff,0x10,0x8f,0xfd,0x10,0x00,0x00,0x00,0x00,0x0c,0xff,0xa0,0x02,0xef,0xf9,0x00,0x00,0x00,0x00,0x08,0xff,0xf3,0x00,0x07,0xff,
  0xf9,0x10,0x00,0x00,0x08,0xff,0xf8,0x00,0x00,0x09,0xff,0xfe,0x84,0x44,0x7d,0xff,0xfa,0x00,0x00,0x00,0x07,0xff,0xff,0xff,0xff,0xff,0xf8,0x00,0x00,0x00,0x00,0x03,
  0xaf,0xff,0xff,0xff,0xa3,0x00,0x00,0x00,0x00,0x00,0x00,0x04,0x68,0x64,0x00,0x00,0x00,0x00,0x34,0x41,0x00,0x04,0x8b,0xb9,0x72,0x00,0x00,0x00,0xbf,0xf3,0x04,0xdf,
  0xff,0xff,0xff,0xb3,0x00,0x00,0xbf,0xf3,0x9f,0xff,0xff,0xff,0xff,0xff,0x60,0x00,0xbf,0xfc,0xff,0xb5,0x00,0x02,0x7e,0xff,0xf5,0x00,0xbf,0xff,0xf6,0x00,0x00,0x00,
  0x01,0xcf,0xfe,0x10,0xbf,0xff,0x50,0x00,0x00,0x00,0x00,0x2e,0xff,0x80,0xbf,0xfa,0x00,0x00,0x00,0x00,0x00,0x08,0xff,0xd0,0xbf,0xf5,0x00,0x00,0x00,0x00,0x00,0x03,
  0xff,0xf2,0xbf,0xf5,0x00,0x00,0x00,0x00,0x00,0x00,0xff,0xf4,0xbf,0xf5,0x00,0x00,0x00,0x00,0x00,0x00,0xef,0xf5,0xbf,0xf5,0x00,0x00,0x00,0x00,0x00,0x00,0xef,0xf6,
  0xbf,0xf5,0x00,0x00,0x00,0x00,0x00,0x00,0xff,0xf5,0xbf,0xf5,0x00,0x00,0x00,0x00,0x00,0x02,0xff,0xf3,0xbf,0xf9,0x00,0x00,0x00,0x00,0x00,0x07,0xff,0xe0,0xbf,0xff,
  0x40,0x00,0x00,0x00,0x00,0x1d,0xff,0xa0,0xbf,0xff,0xe3,0x00,0x00,0x00,0x00,0x9f,0xff,0x30,0xbf,0xfd,0xff,0x70,0x00,0x00,0x2a,0xff,0xf9,0x00,0xbf,0xf6,0xbf,0xfe,
  0xb8,0x8b,0xff,0xff,0xb0,0x00,0xbf,0xf5,0x19,0xff,0xff,0xff,0xff,0xf8,0x00,0x00,0xbf,0xf5,0x00,0x39,0xdf,0xff,0xc9,0x20,0x00,0x00,0xbf,0xf5,0x00,0x00,0x00,0x00,
  0x00,0x00,0x00,0x00,0xbf,0xf5,0x00,0x00,0x00,0x00,0x00,0x00,0x00,0x00,0xbf,0xf5,0x00,0x00,0x00,0x00,0x00,0x00,0x00,0x00,0xbf,0xf5,0x00,0x00,0x00,0x00,0x00,0x00,
  0x00,0x00,0x00,0x00,0x00,0x26,0x8b,0xb8,0x50,0x00,0x02,0x43,0x00,0x00,0x2b,0xff,0xff,0xff,0xfe,0x60,0x0b,0xfd,0x00,0x04,0xef,0xff,0xff,0xff,0xff,0xfb,0x1d,0xfd,
  0x00,0x3e,0xff,0xe8,0x20,0x00,0x3a,0xff,0xbf,0xfd,0x00,0xdf,0xfe,0x30,0x00,0x00,0x00,0x4e,0xff,0xfd,0x06,0xff,0xf3,0x00,0x00,0x00,0x00,0x04,0xff,0xfd,0x0b,0xff,
  0xa0,0x00,0x00,0x00,0x00,0x00,0x8f,0xfd,0x0f,0xff,0x50,0x00,0x00,0x00,0x00,0x00,0x3f,0xfd,0x2f,0xff,0x20,0x00,0x00,0x00,0x00,0x00,0x3f,0xfd,0x3f,0xff,0x10,0x00,
  0x00,0x00,0x00,0x00,0x3f,0xfd,0x3f,0xff,0x10,0x00,0x00,0x00,0x00,0x00,0x3f,0xfd,0x3f,0xff,0x20,0x00,0x00,0x00,0x00,0x00,0x3f,0xfd,0x1f,0xff,0x40,0x00,0x00,0x00,
  0x00,0x00,0x3f,0xfd,0x0d,0xff,0x90,0x00,0x00,0x00,0x00,0x00,0x7f,0xfd,0x08,0xff,0xe1,0x00,0x00,0x00,0x00,0x03,0xef,0xfd,0x02,0xff,0xfb,0x00,0x00,0x00,0x00,0x2d,
  0xff,0xfd,0x00,0x7f,0xff,0xc2,0x00,0x00,0x06,0xef,0xdf,0xfd,0x00,0x09,0xff,0xff,0xc9,0x8a,0xef,0xfd,0x4f,0xfd,0x00,0x00,0x7f,0xff,0xff,0xff,0xff,0xb1,0x3f,0xfd,
  0x00,0x00,0x02,0x7b,0xff,0xfd,0xa4,0x00,0x3f,0xfd,0x00,0x00,0x00,0x00,0x00,0x00,0x00,0x00,0x3f,0xfd,0x00,0x00,0x00,0x00,0x00,0x00,0x00,0x00,0x3f,0xfd,0x00,0x00,
  0x00,0x00,0x00,0x00,0x00,0x00,0x3f,0xfd,0x00,0x00,0x00,0x00,0x00,0x00,0x00,0x00,0x3f,0xfd,0x34,0x41,0x00,0x04,0x8b,0xa6,0x1c,0xff,0x30,0x1a,0xff,0xff,0xf1,0xcf,
  0xf2,0x0b,0xff,0xff,0xfa,0x0c,0xff,0x28,0xff,0xa6,0x48,0x40,0xcf,0xf3,0xff,0x50,0x00,0x00,0x0c,0xff,0x9f,0x50,0x00,0x00,0x00,0xcf,0xfe,0xb0,0x00,0x00,0x00,0x0c,
  0xff,0xf4,0x00,0x00,0x00,0x00,0xcf,0xfd,0x00,0x00,0x00,0x00,0x0c,0xff,0x80,0x00,0x00,0x00,0x00,0xcf,0xf5,0x00,0x00,0x00,0x00,0x0c,0xff,0x50,0x00,0x00,0x00,0x00,
  0xcf,0xf5,0x00,0x00,0x00,0x00,0x0c,0xff,0x50,0x00,0x00,0x00,0x00,0xcf,0xf5,0x00,0x00,0x00,0x00,0x0c,0xff,0x50,0x00,0x00,0x00,0x00,0xcf,0xf5,0x00,0x00,0x00,0x00,
  0x0c,0xff,0x50,0x00,0x00,0x00,0x00,0xcf,0xf5,0x00,0x00,0x00,0x00,0x0c,0xff,0x50,0x00,0x00,0x00,0x00,0x9b,0xb4,0x00,0x00,0x00,0x00,0x00,0x00,0x00,0x03,0x7a,0xbb,
  0x96,0x20,0x00,0x00,0x00,0x02,0xbf,0xff,0xff,0xff,0xfc,0x60,0x00,0x00,0x2e,0xff,0xff,0xff,0xff,0xff,0xfc,0x10,0x00,0xbf,0xfe,0x71,0x00,0x15,0xbf,0xfb,0x00,0x02,
  0xff,0xf5,0x00,0x00,0x00,0x04,0xc2,0x00,0x04,0xff,0xf1,0x00,0x00,0x00,0x00,0x00,0x00,0x04,0xff,0xf3,0x00,0x00,0x00,0x00,0x00,0x00,0x01,0xef,0xfd,0x30,0x00,0x00,
  0x00,0x00,0x00,0x00,0x7f,0xff,0xfb,0x50,0x00,0x00,0x00,0x00,0x00,0x07,0xff,0xff,0xfe,0x93,0x00,0x00,0x00,0x00,0x00,0x29,0xff,0xff,0xff,0xc5,0x00,0x00,0x00,0x00,
  0x00,0x16,0xcf,0xff,0xff,0xb2,0x00,0x00,0x00,0x00,0x00,0x02,0x8e,0xff,0xfd,0x20,0x00,0x00,0x00,0x00,0x00,0x01,0x8f,0xff,0xa0,0x00,0x00,0x00,0x00,0x00,0x00,0x09,
  0xff,0xf1,0x00,0x00,0x00,0x00,0x00,0x00,0x04,0xff,0xf3,0x01,0xa2,0x00,0x00,0x00,0x00,0x05,0xff,0xf2,0x0a,0xfe,0x81,0x00,0x00,0x00,0x1d,0xff,0xd0,0x2e,0xff,0xff,
  0xb8,0x75,0x89,0xef,0xff,0x50,0x01,0xaf,0xff,0xff,0xff,0xff,0xff,0xf7,0x00,0x00,0x03,0x9e,0xff,0xff,0xff,0xfb,0x40,0x00,0x00,0x00,0x00,0x24,0x67,0x44,0x00,0x00,
  0x00,0x00,0x00,0x00,0x01,0x10,0x00,0x00,0x00,0x00,0x00,0x17,0xe3,0x00,0x00,0x00,0x00,0x00,0x0c,0xff,0x30,0x00,0x00,0x00,0x00,0x00,0xcf,0xf3,0x00,0x00,0x00,0x00,
  0x00,0x0c,0xff,0x30,0x00,0x00,0x00,0x00,0x00,0xcf,0xf3,0x00,0x00,0x00,0x24,0x44,0x4d,0xff,0x64,0x44,0x44,0x28,0xff,0xff,0xff,0xff,0xff,0xff,0xf6,0x8f,0xff,0xff,
  0xff,0xff,0xff,0xff,0x62,0x44,0x44,0xdf,0xf6,0x44,0x44,0x42,0x00,0x00,0x0c,0xff,0x30,0x00,0x00,0x00,0x00,0x00,0xcf,0xf3,0x00,0x00,0x00,0x00,0x00,0x0c,0xff,0x30,
  0x00,0x00,0x00,0x00,0x00,0xcf,0xf3,0x00,0x00,0x00,0x00,0x00,0x0c,0xff,0x30,0x00,0x00,0x00,0x00,0x00,0xcf,0xf3,0x00,0x00,0x00,0x00,0x00,0x0c,0xff,0x30,0x00,0x00,
  0x00,0x00,0x00,0xcf,0xf3,0x00,0x00,0x00,0x00,0x00,0x0c,0xff,0x30,0x00,0x00,0x00,0x00,0x00,0xcf,0xf3,0x00,0x00,0x00,0x00,0x00,0x0c,0xff,0x30,0x00,0x00,0x00,0x00,
  0x00,0xcf,0xf3,0x00,0x00,0x00,0x00,0x00,0x0c,0xff,0x30,0x00,0x00,0x00,0x00,0x00,0xbf,0xf6,0x00,0x00,0x30,0x00,0x00,0x07,0xff,0xe5,0x46,0xce,0x10,0x00,0x00,0x1e,
  0xff,0xff,0xff,0xf6,0x00,0x00,0x00,0x3c,0xff,0xff,0xc6,0x00,0x00,0x00,0x00,0x02,0x44,0x10,0x00,0x34,0x41,0x00,0x00,0x00,0x00,0x00,0x24,0x42,0xbf,0xf5,0x00,0x00,
  0x00,0x00,0x00,0xaf,0xf8,0xbf,0xf5,0x00,0x00,0x00,0x00,0x00,0xaf,0xf8,0xbf,0xf5,0x00,0x00,0x00,0x00,0x00,0xaf,0xf8,0xbf,0xf5,0x00,0x00,0x00,0x00,0x00,0xaf,0xf8,
  0xbf,0xf5,0x00,0x00,0x00,0x00,0x00,0xaf,0xf8,0xbf,0xf5,0x00,0x00,0x00,0x00,0x00,0xaf,0xf8,0xbf,0xf5,0x00,0x00,0x00,0x00,0x00,0xaf,0xf8,0xbf,0xf5,0x00,0x00,0x00,
  0x00,0x00,0xaf,0xf8,0xbf,0xf5,0x00,0x00,0x00,0x00,0x00,0xaf,0xf8,0xbf,0xf5,0x00,0x00,0x00,0x00,0x00,0xaf,0xf8,0xbf,0xf5,0x00,0x00,0x00,0x00,0x00,0xaf,0xf8,0xbf,
  0xf5,0x00,0x00,0x00,0x00,0x00,0xaf,0xf8,0xbf,0xf6,0x00,0x00,0x00,0x00,0x00,0xbf,0xf8,0xaf,0xf7,0x00,0x00,0x00,0x00,0x03,0xff,0xf8,0x9f,0xfa,0x00,0x00,0x00,0x00,
  0x0c,0xff,0xf8,0x6f,0xfe,0x10,0x00,0x00,0x00,0xaf,0xff,0xf8,0x1f,0xff,0xa1,0x00,0x00,0x3c,0xff,0xbf,0xf8,0x08,0xff,0xfd,0x88,0x8b,0xff,0xf6,0x7f,0xf8,0x00,0xaf,
  0xff,0xff,0xff,0xfe,0x40,0x7f,0xf8,0x00,0x06,0xdf,0xff,0xfd,0x71,0x00,0x5b,0xb6,0x00,0x00,0x01,0x44,0x20,0x00,0x00,0x00,0x00,0x24,0x43,0x00,0x00,0x00,0x00,0x00,
  0x01,0x44,0x41,0x5f,0xff,0x20,0x00,0x00,0x00,0x00,0x06,0xff,0xf1,0x0e,0xff,0x80,0x00,0x00,0x00,0x00,0x0c,0xff,0xa0,0x08,0xff,0xd0,0x00,0x00,0x00,0x00,0x2f,0xff,
  0x40,0x02,0xff,0xf4,0x00,0x00,0x00,0x00,0x8f,0xfd,0x00,0x00,0xbf,0xf9,0x00,0x00,0x00,0x00,0xdf,0xf7,0x00,0x00,0x5f,0xfe,0x10,0x00,0x00,0x04,0xff,0xf1,0x00,0x00,
  0x0d,0xff,0x50,0x00,0x00,0x09,0xff,0xa0,0x00,0x00,0x08,0xff,0xb0,0x00,0x00,0x1e,0xff,0x40,0x00,0x00,0x02,0xff,0xf1,0x00,0x00,0x5f,0xfd,0x00,0x00,0x00,0x00,0xbf,
  0xf7,0x00,0x00,0xbf,0xf7,0x00,0x00,0x00,0x00,0x4f,0xfc,0x00,0x01,0xff,0xf1,0x00,0x00,0x00,0x00,0x0d,0xff,0x30,0x07,0xff,0x90,0x00,0x00,0x00,0x00,0x07,0xff,0x80,
  0x0c,0xff,0x30,0x00,0x00,0x00,0x00,0x02,0xff,0xe0,0x3f,0xfc,0x00,0x00,0x00,0x00,0x00,0x00,0xaf,0xf4,0x8f,0xf6,0x00,0x00,0x00,0x00,0x00,0x00,0x4f,0xf9,0xdf,0xe1,
  0x00,0x00,0x00,0x00,0x00,0x00,0x0d,0xfe,0xff,0x90,0x00,0x00,0x00,0x00,0x00,0x00,0x07,0xff,0xff,0x30,0x00,0x00,0x00,0x00,0x00,0x00,0x01,0xff,0xfc,0x00,0x00,0x00,
  0x00,0x00,0x00,0x00,0x00,0xaf,0xf6,0x00,0x00,0x00,0x00,0x00,0x00,0x00,0x00,0x24,0x41,0x00,0x00,0x00,0x00,0x24,0x43,0x00,0x00,0x00,0x00,0x00,0x00,0x00,0x00,0x00,
  0x00,0x00,0x34,0x41,0x3f,0xff,0x10,0x00,0x00,0x00,0x00,0x00,0x00,0x00,0x00,0x00,0x01,0xff,0xf2,0x0e,0xff,0x50,0x00,0x00,0x00,0x07,0xbb,0x60,0x00,0x00,0x00,0x06,
  0xff,0xd0,0x09,0xff,0x90,0x00,0x00,0x00,0x0d,0xff,0xc0,0x00,0x00,0x00,0x0a,0xff,0x80,0x04,0xff,0xd0,0x00,0x00,0x00,0x4f,0xff,0xf2,0x00,0x00,0x00,0x0e,0xff,0x30,
  0x00,0xef,0xf3,0x00,0x00,0x00,0x9f,0xef,0xf8,0x00,0x00,0x00,0x4f,0xfd,0x00,0x00,0x9f,0xf7,0x00,0x00,0x00,0xef,0xbc,0xfd,0x00,0x00,0x00,0x8f,0xf8,0x00,0x00,0x5f,
  0xfb,0x00,0x00,0x05,0xff,0x79,0xff,0x40,0x00,0x00,0xcf,0xf4,0x00,0x00,0x1e,0xff,0x10,0x00,0x0a,0xff,0x35,0xff,0x90,0x00,0x02,0xff,0xe0,0x00,0x00,0x0a,0xff,0x50,
  0x00,0x1e,0xfe,0x01,0xef,0xe0,0x00,0x06,0xff,0x90,0x00,0x00,0x05,0xff,0x90,0x00,0x6f,0xf9,0x00,0xaf,0xf5,0x00,0x0a,0xff,0x40,0x00,0x00,0x01,0xff,0xd0,0x00,0xbf,
  0xf3,0x00,0x4f,0xfa,0x00,0x0e,0xfe,0x00,0x00,0x00,0x00,0xbf,0xf3,0x01,0xff,0xd0,0x00,0x0d,0xfe,0x10,0x4f,0xfa,0x00,0x00,0x00,0x00,0x6f,0xf7,0x06,0xff,0x70,0x00,
  0x08,0xff,0x50,0x8f,0xf5,0x00,0x00,0x00,0x00,0x1f,0xfb,0x0b,0xff,0x20,0x00,0x03,0xff,0xa0,0xcf,0xf1,0x00,0x00,0x00,0x00,0x0b,0xff,0x1e,0xfb,0x00,0x00,0x00,0xcf,
  0xe1,0xff,0xa0,0x00,0x00,0x00,0x00,0x07,0xff,0x8f,0xf6,0x00,0x00,0x00,0x7f,0xf8,0xff,0x60,0x00,0x00,0x00,0x00,0x02,0xff,0xef,0xe1,0x00,0x00,0x00,0x1f,0xfe,0xff,
  0x10,0x00,0x00,0x00,0x00,0x00,0xcf,0xff,0xa0,0x00,0x00,0x00,0x0b,0xff,0xfb,0x00,0x00,0x00,0x00,0x00,0x00,0x7f,0xff,0x40,0x00,0x00,0x00,0x05,0xff,0xf6,0x00,0x00,
  0x00,0x00,0x00,0x00,0x3f,0xfd,0x00,0x00,0x00,0x00,0x00,0xef,0xf2,0x00,0x00,0x00,0x00,0x00,0x00,0x04,0x43,0x00,0x00,0x00,0x00,0x00,0x34,0x30,0x00,0x00,0x00,0x03,
  0x44,0x30,0x00,0x00,0x00,0x00,0x01,0x44,0x41,0x06,0xff,0xf3,0x00,0x00,0x00,0x00,0x0c,0xff,0xc0,0x00,0xaf,0xfd,0x10,0x00,0x00,0x00,0x7f,0xfe,0x20,0x00,0x1d,0xff,
  0x90,0x00,0x00,0x03,0xff,0xf5,0x00,0x00,0x03,0xff,0xf4,0x00,0x00,0x0d,0xff,0x90,0x00,0x00,0x00,0x7f,0xfe,0x10,0x00,0x8f,0xfc,0x00,0x00,0x00,0x00,0x0b,0xff,0xa0,
  0x04,0xff,0xe2,0x00,0x00,0x00,0x00,0x01,0xdf,0xf6,0x1d,0xff,0x60,0x00,0x00,0x00,0x00,0x00,0x4f,0xfe,0xbf,0xf9,0x00,0x00,0x00,0x00,0x00,0x00,0x07,0xff,0xff,0xd1,
  0x00,0x00,0x00,0x00,0x00,0x00,0x00,0xdf,0xff,0x40,0x00,0x00,0x00,0x00,0x00,0x00,0x06,0xff,0xff,0xc0,0x00,0x00,0x00,0x00,0x00,0x00,0x3f,0xff,0xdf,0xf8,0x00,0x00,
  0x00,0x00,0x00,0x01,0xdf,0xf8,0x2e,0xff,0x50,0x00,0x00,0x00,0x00,0x0a,0xff,0xc0,0x06,0xff,0xe2,0x00,0x00,0x00,0x00,0x6f,0xfe,0x20,0x00,0xaf,0xfc,0x00,0x00,0x00,
  0x03,0xff,0xf6,0x00,0x00,0x1e,0xff,0x80,0x00,0x00,0x1d,0xff,0xa0,0x00,0x00,0x04,0xff,0xf5,0x00,0x00,0xaf,0xfd,0x10,0x00,0x00,0x00,0x9f,0xfe,0x20,0x06,0xff,0xf4,
  0x00,0x00,0x00,0x00,0x0c,0xff,0xc0,0x1b,0xbb,0x70,0x00,0x00,0x00,0x00,0x03,0xbb,0xb5,0x34,0x43,0x00,0x00,0x00,0x00,0x00,0x01,0x44,0x41,0x7f,0xfe,0x10,0x00,0x00,
  0x00,0x00,0x07,0xff,0xe1,0x1e,0xff,0x70,0x00,0x00,0x00,0x00,0x1e,0xff,0x70,0x08,0xff,0xe0,0x00,0x00,0x00,0x00,0x6f,0xfe,0x10,0x01,0xef,0xf6,0x00,0x00,0x00,0x00,
  0xdf,0xf8,0x00,0x00,0x9f,0xfc,0x00,0x00,0x00,0x06,0xff,0xe1,0x00,0x00,0x2f,0xff,0x40,0x00,0x00,0x0c,0xff,0x80,0x00,0x00,0x09,0xff,0xb0,0x00,0x00,0x5f,0xfe,0x10,
  0x00,0x00,0x02,0xff,0xf3,0x00,0x00,0xcf,0xf8,0x00,0x00,0x00,0x00,0xaf,0xfa,0x00,0x04,0xff,0xe1,0x00,0x00,0x00,0x00,0x2f,0xff,0x20,0x0b,0xff,0x80,0x00,0x00,0x00,
  0x00,0x0a,0xff,0x80,0x2f,0xfe,0x10,0x00,0x00,0x00,0x00,0x03,0xff,0xd0,0x9f,0xf8,0x00,0x00,0x00,0x00,0x00,0x00,0xbf,0xf5,0xef,0xf1,0x00,0x00,0x00,0x00,0x00,0x00,
  0x3f,0xfe,0xff,0x90,0x00,0x00,0x00,0x00,0x00,0x00,0x0b,0xff,0xff,0x20,0x00,0x00,0x00,0x00,0x00,0x00,0x04,0xff,0xf9,0x00,0x00,0x00,0x00,0x00,0x00,0x00,0x02,0xff,
  0xf2,0x00,0x00,0x00,0x00,0x00,0x00,0x00,0x09,0xff,0x90,0x00,0x00,0x00,0x00,0x00,0x00,0x00,0x2f,0xff,0x20,0x00,0x00,0x00,0x00,0x00,0x00,0x02,0xcf,0xf9,0x00,0x00,
  0x00,0x00,0x00,0x06,0xbb,0xbf,0xff,0xe1,0x00,0x00,0x00,0x00,0x00,0x04,0xff,0xff,0xfe,0x30,0x00,0x00,0x00,0x00,0x00,0x00,0xef,0xfd,0x91,0x00,0x00,0x00,0x00,0x00,
  0x00,0x02,0x44,0x44,0x44,0x44,0x44,0x44,0x44,0x00,0xaf,0xff,0xff,0xff,0xff,0xff,0xff,0xf2,0x0a,0xff,0xff,0xff,0xff,0xff,0xff,0xff,0x20,0x24,0x44,0x44,0x44,0x44,
  0x4d,0xff,0xa0,0x00,0x00,0x00,0x00,0x00,0x08,0xff,0xd1,0x00,0x00,0x00,0x00,0x00,0x06,0xff,0xe2,0x00,0x00,0x00,0x00,0x00,0x03,0xff,0xf5,0x00,0x00,0x00,0x00,0x00,
  0x01,0xdf,0xf9,0x00,0x00,0x00,0x00,0x00,0x00,0xbf,0xfc,0x00,0x00,0x00,0x00,0x00,0x00,0x8f,0xfe,0x20,0x00,0x00,0x00,0x00,0x00,0x5f,0xff,0x50,0x00,0x00,0x00,0x00,
  0x00,0x2e,0xff,0x80,0x00,0x00,0x00,0x00,0x00,0x1c,0xff,0xb0,0x00,0x00,0x00,0x00,0x00,0x09,0xff,0xe2,0x00,0x00,0x00,0x00,0x00,0x06,0xff,0xf4,0x00,0x00,0x00,0x00,
  0x00,0x03,0xff,0xf7,0x00,0x00,0x00,0x00,0x00,0x01,0xdf,0xfa,0x00,0x00,0x00,0x00,0x00,0x00,0xbf,0xfb,0x00,0x00,0x00,0x00,0x00,0x00,0x7f,0xff,0xcb,0xbb,0xbb,0xbb,
  0xbb,0xbb,0xa9,0xff,0xff,0xff,0xff,0xff,0xff,0xff,0xfd,0x7b,0xbb,0xbb,0xbb,0xbb,0xbb,0xbb,0xbb,0xa0,0x00,0x00,0x00,0x05,0xad,0xff,0x50,0x00,0x00,0x1b,0xff,0xff,
  0xf5,0x00,0x00,0x08,0xff,0xe9,0x64,0x10,0x00,0x00,0xdf,0xf2,0x00,0x00,0x00,0x00,0x0f,0xfb,0x00,0x00,0x00,0x00,0x01,0xff,0x90,0x00,0x00,0x00,0x00,0x1f,0xf9,0x00,
  0x00,0x00,0x00,0x01,0xff,0x90,0x00,0x00,0x00,0x00,0x1f,0xf9,0x00,0x00,0x00,0x00,0x01,0xff,0x90,0x00,0x00,0x00,0x00,0x1f,0xf9,0x00,0x00,0x00,0x00,0x02,0xff,0x80,
  0x00,0x00,0x00,0x00,0x6f,0xf6,0x00,0x00,0x00,0x00,0x1d,0xff,0x10,0x00,0x00,0x00,0x5d,0xff,0x70,0x00,0x00,0x07,0xff,0xff,0x70,0x00,0x00,0x00,0x7f,0xff,0xd5,0x00,
  0x00,0x00,0x00,0x47,0xef,0xf5,0x00,0x00,0x00,0x00,0x02,0xef,0xe1,0x00,0x00,0x00,0x00,0x07,0xff,0x50,0x00,0x00,0x00,0x00,0x3f,0xf8,0x00,0x00,0x00,0x00,0x01,0xff,
  0x90,0x00,0x00,0x00,0x00,0x1f,0xf9,0x00,0x00,0x00,0x00,0x01,0xff,0x90,0x00,0x00,0x00,0x00,0x1f,0xf9,0x00,0x00,0x00,0x00,0x01,0xff,0x90,0x00,0x00,0x00,0x00,0x1f,
  0xf9,0x00,0x00,0x00,0x00,0x01,0xff,0xa0,0x00,0x00,0x00,0x00,0x0e,0xfe,0x10,0x00,0x00,0x00,0x00,0x9f,0xfd,0x74,0x40,0x00,0x00,0x01,0xdf,0xff,0xff,0x50,0x00,0x00,
  0x01,0x8d,0xff,0xf5,0x00,0x00,0x00,0x00,0x00,0x34,0x10,0x5f,0x45,0xf4,0x5f,0x45,0xf4,0x5f,0x45,0xf4,0x5f,0x45,0xf4,0x5f,0x45,0xf4,0x5f,0x45,0xf4,0x5f,0x45,0xf4,
  0x5f,0x45,0xf4,0x5f,0x45,0xf4,0x5f,0x45,0xf4,0x5f,0x45,0xf4,0x5f,0x45,0xf4,0x5f,0x45,0xf4,0x5f,0x45,0xf4,0x5f,0x45,0xf4,0x5f,0x45,0xf4,0x5f,0x45,0xf4,0x9f,0xfc,
  0x93,0x00,0x00,0x00,0x09,0xff,0xff,0xf7,0x00,0x00,0x00,0x24,0x8b,0xff,0xf3,0x00,0x00,0x00,0x00,0x07,0xff,0x80,0x00,0x00,0x00,0x00,0x1f,0xfb,0x00,0x00,0x00,0x00,
  0x00,0xef,0xb0,0x00,0x00,0x00,0x00,0x0d,0xfb,0x00,0x00,0x00,0x00,0x00,0xdf,0xb0,0x00,0x00,0x00,0x00,0x0d,0xfb,0x00,0x00,0x00,0x00,0x00,0xdf,0xb0,0x00,0x00,0x00,
  0x00,0x0d,0xfb,0x00,0x00,0x00,0x00,0x00,0xdf,0xc0,0x00,0x00,0x00,0x00,0x0b,0xff,0x10,0x00,0x00,0x00,0x00,0x6f,0xfa,0x00,0x00,0x00,0x00,0x00,0xcf,0xfb,0x30,0x00,
  0x00,0x00,0x01,0xbf,0xff,0xf3,0x00,0x00,0x00,0x08,0xff,0xff,0x30,0x00,0x00,0x0a,0xff,0xc5,0x30,0x00,0x00,0x05,0xff,0xb0,0x00,0x00,0x00,0x00,0xaf,0xf2,0x00,0x00,
  0x00,0x00,0x0d,0xfd,0x00,0x00,0x00,0x00,0x00,0xdf,0xb0,0x00,0x00,0x00,0x00,0x0d,0xfb,0x00,0x00,0x00,0x00,0x00,0xdf,0xb0,0x00,0x00,0x00,0x00,0x0d,0xfb,0x00,0x00,
  0x00,0x00,0x00,0xdf,0xb0,0x00,0x00,0x00,0x00,0x0d,0xfb,0x00,0x00,0x00,0x00,0x00,0xff,0xb0,0x00,0x00,0x00,0x00,0x5f,0xf8,0x00,0x00,0x01,0x44,0x9f,0xff,0x40,0x00,
  0x00,0x9f,0xff,0xff,0x90,0x00,0x00,0x09,0xff,0xfa,0x50,0x00,0x00,0x00,0x24,0x10,0x00,0x00,0x00,0x00,0x00,0x00,0x04,0x10,0x00,0x00,0x00,0x00,0x8f,0xff,0xc6,0x10,
  0x00,0x40,0x1f,0xff,0xff,0xff,0xcb,0xdf,0x11,0x82,0x01,0x5a,0xff,0xff,0xc0,0x00,0x00,0x00,0x01,0x58,0x40,0x00,0x00,0x7d,0xfe,0x91,0x00,0x0a,0xff,0xbe,0xfe,0x20,
  0x5f,0xc1,0x00,0x8f,0xb0,0xbf,0x20,0x00,0x0d,0xf1,0xcf,0x00,0x00,0x0a,0xf2,0xbf,0x30,0x00,0x0d,0xf1,0x5f,0xd2,0x01,0x9f,0xa0,0x09,0xff,0xdf,0xfd,0x10,0x00,0x5c,
  0xfd,0x81,0x00,0x1b,0x40,0x00,0x00,0x00,0x00,0x00,0x00,0x00,0xa5,0x08,0xfe,0x40,0x00,0x00,0x00,0x00,0x00,0x00,0xaf,0xf2,0x1c,0xfe,0x40,0x00,0x00,0x00,0x00,0x00,
  0xaf,0xf6,0x00,0x1c,0xfe,0x40,0x00,0x00,0x00,0x00,0xaf,0xf6,0x00,0x00,0x1c,0xfe,0x40,0x00,0x00,0x00,0xaf,0xf6,0x00,0x00,0x00,0x1c,0xfe,0x40,0x00,0x00,0xaf,0xf6,
  0x00,0x00,0x00,0x00,0x1c,0xfe,0x40,0x00,0xaf,0xf6,0x00,0x00,0x00,0x00,0x00,0x1b,0xfe,0x40,0xaf,0xf6,0x00,0x00,0x00,0x00,0x00,0x00,0x1b,0xfe,0xbf,0xf6,0x00,0x00,
  0x00,0x00,0x00,0x00,0x00,0x1b,0xff,0xf5,0x00,0x00,0x00,0x00,0x00,0x00,0x00,0x00,0x9f,0xfe,0x40,0x00,0x00,0x00,0x00,0x00,0x00,0x00,0xaf,0xfd,0xfe,0x40,0x00,0x00,
  0x00,0x00,0x00,0x00,0xaf,0xf5,0x1b,0xfe,0x40,0x00,0x00,0x00,0x00,0x00,0xaf,0xf5,0x00,0x1b,0xfe,0x40,0x00,0x00,0x00,0x00,0xaf,0xf6,0x00,0x00,0x1b,0xfe,0x40,0x00,
  0x00,0x00,0xaf,0xf6,0x00,0x00,0x00,0x1c,0xfe,0x40,0x00,0x00,0xaf,0xf6,0x00,0x00,0x00,0x00,0x1c,0xfe,0x40,0x00,0xaf,0xf6,0x00,0x00,0x00,0x00,0x00,0x1c,0xfe,0x40,
  0x8f,0xf6,0x00,0x00,0x00,0x00,0x00,0x00,0x1c,0xfe,0x22,0xd6,0x00,0x00,0x00,0x00,0x00,0x00,0x00,0x1c,0x80,0x00,0x00,0x00,0x00,0x00,0x13,0x00,0x00,0x00,0x00,0x00,
  0x00,0x00,0x00,0x00,0x00,0x4e,0xfb,0x00,0x00,0x00,0x00,0x00,0x00,0x00,0x00,0x00,0x0c,0xff,0xf5,0x00,0x00,0x00,0x00,0x00,0x00,0x00,0x00,0x00,0xbf,0xff,0x40,0x00,
  0x00,0x00,0x00,0x00,0x00,0x00,0x00,0x03,0xdf,0x90,0x00,0x00,0x00,0x00,0x00,0x00,0x00,0x00,0x00,0x00,0x00,0x00,0x00,0x00,0x00,0x00,0x00,0x00,0x00,0x00,0x00,0x00,
  0x00,0x00,0x00,0x00,0x00,0x00,0x00,0x00,0x00,0x00,0x00,0x00,0x00,0x00,0x00,0x00,0x00,0x00,0x00,0x00,0x00,0x00,0x00,0x00,0x00,0x00,0x00,0x00,0x00,0x00,0x00,0x00,
  0x00,0x00,0x00,0x00,0x00,0x00,0x00,0x00,0xef,0xff,0xff,0xff,0xff,0xff,0xff,0xff,0xff,0xff,0xff,0x8e,0xff,0xff,0xff,0xff,0xff,0xff,0xff,0xff,0xff,0xff,0xf8,0x44,
  0x44,0x44,0x44,0x44,0x44,0x44,0x44,0x44,0x44,0x44,0x20,0x00,0x00,0x00,0x00,0x00,0x00,0x00,0x00,0x00,0x00,0x00,0x00,0x00,0x00,0x00,0x00,0x00,0x00,0x00,0x00,0x00,
  0x00,0x00,0x00,0x00,0x00,0x00,0x00,0x00,0x00,0x00,0x00,0x00,0x00,0x00,0x00,0x00,0x00,0x00,0x00,0x00,0x00,0x00,0x00,0x00,0x00,0x00,0x00,0x00,0x00,0x2a,0xb7,0x00,
  0x00,0x00,0x00,0x00,0x00,0x00,0x00,0x00,0x0a,0xff,0xf4,0x00,0x00,0x00,0x00,0x00,0x00,0x00,0x00,0x00,0xcf,0xff,0x50,0x00,0x00,0x00,0x00,0x00,0x00,0x00,0x00,0x06,
  0xff,0xd1,0x00,0x00,0x00,0x00,0x00,0x00,0x00,0x00,0x00,0x02,0x41,0x00,0x00,0x00,0x00,0x00,0x5f,0xff,0xb0,0x00,0x00,0x01,0xff,0xff,0x10,0x00,0x00,0x0b,0xff,0xf5,
  0x5f,0xff,0xb0,0x00,0x00,0x01,0xff,0xff,0x10,0x00,0x00,0x0b,0xff,0xf5,0x5f,0xff,0xb0,0x00,0x00,0x01,0xff,0xff,0x10,0x00,0x00,0x0b,0xff,0xf5,0x5f,0xff,0xb0,0x00,
  0x00,0x01,0xff,0xff,0x10,0x00,0x00,0x0b,0xff,0xf5,0x14,0x44,0x30,0x00,0x00,0x00,0x44,0x44,0x00,0x00,0x00,0x03,0x44,0x41,0x00,0x7d,0xfe,0x91,0x00,0x00,0x00,0x00,
  0x00,0x00,0x00,0x00,0x00,0x00,0x00,0x00,0x0a,0xff,0xbe,0xfe,0x20,0x00,0x00,0x00,0x00,0x02,0x44,0x30,0x00,0x00,0x00,0x00,0x5f,0xc1,0x00,0x8f,0xb0,0x00,0x00,0x00,
  0x5a,0xef,0xff,0xff,0xd9,0x30,0x00,0x00,0xbf,0x20,0x00,0x0d,0xf1,0x00,0x00,0x4d,0xff,0xff,0xff,0xff,0xff,0xfb,0x20,0x00,0xcf,0x00,0x00,0x0a,0xf2,0x00,0x09,0xff,
  0xff,0xeb,0x88,0x9b,0xff,0xff,0xe6,0x00,0xbf,0x30,0x00,0x0d,0xf1,0x00,0xaf,0xff,0xc5,0x00,0x00,0x00,0x16,0xef,0xff,0x30,0x5f,0xd2,0x01,0x9f,0xa0,0x09,0xff,0xf9,
  0x00,0x00,0x00,0x00,0x00,0x1b,0xf9,0x00,0x09,0xff,0xdf,0xfd,0x10,0x5f,0xff,0x90,0x00,0x00,0x00,0x00,0x00,0x00,0x81,0x00,0x00,0x5c,0xfd,0x81,0x00,0xdf,0xfc,0x00,
  0x00,0x00,0x00,0x00,0x00,0x00,0x00,0x00,0x00,0x00,0x00,0x00,0x06,0xff,0xf4,0x00,0x00,0x00,0x00,0x00,0x00,0x00,0x00,0x00,0x00,0x00,0x00,0x00,0x0c,0xff,0xb0,0x00,
  0x00,0x00,0x00,0x00,0x00,0x00,0x00,0x00,0x00,0x00,0x00,0x00,0x2f,0xff,0x60,0x00,0x00,0x00,0x00,0x00,0x00,0x00,0x00,0x00,0x00,0x00,0x00,0x00,0x5f,0xff,0x10,0x00,
  0x00,0x00,0x00,0x00,0x00,0x00,0x00,0x00,0x00,0x00,0x00,0x00,0x8f,0xfd,0x00,0x00,0x00,0x00,0x00,0x00,0x00,0x00,0x00,0x00,0x00,0x00,0x00,0x00,0xaf,0xfb,0x00,0x00,
  0x00,0x00,0x00,0x00,0x00,0x00,0x00,0x00,0x00,0x00,0x00,0x00,0xbf,0xfa,0x00,0x00,0x00,0x00,0x00,0x00,0x00,0x00,0x00,0x00,0x00,0x00,0x00,0x00,0xbf,0xfa,0x00,0x00,
  0x00,0x00,0x00,0x00,0x00,0x00,0x00,0x00,0x00,0x00,0x00,0x00,0xaf,0xfa,0x00,0x00,0x00,0x00,0x00,0x00,0x00,0x00,0x00,0x00,0x00,0x00,0x00,0x00,0x9f,0xfc,0x00,0x00,
  0x00,0x00,0x00,0x00,0x00,0x00,0x00,0x00,0x00,0x00,0x00,0x00,0x7f,0xfe,0x00,0x00,0x00,0x00,0x00,0x00,0x00,0x00,0x00,0x00,0x00,0x00,0x00,0x00,0x4f,0xff,0x30,0x00,
  0x00,0x00,0x00,0x00,0x00,0x00,0x00,0x00,0x00,0x00,0x00,0x00,0x1e,0xff,0x80,0x00,0x00,0x00,0x00,0x00,0x00,0x00,0x00,0x00,0x00,0x00,0x00,0x00,0x0a,0xff,0xe1,0x00,
  0x00,0x00,0x00,0x00,0x00,0x00,0x00,0x00,0x00,0x00,0x00,0x00,0x03,0xff,0xf9,0x00,0x00,0x00,0x00,0x00,0x00,0x00,0x00,0x00,0x00,0x00,0x00,0x00,0x00,0xaf,0xff,0x60,
  0x00,0x00,0x00,0x00,0x00,0x00,0x19,0x00,0x00,0x00,0x00,0x00,0x00,0x1e,0xff,0xf7,0x00,0x00,0x00,0x00,0x00,0x03,0xdf,0x70,0x00,0x00,0x00,0x00,0x00,0x03,0xef,0xff,
  0xc4,0x00,0x00,0x00,0x03,0xaf,0xff,0xf1,0x00,0x00,0x00,0x00,0x00,0x00,0x3d,0xff,0xff,0xd9,0x88,0x89,0xdf,0xff,0xfe,0x50,0x00,0x00,0x00,0x00,0x00,0x00,0x01,0x9f,
  0xff,0xff,0xff,0xff,0xff,0xff,0x91,0x00,0x00,0x00,0x00,0x00,0x00,0x00,0x00,0x02,0x9e,0xff,0xff,0xff,0xfd,0x82,0x00,0x00,0x00,0x00,0x00,0x00,0x00,0x00,0x00,0x00,
  0x00,0x24,0x57,0x44,0x10,0x00,0x00,0x00,0x00,0x00,0x00,0x00,0x03,0x44,0x10,0x00,0x00,0x00,0x00,0x00,0x00,0x00,0x00,0x00,0x00,0x00,0x00,0x9f,0xf9,0x00,0x00,0x00,
  0x00,0x00,0x00,0x00,0x00,0x00,0x00,0x00,0x00,0x1b,0xff,0x80,0x00,0x00,0x00,0x00,0x00,0x00,0x00,0x00,0x00,0x00,0x00,0x02,0xcf,0xf7,0x00,0x00,0x00,0x00,0x00,0x00,
  0x00,0x00,0x00,0x00,0x00,0x00,0x3d,0xff,0x60,0x00,0x00,0x00,0x00,0x00,0x00,0x00,0x00,0x00,0x00,0x00,0x04,0xef,0xf5,0x00,0x00,0x00,0x00,0x00,0x00,0x00,0x00,0x00,
  0x00,0x00,0x00,0x6f,0xfe,0x40,0x00,0x00,0x00,0x00,0x00,0x00,0x00,0x00,0x00,0x00,0x00,0x08,0xff,0xff,0xff,0xff,0xff,0xff,0xff,0xff,0xff,0xff,0xff,0xff,0xff,0xf1,
  0x1a,0xff,0xff,0xff,0xff,0xff,0xff,0xff,0xff,0xff,0xff,0xff,0xff,0xff,0xf1,0x00,0x8f,0xff,0x64,0x44,0x44,0x44,0x44,0x44,0x44,0x44,0x44,0x44,0x44,0x40,0x00,0x06,
  0xff,0xe3,0x00,0x00,0x00,0x00,0x00,0x00,0x00,0x00,0x00,0x00,0x00,0x00,0x00,0x4e,0xfe,0x40,0x00,0x00,0x00,0x00,0x00,0x00,0x00,0x00,0x00,0x00,0x00,0x00,0x03,0xef,
  0xf5,0x00,0x00,0x00,0x00,0x00,0x00,0x00,0x00,0x00,0x00,0x00,0x00,0x00,0x2c,0xff,0x60,0x00,0x00,0x00,0x00,0x00,0x00,0x00,0x00,0x00,0x00,0x00,0x00,0x01,0xbf,0xf7,
  0x00,0x00,0x00,0x00,0x00,0x00,0x00,0x00,0x00,0x00,0x00,0x00,0x00,0x07,0x88,0x20,0x00,0x00,0x00,0x00,0x00,0x00,0x00,0x00,0x00,0x00,0x00,0x08,0x80,0x00,0x00,0x00,
  0x00,0x00,0x00,0x6f,0xf6,0x00,0x00,0x00,0x00,0x00,0x04,0xff,0xff,0x40,0x00,0x00,0x00,0x00,0x3e,0xff,0xff,0xe3,0x00,0x00,0x00,0x02,0xdf,0xff,0xff,0xfd,0x20,0x00,
  0x00,0x1c,0xff,0x5f,0xf5,0xff,0xc1,0x00,0x00,0xbf,0xf5,0x1f,0xf1,0x5f,0xfb,0x00,0x09,0xff,0x60,0x1f,0xf1,0x06,0xff,0x90,0x5f,0xf7,0x00,0x1f,0xf1,0x00,0x7f,0xf5,
  0x6f,0x80,0x00,0x1f,0xf1,0x00,0x08,0xf6,0x69,0x00,0x00,0x1f,0xf1,0x00,0x00,0x96,0x20,0x00,0x00,0x1f,0xf1,0x00,0x00,0x02,0x00,0x00,0x00,0x1f,0xf1,0x00,0x00,0x00,
  0x00,0x00,0x00,0x1f,0xf1,0x00,0x00,0x00,0x00,0x00,0x00,0x1f,0xf1,0x00,0x00,0x00,0x00,0x00,0x00,0x1f,0xf1,0x00,0x00,0x00,0x00,0x00,0x00,0x1f,0xf1,0x00,0x00,0x00,
  0x00,0x00,0x00,0x1f,0xf1,0x00,0x00,0x00,0x00,0x00,0x00,0x1f,0xf1,0x00,0x00,0x00,0x00,0x00,0x00,0x1f,0xf1,0x00,0x00,0x00,0x00,0x00,0x00,0x1f,0xf1,0x00,0x00,0x00,
  0x00,0x00,0x00,0x1f,0xf1,0x00,0x00,0x00,0x00,0x00,0x00,0x1f,0xf1,0x00,0x00,0x00,0x00,0x00,0x00,0x1f,0xf1,0x00,0x00,0x00,0x00,0x00,0x00,0x1f,0xf1,0x00,0x00,0x00,
  0x00,0x00,0x00,0x1f,0xf1,0x00,0x00,0x00,0x00,0x00,0x00,0x1f,0xf1,0x00,0x00,0x00,0x00,0x00,0x00,0x1f,0xf1,0x00,0x00,0x00,0x00,0x00,0x00,0x04,0x40,0x00,0x00,0x00,
  0x00,0x00,0x00,0x00,0x00,0x00,0x00,0x00,0x01,0x44,0x30,0x00,0x00,0x00,0x00,0x00,0x00,0x00,0x00,0x00,0x00,0x00,0x00,0x00,0x9f,0xf9,0x00,0x00,0x00,0x00,0x00,0x00,
  0x00,0x00,0x00,0x00,0x00,0x00,0x00,0x08,0xff,0xb1,0x00,0x00,0x00,0x00,0x00,0x00,0x00,0x00,0x00,0x00,0x00,0x00,0x00,0x7f,0xfc,0x20,0x00,0x00,0x00,0x00,0x00,0x00,
  0x00,0x00,0x00,0x00,0x00,0x00,0x06,0xff,0xd3,0x00,0x00,0x00,0x00,0x00,0x00,0x00,0x00,0x00,0x00,0x00,0x00,0x00,0x5f,0xfe,0x40,0x00,0x00,0x00,0x00,0x00,0x00,0x00,
  0x00,0x00,0x00,0x00,0x00,0x04,0xef,0xf6,0x00,0x1f,0xff,0xff,0xff,0xff,0xff,0xff,0xff,0xff,0xff,0xff,0xff,0xff,0xff,0x80,0x1f,0xff,0xff,0xff,0xff,0xff,0xff,0xff,
  0xff,0xff,0xff,0xff,0xff,0xff,0xa1,0x04,0x44,0x44,0x44,0x44,0x44,0x44,0x44,0x44,0x44,0x44,0x46,0xff,0xf8,0x00,0x00,0x00,0x00,0x00,0x00,0x00,0x00,0x00,0x00,0x00,
  0x00,0x3e,0xff,0x60,0x00,0x00,0x00,0x00,0x00,0x00,0x00,0x00,0x00,0x00,0x00,0x04,0xef,0xe4,0x00,0x00,0x00,0x00,0x00,0x00,0x00,0x00,0x00,0x00,0x00,0x00,0x5f,0xfe,
  0x30,0x00,0x00,0x00,0x00,0x00,0x00,0x00,0x00,0x00,0x00,0x00,0x06,0xff,0xc2,0x00,0x00,0x00,0x00,0x00,0x00,0x00,0x00,0x00,0x00,0x00,0x00,0x7f,0xfb,0x10,0x00,0x00,
  0x00,0x00,0x00,0x00,0x00,0x00,0x00,0x00,0x00,0x02,0x88,0x70,0x00,0x00,0x00,0x00,0x00,0x00,0x00,0x1f,0xf1,0x00,0x00,0x00,0x00,0x00,0x00,0x1f,0xf1,0x00,0x00,0x00,
  0x00,0x00,0x00,0x1f,0xf1,0x00,0x00,0x00,0x00,0x00,0x00,0x1f,0xf1,0x00,0x00,0x00,0x00,0x00,0x00,0x1f,0xf1,0x00,0x00,0x00,0x00,0x00,0x00,0x1f,0xf1,0x00,0x00,0x00,
  0x00,0x00,0x00,0x1f,0xf1,0x00,0x00,0x00,0x00,0x00,0x00,0x1f,0xf1,0x00,0x00,0x00,0x00,0x00,0x00,0x1f,0xf1,0x00,0x00,0x00,0x00,0x00,0x00,0x1f,0xf1,0x00,0x00,0x00,
  0x00,0x00,0x00,0x1f,0xf1,0x00,0x00,0x00,0x00,0x00,0x00,0x1f,0xf1,0x00,0x00,0x00,0x00,0x00,0x00,0x1f,0xf1,0x00,0x00,0x00,0x00,0x00,0x00,0x1f,0xf1,0x00,0x00,0x00,
  0x00,0x00,0x00,0x1f,0xf1,0x00,0x00,0x00,0x00,0x00,0x00,0x1f,0xf1,0x00,0x00,0x00,0x10,0x00,0x00,0x1f,0xf1,0x00,0x00,0x01,0x67,0x00,0x00,0x1f,0xf1,0x00,0x00,0x76,
  0x6f,0x60,0x00,0x1f,0xf1,0x00,0x06,0xf6,0x6f,0xf5,0x00,0x1f,0xf1,0x00,0x5f,0xf6,0x0b,0xff,0x40,0x1f,0xf1,0x04,0xff,0xb0,0x01,0xcf,0xe3,0x1f,0xf1,0x3e,0xfd,0x10,
  0x00,0x2d,0xfe,0x3f,0xf3,0xef,0xe2,0x00,0x00,0x03,0xef,0xef,0xfe,0xfe,0x30,0x00,0x00,0x00,0x4f,0xff,0xff,0xf4,0x00,0x00,0x00,0x00,0x06,0xff,0xff,0x60,0x00,0x00,
  0x00,0x00,0x00,0x8f,0xf8,0x00,0x00,0x00,0x00,0x00,0x00,0x0a,0xa0,0x00,0x00,0x00,0x00,0x00,0x00,0x01,0x10,0x00,0x00,0x00,0x00,0x00,0x00,0x00,0x00,0x00,0x00,0x03,
  0x40,0x00,0x00,0x00,0x00,0x00,0x00,0x00,0x00,0x00,0x00,0x00,0x00,0x27,0xbf,0xff,0xff,0xfb,0x72,0x00,0x00,0x00,0x00,0x00,0x00,0x00,0x00,0x00,0x2a,0xff,0xff,0xff,
  0xff,0xff,0xff,0xa2,0x00,0x00,0x00,0x00,0x00,0x00,0x00,0x07,0xff,0xfe,0x95,0x40,0x04,0x59,0xef,0xff,0x70,0x00,0x00,0x00,0x00,0x00,0x01,0xbf,0xfd,0x50,0x00,0x00,
  0x00,0x00,0x05,0xdf,0xfb,0x10,0x00,0x00,0x00,0x00,0x1c,0xff,0x80,0x00,0x00,0x00,0x00,0x00,0x00,0x08,0xff,0xc1,0x00,0x00,0x00,0x00,0xbf,0xf5,0x00,0x00,0x00,0x00,
  0x00,0x00,0x00,0x00,0x5f,0xfb,0x00,0x00,0x00,0x08,0xff,0x50,0x00,0x00,0x00,0x00,0x00,0x00,0x00,0x00,0x05,0xff,0x70,0x00,0x00,0x3f,0xf8,0x00,0x00,0x00,0x00,0x00,
  0x00,0x00,0x00,0x00,0x00,0x8f,0xf2,0x00,0x00,0xaf,0xd0,0x00,0x00,0x00,0x00,0x00,0x00,0x00,0x00,0x00,0x00,0x0d,0xfa,0x00,0x02,0xff,0x50,0x00,0x00,0x00,0x00,0x00,
  0x00,0x00,0x00,0x00,0x00,0x05,0xff,0x20,0x08,0xfd,0x00,0x00,0x00,0x00,0x00,0x00,0x00,0x00,0x00,0x00,0x00,0x00,0xdf,0x70,0x0c,0xf8,0x00,0x00,0x00,0x00,0x00,0x00,
  0x00,0x00,0x00,0x00,0x00,0x00,0x8f,0xc0,0x0f,0xf4,0x00,0x00,0x00,0x00,0x00,0x00,0x00,0x00,0x00,0x00,0x00,0x00,0x4f,0xf0,0x2f,0xf2,0x00,0x00,0x00,0x00,0x00,0x00,
  0x00,0x00,0x00,0x00,0x00,0x00,0x2f,0xf2,0x3f,0xf0,0x00,0x00,0x00,0x00,0x00,0x00,0x00,0x00,0x00,0x00,0x00,0x00,0x1f,0xf3,0x3f,0xf0,0x00,0x00,0x00,0x00,0x00,0x00,
  0x00,0x00,0x00,0x00,0x00,0x00,0x0f,0xf3,0x2f,0xf1,0x00,0x00,0x00,0x00,0x00,0x00,0x00,0x00,0x00,0x00,0x00,0x00,0x2f,0xf2,0x1f,0xf4,0x00,0x00,0x00,0x00,0x00,0x00,
  0x00,0x00,0x00,0x00,0x00,0x00,0x4f,0xf0,0x0d,0xf7,0x00,0x00,0x00,0x00,0x00,0x00,0x00,0x00,0x00,0x00,0x00,0x00,0x7f,0xc0,0x08,0xfc,0x00,0x00,0x00,0x00,0x00,0x00,
  0x00,0x00,0x00,0x00,0x00,0x00,0xcf,0x80,0x03,0xff,0x40,0x00,0x00,0x00,0x00,0x00,0x00,0x00,0x00,0x00,0x00,0x04,0xff,0x30,0x00,0xcf,0xc0,0x00,0x00,0x00,0x00,0x00,
  0x00,0x00,0x00,0x00,0x00,0x0c,0xfb,0x00,0x00,0x4f,0xf6,0x00,0x00,0x00,0x00,0x00,0x00,0x00,0x00,0x00,0x00,0x6f,0xf3,0x00,0x00,0x09,0xff,0x30,0x00,0x00,0x00,0x00,
  0x00,0x00,0x00,0x00,0x03,0xff,0x90,0x00,0x00,0x01,0xdf,0xe3,0x00,0x00,0x00,0x00,0x00,0x00,0x00,0x00,0x3e,0xfc,0x10,0x00,0x00,0x00,0x2d,0xfe,0x60,0x00,0x00,0x00,
  0x00,0x00,0x00,0x06,0xff,0xd2,0x00,0x00,0x00,0x00,0x02,0xdf,0xfb,0x30,0x00,0x00,0x00,0x00,0x03,0xbf,0xfc,0x20,0x00,0x00,0x00,0x00,0x00,0x1a,0xff,0xfc,0x63,0x00,
  0x00,0x36,0xcf,0xff,0x91,0x00,0x00,0x00,0x00,0x00,0x00,0x00,0x4c,0xff,0xff,0xff,0xff,0xff,0xff,0xc4,0x00,0x00,0x00,0x00,0x00,0x00,0x00,0x00,0x00,0x49,0xdf,0xff,
  0xff,0xfd,0x94,0x00,0x00,0x00,0x00,0x00,0x00,0x00,0x00,0x00,0x00,0x00,0x01,0x44,0x44,0x10,0x00,0x00,0x00,0x00,0x00,0x00,0x00,0x00,0x00,0x00,0x00,0x00,0x00,0x03,
  0x40,0x00,0x00,0x00,0x00,0x00,0x00,0x00,0x00,0x00,0x00,0x00,0x00,0x27,0xbf,0xff,0xff,0xfb,0x72,0x00,0x00,0x00,0x00,0x00,0x00,0x00,0x00,0x00,0x2a,0xff,0xff,0xff,
  0xff,0xff,0xff,0xa2,0x00,0x00,0x00,0x00,0x00,0x00,0x00,0x07,0xff,0xff,0xff,0xff,0xff,0xff,0xff,0xff,0x70,0x00,0x00,0x00,0x00,0x00,0x01,0xbf,0xff,0xff,0xff,0xff,
  0xff,0xff,0xff,0xff,0xfb,0x10,0x00,0x00,0x00,0x00,0x1c,0xff,0xff,0xff,0xff,0xff,0xff,0xff,0xff,0xff,0xff,0xc1,0x00,0x00,0x00,0x00,0xbf,0xff,0xff,0xff,0xff,0xff,
  0xff,0xff,0xff,0xff,0xff,0xfb,0x00,0x00,0x00,0x08,0xff,0xff,0xff,0xff,0xff,0xff,0xff,0xff,0xff,0xff,0xff,0xff,0x70,0x00,0x00,0x3f,0xff,0xff,0xff,0xff,0xff,0xff,
  0xff,0xff,0xff,0xff,0xff,0xff,0xf2,0x00,0x00,0xaf,0xff,0xff,0xff,0xff,0xff,0xff,0xff,0xff,0xff,0xff,0xff,0xff,0xfa,0x00,0x02,0xff,0xff,0xff,0xff,0xff,0xff,0xff,
  0xff,0xff,0xff,0xff,0xff,0xff,0xff,0x20,0x08,0xff,0xff,0xff,0xff,0xff,0xff,0xff,0xff,0xff,0xff,0xff,0xff,0xff,0xff,0x70,0x0c,0xff,0xff,0xff,0xff,0xff,0xff,0xff,
  0xff,0xff,0xff,0xff,0xff,0xff,0xff,0xc0,0x0f,0xff,0xff,0xff,0xff,0xff,0xff,0xff,0xff,0xff,0xff,0xff,0xff,0xff,0xff,0xf0,0x2f,0xff,0xff,0xff,0xff,0xff,0xff,0xff,
  0xff,0xff,0xff,0xff,0xff,0xff,0xff,0xf2,0x3f,0xff,0xff,0xff,0xff,0xff,0xff,0xff,0xff,0xff,0xff,0xff,0xff,0xff,0xff,0xf3,0x3f,0xff,0xff,0xff,0xff,0xff,0xff,0xff,
  0xff,0xff,0xff,0xff,0xff,0xff,0xff,0xf3,0x2f,0xff,0xff,0xff,0xff,0xff,0xff,0xff,0xff,0xff,0xff,0xff,0xff,0xff,0xff,0xf2,0x1f,0xff,0xff,0xff,0xff,0xff,0xff,0xff,
  0xff,0xff,0xff,0xff,0xff,0xff,0xff,0xf0,0x0d,0xff,0xff,0xff,0xff,0xff,0xff,0xff,0xff,0xff,0xff,0xff,0xff,0xff,0xff,0xc0,0x08,0xff,0xff,0xff,0xff,0xff,0xff,0xff,
  0xff,0xff,0xff,0xff,0xff,0xff,0xff,0x80,0x03,0xff,0xff,0xff,0xff,0xff,0xff,0xff,0xff,0xff,0xff,0xff,0xff,0xff,0xff,0x30,0x00,0xcf,0xff,0xff,0xff,0xff,0xff,0xff,
  0xff,0xff,0xff,0xff,0xff,0xff,0xfb,0x00,0x00,0x4f,0xff,0xff,0xff,0xff,0xff,0xff,0xff,0xff,0xff,0xff,0xff,0xff,0xf3,0x00,0x00,0x09,0xff,0xff,0xff,0xff,0xff,0xff,
  0xff,0xff,0xff,0xff,0xff,0xff,0x90,0x00,0x00,0x01,0xdf,0xff,0xff,0xff,0xff,0xff,0xff,0xff,0xff,0xff,0xff,0xfc,0x10,0x00,0x00,0x00,0x2d,0xff,0xff,0xff,0xff,0xff,
  0xff,0xff,0xff,0xff,0xff,0xd2,0x00,0x00,0x00,0x00,0x02,0xdf,0xff,0xff,0xff,0xff,0xff,0xff,0xff,0xff,0xfc,0x20,0x00,0x00,0x00,0x00,0x00,0x1a,0xff,0xff,0xff,0xff,
  0xff,0xff,0xff,0xff,0x91,0x00,0x00,0x00,0x00,0x00,0x00,0x00,0x4c,0xff,0xff,0xff,0xff,0xff,0xff,0xc4,0x00,0x00,0x00,0x00,0x00,0x00,0x00,0x00,0x00,0x49,0xdf,0xff,
  0xff,0xfd,0x94,0x00,0x00,0x00,0x00,0x00,0x00,0x00,0x00,0x00,0x00,0x00,0x01,0x44,0x44,0x10,0x00,0x00,0x00,0x00,0x00,0x00,0x00,0x00,0x00,0x00,0x00,0x00,0x00,0x04,
  0x40,0x00,0x00,0x00,0x00,0x00,0x00,0x00,0x00,0x00,0x00,0x00,0x00,0x00,0x00,0x0a,0xa0,0x00,0x00,0x00,0x00,0x00,0x00,0x00,0x00,0x00,0x00,0x00,0x00,0x00,0x00,0x1e,
  0xe1,0x00,0x00,0x00,0x00,0x00,0x00,0x00,0x00,0x00,0x00,0x00,0x00,0x00,0x00,0x6f,0xf6,0x00,0x00,0x00,0x00,0x00,0x00,0x00,0x00,0x00,0x00,0x00,0x00,0x00,0x00,0xcf,
  0xfc,0x00,0x00,0x00,0x00,0x00,0x00,0x00,0x00,0x00,0x00,0x00,0x00,0x00,0x02,0xff,0xff,0x20,0x00,0x00,0x00,0x00,0x00,0x00,0x00,0x00,0x00,0x00,0x00,0x00,0x08,0xff,
  0xff,0x80,0x00,0x00,0x00,0x00,0x00,0x00,0x00,0x00,0x00,0x00,0x00,0x00,0x0d,0xff,0xff,0xd0,0x00,0x00,0x00,0x00,0x00,0x00,0x00,0x00,0x00,0x00,0x00,0x00,0x4f,0xff,
  0xff,0xf4,0x00,0x00,0x00,0x00,0x00,0x00,0x00,0x00,0x00,0x00,0x00,0x00,0x9f,0xff,0xff,0xf9,0x00,0x00,0x00,0x00,0x00,0x00,0x00,0x00,0x00,0x00,0x00,0x01,0xef,0xff,
  0xff,0xfe,0x10,0x00,0x00,0x00,0x00,0x00,0x8b,0xbb,0xbb,0xbb,0xbb,0xbc,0xff,0xff,0xff,0xff,0xcb,0xbb,0xbb,0xbb,0xbb,0xb8,0x19,0xff,0xff,0xff,0xff,0xff,0xff,0xff,
  0xff,0xff,0xff,0xff,0xff,0xff,0xff,0xa1,0x00,0x6f,0xff,0xff,0xff,0xff,0xff,0xff,0xff,0xff,0xff,0xff,0xff,0xff,0xf6,0x00,0x00,0x03,0xef,0xff,0xff,0xff,0xff,0xff,
  0xff,0xff,0xff,0xff,0xff,0xfe,0x30,0x00,0x00,0x00,0x1b,0xff,0xff,0xff,0xff,0xff,0xff,0xff,0xff,0xff,0xff,0xc1,0x00,0x00,0x00,0x00,0x00,0x8f,0xff,0xff,0xff,0xff,
  0xff,0xff,0xff,0xff,0xf9,0x00,0x00,0x00,0x00,0x00,0x00,0x05,0xef,0xff,0xff,0xff,0xff,0xff,0xff,0xfe,0x60,0x00,0x00,0x00,0x00,0x00,0x00,0x00,0x3e,0xff,0xff,0xff,
  0xff,0xff,0xff,0xe3,0x00,0x00,0x00,0x00,0x00,0x00,0x00,0x00,0x1f,0xff,0xff,0xff,0xff,0xff,0xff,0xf1,0x00,0x00,0x00,0x00,0x00,0x00,0x00,0x00,0x5f,0xff,0xff,0xff,
  0xff,0xff,0xff,0xf6,0x00,0x00,0x00,0x00,0x00,0x00,0x00,0x00,0xbf,0xff,0xff,0xff,0xff,0xff,0xff,0xfb,0x00,0x00,0x00,0x00,0x00,0x00,0x00,0x01,0xff,0xff,0xff,0xff,
  0xff,0xff,0xff,0xff,0x10,0x00,0x00,0x00,0x00,0x00,0x00,0x06,0xff,0xff,0xff,0xfd,0xdf,0xff,0xff,0xff,0x60,0x00,0x00,0x00,0x00,0x00,0x00,0x0b,0xff,0xff,0xff,0xa1,
  0x1a,0xff,0xff,0xff,0xb0,0x00,0x00,0x00,0x00,0x00,0x00,0x1f,0xff,0xff,0xe6,0x00,0x00,0x6e,0xff,0xff,0xf1,0x00,0x00,0x00,0x00,0x00,0x00,0x6f,0xff,0xfc,0x20,0x00,
  0x00,0x02,0xcf,0xff,0xf6,0x00,0x00,0x00,0x00,0x00,0x00,0xbf,0xff,0x80,0x00,0x00,0x00,0x00,0x08,0xff,0xfb,0x00,0x00,0x00,0x00,0x00,0x01,0xff,0xe4,0x00,0x00,0x00,
  0x00,0x00,0x00,0x4e,0xff,0x10,0x00,0x00,0x00,0x00,0x06,0xfb,0x10,0x00,0x00,0x00,0x00,0x00,0x00,0x01,0xbf,0x60,0x00,0x00,0x00,0x00,0x0b,0x70,0x00,0x00,0x00,0x00,
  0x00,0x00,0x00,0x00,0x07,0xb0,0x00,0x00,0x00,0x00,0x03,0x00,0x00,0x00,0x00,0x00,0x00,0x00,0x00,0x00,0x00,0x30,0x00,0x00,0x00,0x00,0x00,0x00,0x00,0x00,0x00,0x04,
  0x40,0x00,0x00,0x00,0x00,0x00,0x00,0x00,0x00,0x00,0x00,0x00,0x00,0x00,0x00,0x0a,0xa0,0x00,0x00,0x00,0x00,0x00,0x00,0x00,0x00,0x00,0x00,0x00,0x00,0x00,0x00,0x1e,
  0xe1,0x00,0x00,0x00,0x00,0x00,0x00,0x00,0x00,0x00,0x00,0x00,0x00,0x00,0x00,0x6f,0xf6,0x00,0x00,0x00,0x00,0x00,0x00,0x00,0x00,0x00,0x00,0x00,0x00,0x00,0x00,0xcf,
  0xfc,0x00,0x00,0x00,0x00,0x00,0x00,0x00,0x00,0x00,0x00,0x00,0x00,0x00,0x02,0xfc,0xcf,0x20,0x00,0x00,0x00,0x00,0x00,0x00,0x00,0x00,0x00,0x00,0x00,0x00,0x08,0xf7,
  0x7f,0x80,0x00,0x00,0x00,0x00,0x00,0x00,0x00,0x00,0x00,0x00,0x00,0x00,0x0d,0xf2,0x2f,0xd0,0x00,0x00,0x00,0x00,0x00,0x00,0x00,0x00,0x00,0x00,0x00,0x00,0x4f,0xb0,
  0x0b,0xf4,0x00,0x00,0x00,0x00,0x00,0x00,0x00,0x00,0x00,0x00,0x00,0x00,0x9f,0x60,0x06,0xf9,0x00,0x00,0x00,0x00,0x00,0x00,0x00,0x00,0x00,0x00,0x00,0x01,0xee,0x10,
  0x01,0xee,0x10,0x00,0x00,0x00,0x00,0x00,0x8b,0xbb,0xbb,0xbb,0xbb,0xbc,0xfa,0x00,0x00,0xaf,0xcb,0xbb,0xbb,0xbb,0xbb,0xb8,0x19,0xff,0xff,0xff,0xff,0xff,0xf4,0x00,
  0x00,0x4f,0xff,0xff,0xff,0xff,0xff,0xa1,0x00,0x6f,0xf7,0x00,0x00,0x00,0x00,0x00,0x00,0x00,0x00,0x00,0x00,0x7f,0xf6,0x00,0x00,0x03,0xef,0xa1,0x00,0x00,0x00,0x00,
  0x00,0x00,0x00,0x00,0x1a,0xfe,0x30,0x00,0x00,0x00,0x1b,0xfd,0x30,0x00,0x00,0x00,0x00,0x00,0x00,0x03,0xdf,0xc1,0x00,0x00,0x00,0x00,0x00,0x8f,0xf7,0x00,0x00,0x00,
  0x00,0x00,0x00,0x7f,0xf9,0x00,0x00,0x00,0x00,0x00,0x00,0x05,0xef,0xa1,0x00,0x00,0x00,0x00,0x1a,0xfe,0x60,0x00,0x00,0x00,0x00,0x00,0x00,0x00,0x3e,0xf4,0x00,0x00,
  0x00,0x00,0x3f,0xe3,0x00,0x00,0x00,0x00,0x00,0x00,0x00,0x00,0x1f,0xd0,0x00,0x00,0x00,0x00,0x0d,0xf1,0x00,0x00,0x00,0x00,0x00,0x00,0x00,0x00,0x5f,0x80,0x00,0x00,
  0x00,0x00,0x08,0xf6,0x00,0x00,0x00,0x00,0x00,0x00,0x00,0x00,0xbf,0x30,0x00,0x05,0x50,0x00,0x03,0xfb,0x00,0x00,0x00,0x00,0x00,0x00,0x00,0x01,0xfd,0x00,0x00,0x9f,
  0xf9,0x00,0x00,0xdf,0x10,0x00,0x00,0x00,0x00,0x00,0x00,0x06,0xf8,0x00,0x2c,0xfd,0xdf,0xc2,0x00,0x8f,0x60,0x00,0x00,0x00,0x00,0x00,0x00,0x0b,0xf3,0x05,0xef,0xa1,
  0x1a,0xfe,0x50,0x3f,0xb0,0x00,0x00,0x00,0x00,0x00,0x00,0x1f,0xd1,0x9f,0xe6,0x00,0x00,0x6e,0xf9,0x1c,0xf1,0x00,0x00,0x00,0x00,0x00,0x00,0x6f,0xac,0xfc,0x20,0x00,
  0x00,0x02,0xcf,0xca,0xf6,0x00,0x00,0x00,0x00,0x00,0x00,0xbf,0xff,0x80,0x00,0x00,0x00,0x00,0x08,0xff,0xfb,0x00,0x00,0x00,0x00,0x00,0x01,0xff,0xe4,0x00,0x00,0x00,
  0x00,0x00,0x00,0x4e,0xff,0x10,0x00,0x00,0x00,0x00,0x06,0xfb,0x10,0x00,0x00,0x00,0x00,0x00,0x00,0x01,0xbf,0x60,0x00,0x00,0x00,0x00,0x0b,0x70,0x00,0x00,0x00,0x00,
  0x00,0x00,0x00,0x00,0x07,0xb0,0x00,0x00,0x00,0x00,0x03,0x00,0x00,0x00,0x00,0x00,0x00,0x00,0x00,0x00,0x00,0x30,0x00,0x00,0x00,0x00,0x00,0x44,0x43,0x00,0x00,0x00,
  0x00,0x00,0x00,0x00,0x00,0x00,0x00,0x03,0xaf,0xff,0xff,0xe8,0x20,0x00,0x00,0x00,0x00,0x00,0x00,0x00,0x01,0x9f,0xff,0xff,0xff,0xff,0xf8,0x10,0x00,0x00,0x00,0x00,
  0x00,0x91,0x0d,0xff,0xc5,0x10,0x02,0x8e,0xff,0xe5,0x00,0x00,0x00,0x00,0x2c,0xf1,0x1f,0xe5,0x00,0x00,0x00,0x01,0x8f,0xff,0xc5,0x00,0x00,0x29,0xff,0xe1,0x1c,0x10,
  0x00,0x00,0x00,0x00,0x02,0xbf,0xff,0xfb,0xbe,0xff,0xfc,0x20,0x01,0x00,0x00,0x00,0x00,0x00,0x00,0x03,0xaf,0xff,0xff,0xfd,0x60,0x00,0x00,0x00,0x00,0x00,0x00,0x00,
  0x00,0x00,0x01,0x58,0x86,0x20,0x00,0x00,0x04,0xcf,0xc3,0x02,0xef,0xff,0xe2,0x7f,0xff,0xff,0x88,0xff,0xff,0xf8,0x3f,0xff,0xff,0x30,0x6e,0xfe,0x60,0x00,0x02,0x00,
  0x00,0x1b,0xbb,0xbb,0xbb,0xbb,0xbb,0xbb,0xbb,0xbb,0xbb,0xbb,0xbb,0xbb,0xbb,0xb6,0x1f,0xff,0xff,0xff,0xff,0xff,0xff,0xff,0xff,0xff,0xff,0xff,0xff,0xff,0xf8,0x1b,
  0xbb,0xbb,0xbb,0xbb,0xbb,0xbb,0xbb,0xbb,0xbb,0xbb,0xbb,0xbb,0xbb,0xb6,0x00,0x00,0x00,0x44,0x43,0x00,0x00,0x00,0x00,0x00,0x00,0x00,0x00,0x00,0x00,0x03,0xaf,0xff,
  0xff,0xe8,0x20,0x00,0x00,0x00,0x00,0x00,0x00,0x00,0x01,0x9f,0xff,0xff,0xff,0xff,0xf8,0x10,0x00,0x00,0x00,0x00,0x00,0x91,0x0d,0xff,0xc5,0x10,0x02,0x8e,0xff,0xe5,
  0x00,0x00,0x00,0x00,0x2c,0xf1,0x1f,0xe5,0x00,0x00,0x00,0x01,0x8f,0xff,0xc5,0x00,0x00,0x29,0xff,0xe1,0x1c,0x10,0x00,0x00,0x00,0x00,0x02,0xbf,0xff,0xfb,0xbe,0xff,
  0xfc,0x20,0x01,0x00,0x00,0x00,0x00,0x00,0x00,0x03,0xaf,0xff,0xff,0xfd,0x60,0x00,0x00,0x00,0x00,0x00,0x00,0x00,0x00,0x00,0x01,0x58,0x86,0x20,0x00,0x00,
};
static const ut_face_t UT_M = {UT_M_GLYPHS, 112, UT_M_PX, 34, 30, 4};

static const ut_glyph_t UT_MB_GLYPHS[112] = {
  {0x0020, 0, 0, 0, 0, 0, 11},
  {0x0021, 0, 3, -27, 6, 28, 13},
  {0x0022, 84, 2, -29, 13, 11, 18},
  {0x0023, 156, 3, -29, 26, 32, 32},
  {0x0024, 572, 3, -29, 21, 33, 27},
  {0x0025, 919, 1, -28, 32, 30, 34},
  {0x0026, 1399, 3, -28, 27, 30, 31},
  {0x0027, 1804, 2, -29, 6, 11, 11},
  {0x0028, 1837, 4, -29, 11, 33, 17},
  {0x0029, 2019, 2, -29, 11, 33, 17},
  {0x002a, 2201, 0, -23, 17, 20, 17},
  {0x002b, 2371, 3, -25, 23, 24, 29},
  {0x002c, 2647, 2, -6, 6, 10, 11},
  {0x002d, 2677, 2, -14, 12, 4, 16},
  {0x002e, 2701, 2, -5, 6, 6, 11},
  {0x002f, 2719, 1, -29, 15, 32, 17},
  {0x0030, 2959, 2, -28, 22, 30, 26},
  {0x0031, 3289, 2, -28, 13, 29, 21},
  {0x0032, 3478, 2, -28, 21, 29, 26},
  {0x0033, 3783, 1, -28, 22, 30, 26},
  {0x0034, 4113, 1, -27, 23, 28, 26},
  {0x0035, 4435, 3, -27, 20, 29, 26},
  {0x0036, 4725, 2, -28, 22, 30, 26},
  {0x0037, 5055, 2, -27, 22, 28, 26},
  {0x0038, 5363, 2, -28, 22, 30, 26},
  {0x0039, 5693, 2, -28, 21, 30, 26},
  {0x003a, 6008, 3, -20, 6, 21, 12},
  {0x003b, 6071, 3, -20, 6, 24, 12},
  {0x003c, 6143, 2, -25, 24, 24, 29},
  {0x003d, 6431, 3, -19, 23, 12, 29},
  {0x003e, 6569, 3, -25, 23, 24, 29},
  {0x003f, 6845, 2, -28, 22, 29, 27},
  {0x0040, 7164, 2, -28, 29, 30, 33},
  {0x0041, 7599, 0, -27, 27, 28, 27},
  {0x0042, 7977, 3, -27, 22, 28, 26},
  {0x0043, 8285, 1, -28, 25, 30, 28},
  {0x0044, 8660, 3, -27, 24, 28, 29},
  {0x0045, 8996, 3, -27, 20, 28, 24},
  {0x0046, 9276, 3, -27, 19, 28, 23},
  {0x0047, 9542, 1, -28, 26, 30, 29},
  {0x0048, 9932, 3, -27, 23, 28, 29},
  {0x0049, 10254, 1, -27, 13, 28, 15},
  {0x004a, 10436, 0, -27, 16, 29, 19},
  {0x004b, 10668, 3, -27, 23, 28, 26},
  {0x004c, 10990, 3, -27, 18, 28, 21},
  {0x004d, 11242, 2, -27, 30, 28, 34},
  {0x004e, 11662, 2, -27, 24, 28, 29},
  {0x004f, 11998, 1, -28, 28, 30, 30},
  {0x0050, 12418, 3, -27, 22, 28, 26},
  {0x0051, 12726, 1, -28, 29, 32, 31},
  {0x0052, 13190, 3, -27, 22, 28, 26},
  {0x0053, 13498, 1, -28, 22, 30, 25},
  {0x0054, 13828, 0, -27, 24, 28, 24},
  {0x0055, 14164, 3, -27, 23, 29, 29},
  {0x0056, 14498, 0, -27, 26, 29, 26},
  {0x0057, 14875, 0, -27, 34, 29, 34},
  {0x0058, 15368, 0, -27, 28, 28, 28},
  {0x0059, 15760, 0, -27, 25, 28, 25},
  {0x005a, 16110, 1, -27, 24, 28, 26},
  {0x005b, 16446, 5, -29, 12, 33, 19},
  {0x005c, 16644, 1, -29, 15, 32, 17},
  {0x005d, 16884, 2, -29, 11, 33, 19},
  {0x005e, 17066, 2, -27, 13, 5, 17},
  {0x005f, 17099, 0, 3, 11, 1, 10},
  {0x0060, 17105, 3, -27, 10, 5, 17},
  {0x0061, 17130, 1, -20, 20, 22, 22},
  {0x0062, 17350, 3, -29, 21, 31, 25},
  {0x0063, 17676, 1, -20, 20, 22, 22},
  {0x0064, 17896, 1, -29, 21, 31, 25},
  {0x0065, 18222, 1, -20, 21, 22, 23},
  {0x0066, 18453, 0, -29, 18, 30, 17},
  {0x0067, 18723, 2, -20, 18, 24, 23},
  {0x0068, 18939, 3, -29, 19, 30, 24},
  {0x0069, 19224, 3, -28, 5, 29, 11},
  {0x006a, 19297, 0, -28, 11, 32, 14},
  {0x006b, 19473, 3, -29, 19, 30, 22},
  {0x006c, 19758, 3, -29, 9, 30, 12},
  {0x006d, 19893, 2, -20, 28, 21, 33},
  {0x006e, 20187, 3, -20, 19, 21, 24},
  {0x006f, 20387, 1, -20, 22, 22, 24},
  {0x0070, 20629, 3, -20, 21, 24, 25},
  {0x0071, 20881, 1, -20, 21, 24, 25},
  {0x0072, 21133, 2, -20, 15, 21, 17},
  {0x0073, 21291, 1, -20, 18, 22, 20},
  {0x0074, 21489, 0, -26, 16, 28, 17},
  {0x0075, 21713, 3, -20, 19, 22, 24},
  {0x0076, 21922, 0, -20, 21, 22, 20},
  {0x0077, 22153, 0, -20, 31, 22, 31},
  {0x0078, 22494, 0, -20, 21, 21, 21},
  {0x0079, 22715, 1, -20, 21, 24, 22},
  {0x007a, 22967, 1, -20, 18, 21, 20},
  {0x007b, 23156, 3, -29, 13, 33, 18},
  {0x007c, 23371, 6, -30, 3, 34, 15},
  {0x007d, 23422, 2, -29, 13, 33, 18},
  {0x007e, 23637, 2, -27, 13, 5, 17},
  {0x00b0, 23670, 0, -29, 11, 10, 13},
  {0x00d7, 23725, 4, -24, 21, 22, 29},
  {0x00f7, 23956, 3, -24, 23, 22, 29},
  {0x2026, 24209, 3, -16, 28, 6, 34},
  {0x2103, 24293, 0, -29, 33, 31, 34},
  {0x2190, 24805, 2, -21, 30, 16, 34},
  {0x2191, 25045, 9, -28, 16, 30, 34},
  {0x2192, 25285, 2, -21, 30, 16, 34},
  {0x2193, 25525, 9, -28, 16, 30, 34},
  {0x25cb, 25765, 1, -29, 32, 32, 34},
  {0x25cf, 26277, 1, -29, 32, 32, 34},
  {0x2605, 26789, 1, -29, 32, 32, 34},
  {0x2606, 27301, 1, -29, 32, 32, 34},
  {0x301c, 27813, 3, -17, 28, 8, 34},
  {0x30fb, 27925, 4, -17, 9, 8, 17},
  {0x30fc, 27961, 1, -16, 30, 5, 33},
  {0xff5e, 28036, 3, -17, 28, 8, 34},
};
static const uint8_t UT_MB_PX[28148] = {
  0x3b,0xbb,0xb9,0x3f,0xff,0xfc,0x3f,0xff,0xfb,0x2f,0xff,0xfa,0x1f,0xff,0xfa,0x1f,0xff,0xf9,0x0f,0xff,0xf9,0x0e,0xff,0xf8,0x0e,0xff,0xf7,0x0d,0xff,0xf7,0x0d,0xff,
  0xf6,0x0c,0xff,0xf5,0x0b,0xff,0xf5,0x0b,0xff,0xf4,0x0a,0xff,0xf4,0x09,0xff,0xf3,0x09,0xff,0xf2,0x08,0xff,0xf2,0x08,0xff,0xf1,0x05,0xbb,0xb0,0x00,0x00,0x00,0x00,
  0x00,0x00,0x14,0x44,0x43,0x4f,0xff,0xfd,0x4f,0xff,0xfd,0x4f,0xff,0xfd,0x4f,0xff,0xfd,0x3b,0xbb,0xba,0x9f,0xff,0xf7,0x0c,0xff,0xff,0x49,0xff,0xff,0x70,0xcf,0xff,
  0xf4,0x9f,0xff,0xf7,0x0c,0xff,0xff,0x49,0xff,0xff,0x70,0xcf,0xff,0xf4,0x9f,0xff,0xf5,0x0c,0xff,0xff,0x20,0x06,0xff,0x20,0x00,0x9f,0xe0,0x00,0xaf,0xd0,0x00,0x0c,
  0xfa,0x00,0x0e,0xf7,0x00,0x02,0xff,0x50,0x06,0xfe,0x10,0x00,0x9f,0xc0,0x01,0xdf,0x60,0x00,0x3f,0xf3,0x00,0x38,0x70,0x00,0x05,0x85,0x00,0x00,0x00,0x00,0x00,0x00,
  0x04,0x44,0x10,0x00,0x00,0x34,0x42,0x00,0x00,0x00,0x00,0x00,0x00,0x2f,0xff,0x50,0x00,0x00,0xef,0xf7,0x00,0x00,0x00,0x00,0x00,0x00,0x4f,0xff,0x20,0x00,0x02,0xff,
  0xf5,0x00,0x00,0x00,0x00,0x00,0x00,0x7f,0xff,0x00,0x00,0x04,0xff,0xf3,0x00,0x00,0x00,0x00,0x00,0x00,0x9f,0xfd,0x00,0x00,0x06,0xff,0xf1,0x00,0x00,0x00,0x00,0x00,
  0x00,0xbf,0xfa,0x00,0x00,0x08,0xff,0xd0,0x00,0x00,0x00,0x00,0x00,0x00,0xdf,0xf8,0x00,0x00,0x0b,0xff,0xb0,0x00,0x00,0x00,0x14,0x44,0x44,0xff,0xf8,0x44,0x44,0x4d,
  0xff,0xa4,0x44,0x40,0x00,0x5f,0xff,0xff,0xff,0xff,0xff,0xff,0xff,0xff,0xff,0xff,0xf2,0x00,0x5f,0xff,0xff,0xff,0xff,0xff,0xff,0xff,0xff,0xff,0xff,0xf2,0x00,0x5f,
  0xff,0xff,0xff,0xff,0xff,0xff,0xff,0xff,0xff,0xff,0xf2,0x00,0x14,0x44,0x4b,0xff,0xd4,0x44,0x44,0x9f,0xfe,0x44,0x44,0x40,0x00,0x00,0x00,0x0c,0xff,0xa0,0x00,0x00,
  0x9f,0xfc,0x00,0x00,0x00,0x00,0x00,0x00,0x0e,0xff,0x70,0x00,0x00,0xcf,0xfa,0x00,0x00,0x00,0x00,0x00,0x00,0x1f,0xff,0x50,0x00,0x00,0xef,0xf8,0x00,0x00,0x00,0x00,
  0x00,0x00,0x4f,0xff,0x30,0x00,0x01,0xff,0xf5,0x00,0x00,0x00,0x00,0x00,0x00,0x6f,0xff,0x10,0x00,0x03,0xff,0xf3,0x00,0x00,0x00,0x00,0x00,0x00,0x8f,0xfd,0x00,0x00,
  0x05,0xff,0xf1,0x00,0x00,0x00,0x00,0x00,0x00,0xaf,0xfb,0x00,0x00,0x08,0xff,0xe0,0x00,0x00,0x00,0x00,0x00,0x00,0xcf,0xf9,0x00,0x00,0x0a,0xff,0xc0,0x00,0x00,0x00,
  0x00,0x00,0x00,0xff,0xf7,0x00,0x00,0x0c,0xff,0x90,0x00,0x00,0x00,0x2f,0xff,0xff,0xff,0xff,0xff,0xff,0xff,0xff,0xff,0xff,0xf5,0x00,0x2f,0xff,0xff,0xff,0xff,0xff,
  0xff,0xff,0xff,0xff,0xff,0xf5,0x00,0x2f,0xff,0xff,0xff,0xff,0xff,0xff,0xff,0xff,0xff,0xff,0xf5,0x00,0x14,0x44,0x4b,0xff,0xd4,0x44,0x44,0x9f,0xff,0x44,0x44,0x41,
  0x00,0x00,0x00,0x0b,0xff,0xa0,0x00,0x00,0x8f,0xfd,0x00,0x00,0x00,0x00,0x00,0x00,0x0d,0xff,0x80,0x00,0x00,0xbf,0xfb,0x00,0x00,0x00,0x00,0x00,0x00,0x1f,0xff,0x60,
  0x00,0x00,0xdf,0xf9,0x00,0x00,0x00,0x00,0x00,0x00,0x3f,0xff,0x40,0x00,0x00,0xff,0xf6,0x00,0x00,0x00,0x00,0x00,0x00,0x5f,0xff,0x10,0x00,0x03,0xff,0xf4,0x00,0x00,
  0x00,0x00,0x00,0x00,0x8f,0xfe,0x00,0x00,0x05,0xff,0xf2,0x00,0x00,0x00,0x00,0x00,0x00,0x24,0x43,0x00,0x00,0x02,0x44,0x40,0x00,0x00,0x00,0x00,0x00,0x00,0x00,0x00,
  0x0a,0xff,0x30,0x00,0x00,0x00,0x00,0x00,0x00,0x00,0x00,0xaf,0xf3,0x00,0x00,0x00,0x00,0x00,0x00,0x00,0x00,0x0a,0xff,0x30,0x00,0x00,0x00,0x00,0x00,0x00,0x16,0xac,
  0xff,0xfc,0xb8,0x30,0x00,0x00,0x00,0x00,0x7e,0xff,0xff,0xff,0xff,0xff,0xd5,0x00,0x00,0x01,0xbf,0xff,0xff,0xff,0xff,0xff,0xff,0xfc,0x30,0x00,0xbf,0xff,0xfe,0x9c,
  0xff,0x9a,0xff,0xff,0xf2,0x00,0x5f,0xff,0xfa,0x10,0xaf,0xf3,0x01,0x7e,0xf7,0x00,0x0a,0xff,0xfc,0x00,0x0a,0xff,0x30,0x00,0x18,0x00,0x00,0xcf,0xff,0x70,0x00,0xaf,
  0xf3,0x00,0x00,0x00,0x00,0x0c,0xff,0xf8,0x00,0x0a,0xff,0x30,0x00,0x00,0x00,0x00,0x9f,0xff,0xf5,0x00,0xaf,0xf3,0x00,0x00,0x00,0x00,0x03,0xff,0xff,0xfb,0x3a,0xff,
  0x30,0x00,0x00,0x00,0x00,0x08,0xff,0xff,0xff,0xff,0xf3,0x00,0x00,0x00,0x00,0x00,0x07,0xff,0xff,0xff,0xff,0xd7,0x20,0x00,0x00,0x00,0x00,0x02,0xaf,0xff,0xff,0xff,
  0xff,0xa3,0x00,0x00,0x00,0x00,0x00,0x28,0xdf,0xff,0xff,0xff,0xf9,0x10,0x00,0x00,0x00,0x00,0x00,0xaf,0xff,0xff,0xff,0xfc,0x10,0x00,0x00,0x00,0x00,0x0a,0xff,0x6a,
  0xff,0xff,0xf9,0x00,0x00,0x00,0x00,0x00,0xaf,0xf3,0x04,0xef,0xff,0xf2,0x00,0x00,0x00,0x00,0x0a,0xff,0x30,0x03,0xff,0xff,0x60,0x00,0x00,0x00,0x00,0xaf,0xf3,0x00,
  0x0d,0xff,0xf7,0x00,0x74,0x00,0x00,0x0a,0xff,0x30,0x00,0xef,0xff,0x70,0x4f,0xf7,0x00,0x00,0xaf,0xf3,0x00,0x5f,0xff,0xf4,0x1e,0xff,0xfd,0x61,0x0a,0xff,0x30,0x6e,
  0xff,0xfe,0x03,0xef,0xff,0xff,0xfc,0xef,0xfb,0xdf,0xff,0xff,0x60,0x02,0xbf,0xff,0xff,0xff,0xff,0xff,0xff,0xff,0x90,0x00,0x00,0x5d,0xff,0xff,0xff,0xff,0xff,0xfe,
  0x60,0x00,0x00,0x00,0x03,0x8c,0xff,0xff,0xff,0xb6,0x10,0x00,0x00,0x00,0x00,0x00,0x00,0xaf,0xf3,0x00,0x00,0x00,0x00,0x00,0x00,0x00,0x00,0x0a,0xff,0x30,0x00,0x00,
  0x00,0x00,0x00,0x00,0x00,0x00,0xaf,0xf3,0x00,0x00,0x00,0x00,0x00,0x00,0x00,0x00,0x02,0x44,0x10,0x00,0x00,0x00,0x00,0x00,0x00,0x03,0x44,0x30,0x00,0x00,0x00,0x00,
  0x00,0x00,0x00,0x00,0x00,0x00,0x00,0x00,0x06,0xef,0xff,0xfd,0x50,0x00,0x00,0x00,0x00,0x00,0x00,0x8b,0xb6,0x00,0x00,0x00,0x9f,0xff,0xff,0xff,0xf8,0x00,0x00,0x00,
  0x00,0x00,0x06,0xff,0xd1,0x00,0x00,0x06,0xff,0xff,0xbb,0xff,0xff,0x50,0x00,0x00,0x00,0x00,0x2e,0xff,0x30,0x00,0x00,0x0e,0xff,0xe3,0x00,0x4f,0xff,0xd0,0x00,0x00,
  0x00,0x00,0xcf,0xf7,0x00,0x00,0x00,0x5f,0xff,0x60,0x00,0x08,0xff,0xf3,0x00,0x00,0x00,0x09,0xff,0xb0,0x00,0x00,0x00,0x8f,0xff,0x10,0x00,0x02,0xff,0xf7,0x00,0x00,
  0x00,0x5f,0xfd,0x10,0x00,0x00,0x00,0xaf,0xfe,0x00,0x00,0x00,0xff,0xf9,0x00,0x00,0x02,0xef,0xf4,0x00,0x00,0x00,0x00,0xaf,0xfd,0x00,0x00,0x00,0xef,0xf9,0x00,0x00,
  0x0c,0xff,0x70,0x00,0x00,0x00,0x00,0xaf,0xfe,0x00,0x00,0x00,0xff,0xf9,0x00,0x00,0x8f,0xfb,0x00,0x00,0x00,0x00,0x00,0x8f,0xff,0x20,0x00,0x03,0xff,0xf6,0x00,0x04,
  0xff,0xe2,0x00,0x00,0x00,0x00,0x00,0x4f,0xff,0x80,0x00,0x09,0xff,0xf2,0x00,0x1e,0xff,0x40,0x00,0x00,0x00,0x00,0x00,0x0d,0xff,0xf6,0x00,0x7f,0xff,0xb0,0x00,0xbf,
  0xf8,0x00,0x00,0x00,0x00,0x00,0x00,0x04,0xff,0xff,0xff,0xff,0xff,0x30,0x07,0xff,0xc0,0x00,0x00,0x00,0x00,0x00,0x00,0x00,0x6f,0xff,0xff,0xff,0xf5,0x00,0x4f,0xfe,
  0x20,0x01,0x8d,0xff,0xd9,0x20,0x00,0x00,0x03,0xbf,0xff,0xfa,0x30,0x01,0xdf,0xf5,0x00,0x3e,0xff,0xff,0xff,0xe4,0x00,0x00,0x00,0x00,0x33,0x00,0x00,0x0a,0xff,0x90,
  0x02,0xef,0xff,0xff,0xff,0xfe,0x30,0x00,0x00,0x00,0x00,0x00,0x00,0x6f,0xfc,0x10,0x0a,0xff,0xf9,0x11,0x8f,0xff,0xb0,0x00,0x00,0x00,0x00,0x00,0x03,0xff,0xe2,0x00,
  0x2f,0xff,0xb0,0x00,0x0a,0xff,0xf3,0x00,0x00,0x00,0x00,0x00,0x1d,0xff,0x60,0x00,0x6f,0xff,0x40,0x00,0x03,0xff,0xf7,0x00,0x00,0x00,0x00,0x00,0xaf,0xfa,0x00,0x00,
  0x8f,0xff,0x10,0x00,0x00,0xef,0xfa,0x00,0x00,0x00,0x00,0x06,0xff,0xd1,0x00,0x00,0x9f,0xff,0x00,0x00,0x00,0xdf,0xfa,0x00,0x00,0x00,0x00,0x2e,0xff,0x30,0x00,0x00,
  0x9f,0xff,0x00,0x00,0x00,0xdf,0xfa,0x00,0x00,0x00,0x00,0xcf,0xf7,0x00,0x00,0x00,0x7f,0xff,0x20,0x00,0x01,0xff,0xf8,0x00,0x00,0x00,0x09,0xff,0xb0,0x00,0x00,0x00,
  0x4f,0xff,0x70,0x00,0x05,0xff,0xf5,0x00,0x00,0x00,0x5f,0xfd,0x10,0x00,0x00,0x00,0x0d,0xff,0xe2,0x00,0x1d,0xff,0xe1,0x00,0x00,0x02,0xef,0xf4,0x00,0x00,0x00,0x00,
  0x06,0xff,0xfe,0x98,0xef,0xff,0x70,0x00,0x00,0x0c,0xff,0x70,0x00,0x00,0x00,0x00,0x00,0xaf,0xff,0xff,0xff,0xfb,0x00,0x00,0x00,0x5b,0xb9,0x00,0x00,0x00,0x00,0x00,
  0x00,0x08,0xff,0xff,0xff,0x80,0x00,0x00,0x00,0x00,0x00,0x00,0x00,0x00,0x00,0x00,0x00,0x00,0x16,0x88,0x62,0x00,0x00,0x00,0x00,0x00,0x00,0x04,0x44,0x30,0x00,0x00,
  0x00,0x00,0x00,0x00,0x00,0x00,0x00,0x03,0xaf,0xff,0xff,0xe9,0x10,0x00,0x00,0x00,0x00,0x00,0x00,0x00,0x07,0xff,0xff,0xff,0xff,0xfe,0x40,0x00,0x00,0x00,0x00,0x00,
  0x00,0x07,0xff,0xff,0xff,0xff,0xff,0xff,0x40,0x00,0x00,0x00,0x00,0x00,0x02,0xff,0xff,0xe7,0x44,0x8f,0xff,0xfd,0x00,0x00,0x00,0x00,0x00,0x00,0x7f,0xff,0xf3,0x00,
  0x00,0x4f,0xff,0xf4,0x00,0x00,0x00,0x00,0x00,0x0a,0xff,0xfa,0x00,0x00,0x00,0xcf,0xff,0x70,0x00,0x00,0x00,0x00,0x00,0xaf,0xff,0x90,0x00,0x00,0x0a,0xff,0xf7,0x00,
  0x00,0x00,0x00,0x00,0x08,0xff,0xfc,0x00,0x00,0x00,0xdf,0xff,0x60,0x00,0x00,0x00,0x00,0x00,0x4f,0xff,0xf3,0x00,0x00,0x6f,0xff,0xf2,0x00,0x00,0x00,0x00,0x00,0x00,
  0xcf,0xff,0xc0,0x00,0x4e,0xff,0xfa,0x00,0x00,0x00,0x00,0x00,0x00,0x03,0xff,0xff,0x81,0x8f,0xff,0xfd,0x10,0x00,0x00,0x00,0x00,0x00,0x00,0x08,0xff,0xff,0xef,0xff,
  0xfd,0x20,0x00,0x00,0x00,0x00,0x00,0x00,0x00,0x0d,0xff,0xff,0xff,0xf9,0x10,0x00,0x00,0x00,0x00,0x00,0x00,0x00,0x5d,0xff,0xff,0xff,0xc3,0x00,0x00,0x00,0x77,0x10,
  0x00,0x00,0x01,0xaf,0xff,0xff,0xff,0xfe,0x40,0x00,0x00,0x0d,0xff,0xa2,0x00,0x01,0xbf,0xff,0xfe,0x8e,0xff,0xff,0x50,0x00,0x02,0xff,0xff,0x10,0x00,0x9f,0xff,0xfb,
  0x10,0x4e,0xff,0xff,0x70,0x00,0x7f,0xff,0xb0,0x00,0x3f,0xff,0xfb,0x00,0x00,0x4e,0xff,0xff,0x90,0x0d,0xff,0xf5,0x00,0x09,0xff,0xff,0x20,0x00,0x00,0x3e,0xff,0xff,
  0xb7,0xff,0xfd,0x00,0x00,0xcf,0xff,0xa0,0x00,0x00,0x00,0x3e,0xff,0xff,0xff,0xff,0x70,0x00,0x0e,0xff,0xf9,0x00,0x00,0x00,0x00,0x2d,0xff,0xff,0xff,0xd0,0x00,0x00,
  0xdf,0xff,0xb0,0x00,0x00,0x00,0x00,0x1c,0xff,0xff,0xf8,0x00,0x00,0x0a,0xff,0xff,0x30,0x00,0x00,0x00,0x00,0x8f,0xff,0xff,0xf8,0x00,0x00,0x5f,0xff,0xfd,0x30,0x00,
  0x00,0x02,0xbf,0xff,0xff,0xff,0xfb,0x10,0x00,0xcf,0xff,0xff,0xa6,0x45,0x8b,0xff,0xff,0xfe,0xff,0xff,0xfe,0x50,0x02,0xef,0xff,0xff,0xff,0xff,0xff,0xff,0xfb,0x16,
  0xff,0xff,0xfe,0x10,0x02,0xcf,0xff,0xff,0xff,0xff,0xff,0xe7,0x00,0x03,0xef,0xff,0x30,0x00,0x00,0x6d,0xff,0xff,0xff,0xfd,0x81,0x00,0x00,0x02,0xcf,0x50,0x00,0x00,
  0x00,0x02,0x58,0x87,0x42,0x00,0x00,0x00,0x00,0x00,0x50,0x00,0x9f,0xff,0xf7,0x9f,0xff,0xf7,0x9f,0xff,0xf7,0x9f,0xff,0xf7,0x9f,0xff,0xf5,0x00,0x6f,0xf2,0x00,0xaf,
  0xd0,0x00,0xef,0x70,0x06,0xfe,0x10,0x1d,0xf6,0x00,0x38,0x70,0x00,0x00,0x00,0x00,0x2d,0xff,0x50,0x00,0x00,0x2e,0xff,0x70,0x00,0x00,0x1c,0xff,0xb0,0x00,0x00,0x09,
  0xff,0xd1,0x00,0x00,0x04,0xff,0xf5,0x00,0x00,0x00,0xdf,0xfa,0x00,0x00,0x00,0x6f,0xff,0x20,0x00,0x00,0x0d,0xff,0xa0,0x00,0x00,0x04,0xff,0xf4,0x00,0x00,0x00,0xaf,
  0xfd,0x00,0x00,0x00,0x0e,0xff,0x80,0x00,0x00,0x04,0xff,0xf4,0x00,0x00,0x00,0x7f,0xff,0x10,0x00,0x00,0x09,0xff,0xe0,0x00,0x00,0x00,0xbf,0xfc,0x00,0x00,0x00,0x0c,
  0xff,0xc0,0x00,0x00,0x00,0xcf,0xfb,0x00,0x00,0x00,0x0b,0xff,0xc0,0x00,0x00,0x00,0xaf,0xfe,0x00,0x00,0x00,0x07,0xff,0xf1,0x00,0x00,0x00,0x4f,0xff,0x40,0x00,0x00,
  0x01,0xff,0xf7,0x00,0x00,0x00,0x0a,0xff,0xc0,0x00,0x00,0x00,0x5f,0xff,0x30,0x00,0x00,0x00,0xdf,0xf9,0x00,0x00,0x00,0x07,0xff,0xf1,0x00,0x00,0x00,0x0d,0xff,0x90,
  0x00,0x00,0x00,0x5f,0xff,0x30,0x00,0x00,0x00,0xbf,0xfc,0x00,0x00,0x00,0x01,0xdf,0xf9,0x00,0x00,0x00,0x03,0xef,0xf5,0x00,0x00,0x00,0x04,0xef,0xe3,0x00,0x00,0x00,
  0x02,0x44,0x30,0x3e,0xfe,0x40,0x00,0x00,0x00,0x5f,0xfe,0x30,0x00,0x00,0x00,0x8f,0xfe,0x10,0x00,0x00,0x00,0xcf,0xfb,0x00,0x00,0x00,0x02,0xff,0xf6,0x00,0x00,0x00,
  0x08,0xff,0xe1,0x00,0x00,0x00,0x1e,0xff,0x80,0x00,0x00,0x00,0x7f,0xfe,0x10,0x00,0x00,0x01,0xff,0xf6,0x00,0x00,0x00,0x0a,0xff,0xc0,0x00,0x00,0x00,0x6f,0xff,0x20,
  0x00,0x00,0x02,0xff,0xf6,0x00,0x00,0x00,0x0e,0xff,0x90,0x00,0x00,0x00,0xbf,0xfc,0x00,0x00,0x00,0x0a,0xff,0xe0,0x00,0x00,0x00,0x9f,0xff,0x00,0x00,0x00,0x09,0xff,
  0xf0,0x00,0x00,0x00,0xaf,0xfe,0x00,0x00,0x00,0x0b,0xff,0xc0,0x00,0x00,0x00,0xdf,0xfa,0x00,0x00,0x00,0x1f,0xff,0x70,0x00,0x00,0x05,0xff,0xf3,0x00,0x00,0x00,0xaf,
  0xfd,0x00,0x00,0x00,0x1e,0xff,0x80,0x00,0x00,0x06,0xff,0xf2,0x00,0x00,0x00,0xdf,0xf9,0x00,0x00,0x00,0x7f,0xff,0x20,0x00,0x00,0x1e,0xff,0x80,0x00,0x00,0x0a,0xff,
  0xd0,0x00,0x00,0x06,0xff,0xe3,0x00,0x00,0x03,0xff,0xf5,0x00,0x00,0x02,0xdf,0xf6,0x00,0x00,0x00,0x24,0x43,0x00,0x00,0x00,0x00,0x00,0x00,0x00,0x01,0x41,0x00,0x00,
  0x00,0x00,0x00,0x00,0x02,0xef,0xe2,0x00,0x00,0x00,0x00,0x00,0x00,0x6f,0xff,0x60,0x00,0x00,0x00,0x03,0x00,0x04,0xff,0xf4,0x00,0x02,0x00,0x0c,0xfc,0x10,0x1f,0xff,
  0x10,0x1c,0xfb,0x05,0xff,0xfc,0x10,0xdf,0xd0,0x1c,0xff,0xf4,0x3f,0xff,0xfa,0x0a,0xfa,0x0a,0xff,0xff,0x30,0x4d,0xff,0xf9,0x7f,0x79,0xff,0xfd,0x40,0x00,0x05,0xcf,
  0xfb,0xfb,0xff,0xc5,0x00,0x00,0x00,0x00,0x4c,0xff,0xfc,0x40,0x00,0x00,0x00,0x00,0x02,0x9f,0xff,0x92,0x00,0x00,0x00,0x00,0x2a,0xff,0xcf,0xcf,0xfa,0x20,0x00,0x02,
  0xaf,0xff,0xb7,0xf7,0xbf,0xff,0xa2,0x02,0xef,0xff,0xc1,0xaf,0xa1,0xcf,0xff,0xe2,0x5f,0xff,0xd1,0x0d,0xfd,0x01,0xdf,0xff,0x51,0xdf,0xe2,0x01,0xff,0xf1,0x02,0xef,
  0xd1,0x01,0x41,0x00,0x4f,0xff,0x30,0x01,0x41,0x00,0x00,0x00,0x06,0xff,0xf6,0x00,0x00,0x00,0x00,0x00,0x00,0x3f,0xff,0x20,0x00,0x00,0x00,0x00,0x00,0x00,0x28,0x20,
  0x00,0x00,0x00,0x00,0x00,0x00,0x00,0x01,0x44,0x30,0x00,0x00,0x00,0x00,0x00,0x00,0x00,0x00,0x00,0x3f,0xfb,0x00,0x00,0x00,0x00,0x00,0x00,0x00,0x00,0x00,0x03,0xff,
  0xb0,0x00,0x00,0x00,0x00,0x00,0x00,0x00,0x00,0x00,0x3f,0xfb,0x00,0x00,0x00,0x00,0x00,0x00,0x00,0x00,0x00,0x03,0xff,0xb0,0x00,0x00,0x00,0x00,0x00,0x00,0x00,0x00,
  0x00,0x3f,0xfb,0x00,0x00,0x00,0x00,0x00,0x00,0x00,0x00,0x00,0x03,0xff,0xb0,0x00,0x00,0x00,0x00,0x00,0x00,0x00,0x00,0x00,0x3f,0xfb,0x00,0x00,0x00,0x00,0x00,0x00,
  0x00,0x00,0x00,0x03,0xff,0xb0,0x00,0x00,0x00,0x00,0x00,0x00,0x00,0x00,0x00,0x3f,0xfb,0x00,0x00,0x00,0x00,0x00,0x78,0x88,0x88,0x88,0x89,0xff,0xd8,0x88,0x88,0x88,
  0x88,0x4e,0xff,0xff,0xff,0xff,0xff,0xff,0xff,0xff,0xff,0xff,0xf8,0xef,0xff,0xff,0xff,0xff,0xff,0xff,0xff,0xff,0xff,0xff,0x87,0x88,0x88,0x88,0x88,0x9f,0xfd,0x88,
  0x88,0x88,0x88,0x84,0x00,0x00,0x00,0x00,0x03,0xff,0xb0,0x00,0x00,0x00,0x00,0x00,0x00,0x00,0x00,0x00,0x3f,0xfb,0x00,0x00,0x00,0x00,0x00,0x00,0x00,0x00,0x00,0x03,
  0xff,0xb0,0x00,0x00,0x00,0x00,0x00,0x00,0x00,0x00,0x00,0x3f,0xfb,0x00,0x00,0x00,0x00,0x00,0x00,0x00,0x00,0x00,0x03,0xff,0xb0,0x00,0x00,0x00,0x00,0x00,0x00,0x00,
  0x00,0x00,0x3f,0xfb,0x00,0x00,0x00,0x00,0x00,0x00,0x00,0x00,0x00,0x03,0xff,0xb0,0x00,0x00,0x00,0x00,0x00,0x00,0x00,0x00,0x00,0x3f,0xfb,0x00,0x00,0x00,0x00,0x00,
  0x00,0x00,0x00,0x00,0x03,0xff,0xb0,0x00,0x00,0x00,0x00,0x00,0x00,0x00,0x00,0x00,0x14,0x43,0x00,0x00,0x00,0x00,0x00,0x9f,0xff,0xfe,0x9f,0xff,0xfe,0x9f,0xff,0xfe,
  0x9f,0xff,0xfe,0x9f,0xff,0xfc,0x24,0x8f,0xf9,0x00,0x9f,0xf4,0x01,0xef,0xd0,0x0a,0xff,0x40,0x6f,0xf8,0x00,0x48,0x88,0x88,0x88,0x88,0x86,0x8f,0xff,0xff,0xff,0xff,
  0xfd,0x8f,0xff,0xff,0xff,0xff,0xfd,0x6b,0xbb,0xbb,0xbb,0xbb,0xba,0x7b,0xbb,0xbb,0x9f,0xff,0xfe,0x9f,0xff,0xfe,0x9f,0xff,0xfe,0x9f,0xff,0xfe,0x7b,0xbb,0xbb,0x00,
  0x00,0x00,0x00,0x00,0x00,0x69,0x30,0x00,0x00,0x00,0x00,0x00,0x0d,0xf8,0x00,0x00,0x00,0x00,0x00,0x04,0xff,0x20,0x00,0x00,0x00,0x00,0x00,0xaf,0xb0,0x00,0x00,0x00,
  0x00,0x00,0x1f,0xf5,0x00,0x00,0x00,0x00,0x00,0x07,0xfe,0x00,0x00,0x00,0x00,0x00,0x00,0xdf,0x80,0x00,0x00,0x00,0x00,0x00,0x4f,0xf2,0x00,0x00,0x00,0x00,0x00,0x0a,
  0xfb,0x00,0x00,0x00,0x00,0x00,0x01,0xff,0x50,0x00,0x00,0x00,0x00,0x00,0x7f,0xe0,0x00,0x00,0x00,0x00,0x00,0x0d,0xf8,0x00,0x00,0x00,0x00,0x00,0x04,0xff,0x20,0x00,
  0x00,0x00,0x00,0x00,0xaf,0xb0,0x00,0x00,0x00,0x00,0x00,0x1f,0xf5,0x00,0x00,0x00,0x00,0x00,0x07,0xfe,0x00,0x00,0x00,0x00,0x00,0x00,0xdf,0x80,0x00,0x00,0x00,0x00,
  0x00,0x4f,0xf2,0x00,0x00,0x00,0x00,0x00,0x0a,0xfb,0x00,0x00,0x00,0x00,0x00,0x01,0xff,0x50,0x00,0x00,0x00,0x00,0x00,0x7f,0xe0,0x00,0x00,0x00,0x00,0x00,0x0d,0xf8,
  0x00,0x00,0x00,0x00,0x00,0x04,0xff,0x20,0x00,0x00,0x00,0x00,0x00,0xaf,0xb0,0x00,0x00,0x00,0x00,0x00,0x1f,0xf5,0x00,0x00,0x00,0x00,0x00,0x07,0xfe,0x00,0x00,0x00,
  0x00,0x00,0x00,0xdf,0x80,0x00,0x00,0x00,0x00,0x00,0x4f,0xf2,0x00,0x00,0x00,0x00,0x00,0x0a,0xfb,0x00,0x00,0x00,0x00,0x00,0x02,0xff,0x50,0x00,0x00,0x00,0x00,0x00,
  0x7f,0xe0,0x00,0x00,0x00,0x00,0x00,0x04,0xc8,0x00,0x00,0x00,0x00,0x00,0x00,0x00,0x00,0x00,0x00,0x24,0x44,0x41,0x00,0x00,0x00,0x00,0x00,0x00,0x00,0x5c,0xff,0xff,
  0xff,0xb4,0x00,0x00,0x00,0x00,0x00,0x1b,0xff,0xff,0xff,0xff,0xff,0xa1,0x00,0x00,0x00,0x01,0xdf,0xff,0xff,0xff,0xff,0xff,0xfb,0x00,0x00,0x00,0x0b,0xff,0xff,0xd6,
  0x44,0x8e,0xff,0xff,0x90,0x00,0x00,0x6f,0xff,0xfc,0x10,0x00,0x02,0xdf,0xff,0xf4,0x00,0x01,0xef,0xff,0xe2,0x00,0x00,0x00,0x3f,0xff,0xfc,0x00,0x06,0xff,0xff,0x70,
  0x00,0x00,0x00,0x0a,0xff,0xff,0x30,0x0b,0xff,0xff,0x10,0x00,0x00,0x00,0x04,0xff,0xff,0x80,0x1f,0xff,0xfb,0x00,0x00,0x00,0x00,0x00,0xef,0xff,0xd0,0x3f,0xff,0xf8,
  0x00,0x00,0x00,0x00,0x00,0xbf,0xff,0xf1,0x6f,0xff,0xf6,0x00,0x00,0x00,0x00,0x00,0x8f,0xff,0xf3,0x8f,0xff,0xf4,0x00,0x00,0x00,0x00,0x00,0x6f,0xff,0xf5,0x9f,0xff,
  0xf3,0x00,0x00,0x00,0x00,0x00,0x5f,0xff,0xf6,0x9f,0xff,0xf2,0x00,0x00,0x00,0x00,0x00,0x5f,0xff,0xf7,0x9f,0xff,0xf2,0x00,0x00,0x00,0x00,0x00,0x5f,0xff,0xf7,0x9f,
  0xff,0xf3,0x00,0x00,0x00,0x00,0x00,0x5f,0xff,0xf6,0x8f,0xff,0xf4,0x00,0x00,0x00,0x00,0x00,0x6f,0xff,0xf5,0x6f,0xff,0xf5,0x00,0x00,0x00,0x00,0x00,0x8f,0xff,0xf4,
  0x4f,0xff,0xf8,0x00,0x00,0x00,0x00,0x00,0xaf,0xff,0xf1,0x1f,0xff,0xfb,0x00,0x00,0x00,0x00,0x00,0xdf,0xff,0xd0,0x0c,0xff,0xfe,0x10,0x00,0x00,0x00,0x03,0xff,0xff,
  0xa0,0x07,0xff,0xff,0x60,0x00,0x00,0x00,0x09,0xff,0xff,0x50,0x01,0xff,0xff,0xd1,0x00,0x00,0x00,0x2f,0xff,0xfd,0x00,0x00,0x8f,0xff,0xfa,0x00,0x00,0x01,0xcf,0xff,
  0xf6,0x00,0x00,0x1d,0xff,0xff,0xc5,0x01,0x5d,0xff,0xff,0xb0,0x00,0x00,0x03,0xef,0xff,0xff,0xff,0xff,0xff,0xfd,0x20,0x00,0x00,0x00,0x3e,0xff,0xff,0xff,0xff,0xff,
  0xd2,0x00,0x00,0x00,0x00,0x01,0x9f,0xff,0xff,0xff,0xe8,0x10,0x00,0x00,0x00,0x00,0x00,0x01,0x58,0x88,0x84,0x00,0x00,0x00,0x00,0x00,0x00,0x00,0x00,0x04,0x44,0x10,
  0x00,0x00,0x01,0x7d,0xff,0xf4,0x00,0x01,0x6a,0xff,0xff,0xff,0x42,0x8c,0xff,0xff,0xff,0xff,0xf4,0x6f,0xff,0xff,0xff,0xff,0xff,0x42,0xff,0xff,0xfd,0x9f,0xff,0xf4,
  0x0d,0xda,0x62,0x02,0xff,0xff,0x40,0x00,0x00,0x00,0x2f,0xff,0xf4,0x00,0x00,0x00,0x02,0xff,0xff,0x40,0x00,0x00,0x00,0x2f,0xff,0xf4,0x00,0x00,0x00,0x02,0xff,0xff,
  0x40,0x00,0x00,0x00,0x2f,0xff,0xf4,0x00,0x00,0x00,0x02,0xff,0xff,0x40,0x00,0x00,0x00,0x2f,0xff,0xf4,0x00,0x00,0x00,0x02,0xff,0xff,0x40,0x00,0x00,0x00,0x2f,0xff,
  0xf4,0x00,0x00,0x00,0x02,0xff,0xff,0x40,0x00,0x00,0x00,0x2f,0xff,0xf4,0x00,0x00,0x00,0x02,0xff,0xff,0x40,0x00,0x00,0x00,0x2f,0xff,0xf4,0x00,0x00,0x00,0x02,0xff,
  0xff,0x40,0x00,0x00,0x00,0x2f,0xff,0xf4,0x00,0x00,0x00,0x02,0xff,0xff,0x40,0x00,0x00,0x00,0x2f,0xff,0xf4,0x00,0x00,0x00,0x02,0xff,0xff,0x40,0x00,0x00,0x00,0x2f,
  0xff,0xf4,0x00,0x00,0x00,0x02,0xff,0xff,0x40,0x00,0x00,0x00,0x2f,0xff,0xf4,0x00,0x00,0x00,0x01,0xbb,0xbb,0x30,0x00,0x00,0x00,0x00,0x24,0x44,0x41,0x00,0x00,0x00,
  0x00,0x00,0x00,0x5a,0xef,0xff,0xff,0xfd,0x81,0x00,0x00,0x00,0x04,0xdf,0xff,0xff,0xff,0xff,0xff,0xe7,0x00,0x00,0x09,0xff,0xff,0xff,0xff,0xff,0xff,0xff,0xf9,0x00,
  0x0b,0xff,0xff,0xfe,0x96,0x44,0x7c,0xff,0xff,0xf6,0x00,0xaf,0xff,0xe7,0x00,0x00,0x00,0x07,0xff,0xff,0xe0,0x00,0x9f,0xc2,0x00,0x00,0x00,0x00,0x0a,0xff,0xff,0x40,
  0x00,0x61,0x00,0x00,0x00,0x00,0x00,0x4f,0xff,0xf8,0x00,0x00,0x00,0x00,0x00,0x00,0x00,0x02,0xff,0xff,0x90,0x00,0x00,0x00,0x00,0x00,0x00,0x00,0x4f,0xff,0xf7,0x00,
  0x00,0x00,0x00,0x00,0x00,0x00,0x09,0xff,0xff,0x40,0x00,0x00,0x00,0x00,0x00,0x00,0x04,0xff,0xff,0xd0,0x00,0x00,0x00,0x00,0x00,0x00,0x05,0xff,0xff,0xf4,0x00,0x00,
  0x00,0x00,0x00,0x00,0x08,0xff,0xff,0xf7,0x00,0x00,0x00,0x00,0x00,0x00,0x2c,0xff,0xff,0xf7,0x00,0x00,0x00,0x00,0x00,0x00,0x7e,0xff,0xff,0xe4,0x00,0x00,0x00,0x00,
  0x00,0x01,0xbf,0xff,0xff,0xb2,0x00,0x00,0x00,0x00,0x00,0x03,0xef,0xff,0xff,0x70,0x00,0x00,0x00,0x00,0x00,0x05,0xff,0xff,0xfc,0x20,0x00,0x00,0x00,0x00,0x00,0x06,
  0xff,0xff,0xf8,0x00,0x00,0x00,0x00,0x00,0x00,0x05,0xff,0xff,0xe4,0x00,0x00,0x00,0x00,0x00,0x00,0x02,0xef,0xff,0xc2,0x00,0x00,0x00,0x00,0x00,0x00,0x00,0xcf,0xff,
  0xd1,0x00,0x00,0x00,0x00,0x00,0x00,0x00,0x6f,0xff,0xe2,0x00,0x00,0x00,0x00,0x00,0x00,0x00,0x0c,0xff,0xfa,0x44,0x44,0x44,0x44,0x44,0x44,0x44,0x31,0xff,0xff,0xff,
  0xff,0xff,0xff,0xff,0xff,0xff,0xfd,0x1f,0xff,0xff,0xff,0xff,0xff,0xff,0xff,0xff,0xff,0xd1,0xff,0xff,0xff,0xff,0xff,0xff,0xff,0xff,0xff,0xfd,0x1b,0xbb,0xbb,0xbb,
  0xbb,0xbb,0xbb,0xbb,0xbb,0xbb,0x90,0x00,0x00,0x00,0x00,0x03,0x44,0x42,0x00,0x00,0x00,0x00,0x00,0x00,0x03,0x9d,0xff,0xff,0xff,0xea,0x50,0x00,0x00,0x00,0x05,0xcf,
  0xff,0xff,0xff,0xff,0xff,0xfc,0x20,0x00,0x01,0xbf,0xff,0xff,0xff,0xff,0xff,0xff,0xff,0xe2,0x00,0x06,0xff,0xff,0xfd,0x85,0x44,0x59,0xff,0xff,0xfc,0x00,0x00,0x9f,
  0xfd,0x50,0x00,0x00,0x00,0x2d,0xff,0xff,0x50,0x00,0x0c,0x80,0x00,0x00,0x00,0x00,0x03,0xff,0xff,0x90,0x00,0x00,0x00,0x00,0x00,0x00,0x00,0x00,0xdf,0xff,0xa0,0x00,
  0x00,0x00,0x00,0x00,0x00,0x00,0x00,0xdf,0xff,0xa0,0x00,0x00,0x00,0x00,0x00,0x00,0x00,0x02,0xff,0xff,0x70,0x00,0x00,0x00,0x00,0x00,0x00,0x00,0x0b,0xff,0xff,0x20,
  0x00,0x00,0x00,0x00,0x00,0x00,0x03,0xbf,0xff,0xf8,0x00,0x00,0x00,0x00,0x04,0x46,0x88,0xcf,0xff,0xff,0x90,0x00,0x00,0x00,0x00,0x0f,0xff,0xff,0xff,0xff,0xc5,0x00,
  0x00,0x00,0x00,0x00,0x0f,0xff,0xff,0xff,0xd6,0x00,0x00,0x00,0x00,0x00,0x00,0x0f,0xff,0xff,0xff,0xff,0xe9,0x20,0x00,0x00,0x00,0x00,0x04,0x44,0x45,0x9d,0xff,0xff,
  0xe5,0x00,0x00,0x00,0x00,0x00,0x00,0x00,0x00,0x5e,0xff,0xff,0x40,0x00,0x00,0x00,0x00,0x00,0x00,0x00,0x02,0xef,0xff,0xd0,0x00,0x00,0x00,0x00,0x00,0x00,0x00,0x00,
  0x7f,0xff,0xf4,0x00,0x00,0x00,0x00,0x00,0x00,0x00,0x00,0x3f,0xff,0xf7,0x00,0x00,0x00,0x00,0x00,0x00,0x00,0x00,0x2f,0xff,0xf7,0x00,0x32,0x00,0x00,0x00,0x00,0x00,
  0x00,0x4f,0xff,0xf6,0x02,0xee,0x40,0x00,0x00,0x00,0x00,0x00,0x9f,0xff,0xf4,0x1d,0xff,0xfa,0x30,0x00,0x00,0x00,0x06,0xff,0xff,0xe0,0x6f,0xff,0xff,0xfd,0x84,0x44,
  0x46,0xcf,0xff,0xff,0x70,0x06,0xef,0xff,0xff,0xff,0xff,0xff,0xff,0xff,0xfa,0x00,0x00,0x2a,0xff,0xff,0xff,0xff,0xff,0xff,0xff,0x80,0x00,0x00,0x00,0x29,0xdf,0xff,
  0xff,0xff,0xfe,0x92,0x00,0x00,0x00,0x00,0x00,0x01,0x46,0x88,0x84,0x30,0x00,0x00,0x00,0x00,0x00,0x00,0x00,0x00,0x00,0x5b,0xbb,0xbb,0x10,0x00,0x00,0x00,0x00,0x00,
  0x00,0x00,0x2e,0xff,0xff,0xf1,0x00,0x00,0x00,0x00,0x00,0x00,0x00,0x0c,0xff,0xff,0xff,0x10,0x00,0x00,0x00,0x00,0x00,0x00,0x07,0xff,0xff,0xff,0xf1,0x00,0x00,0x00,
  0x00,0x00,0x00,0x03,0xff,0xfb,0xdf,0xff,0x10,0x00,0x00,0x00,0x00,0x00,0x01,0xdf,0xff,0x4e,0xff,0xf1,0x00,0x00,0x00,0x00,0x00,0x00,0xaf,0xff,0xb0,0xff,0xff,0x10,
  0x00,0x00,0x00,0x00,0x00,0x5f,0xff,0xf3,0x0f,0xff,0xf1,0x00,0x00,0x00,0x00,0x00,0x2e,0xff,0xf8,0x01,0xff,0xff,0x10,0x00,0x00,0x00,0x00,0x0c,0xff,0xfd,0x10,0x1f,
  0xff,0xf1,0x00,0x00,0x00,0x00,0x08,0xff,0xff,0x30,0x01,0xff,0xff,0x10,0x00,0x00,0x00,0x04,0xff,0xff,0x70,0x00,0x1f,0xff,0xf1,0x00,0x00,0x00,0x01,0xdf,0xff,0xb0,
  0x00,0x01,0xff,0xff,0x10,0x00,0x00,0x00,0xaf,0xff,0xe2,0x00,0x00,0x1f,0xff,0xf1,0x00,0x00,0x00,0x6f,0xff,0xf6,0x00,0x00,0x01,0xff,0xff,0x10,0x00,0x00,0x2e,0xff,
  0xfa,0x00,0x00,0x00,0x1f,0xff,0xf1,0x00,0x00,0x0c,0xff,0xfe,0x10,0x00,0x00,0x01,0xff,0xff,0x10,0x00,0x08,0xff,0xff,0x40,0x00,0x00,0x00,0x1f,0xff,0xf1,0x00,0x00,
  0xdf,0xff,0xff,0xff,0xff,0xff,0xff,0xff,0xff,0xff,0xff,0xfd,0xff,0xff,0xff,0xff,0xff,0xff,0xff,0xff,0xff,0xff,0xff,0xdf,0xff,0xff,0xff,0xff,0xff,0xff,0xff,0xff,
  0xff,0xff,0xf7,0x88,0x88,0x88,0x88,0x88,0x88,0x8f,0xff,0xf8,0x88,0x88,0x00,0x00,0x00,0x00,0x00,0x00,0x01,0xff,0xff,0x10,0x00,0x00,0x00,0x00,0x00,0x00,0x00,0x00,
  0x1f,0xff,0xf1,0x00,0x00,0x00,0x00,0x00,0x00,0x00,0x00,0x01,0xff,0xff,0x10,0x00,0x00,0x00,0x00,0x00,0x00,0x00,0x00,0x1f,0xff,0xf1,0x00,0x00,0x00,0x00,0x00,0x00,
  0x00,0x00,0x01,0xff,0xff,0x10,0x00,0x00,0x00,0x00,0x00,0x00,0x00,0x00,0x1b,0xbb,0xb1,0x00,0x00,0x00,0x9b,0xbb,0xbb,0xbb,0xbb,0xbb,0xbb,0xbb,0x30,0x00,0xef,0xff,
  0xff,0xff,0xff,0xff,0xff,0xff,0x40,0x01,0xff,0xff,0xff,0xff,0xff,0xff,0xff,0xff,0x40,0x02,0xff,0xff,0xff,0xff,0xff,0xff,0xff,0xff,0x40,0x04,0xff,0xfb,0x00,0x00,
  0x00,0x00,0x00,0x00,0x00,0x06,0xff,0xf9,0x00,0x00,0x00,0x00,0x00,0x00,0x00,0x07,0xff,0xf7,0x00,0x00,0x00,0x00,0x00,0x00,0x00,0x09,0xff,0xf5,0x00,0x00,0x00,0x00,
  0x00,0x00,0x00,0x0b,0xff,0xf4,0x00,0x00,0x00,0x00,0x00,0x00,0x00,0x0c,0xff,0xf2,0x00,0x00,0x00,0x00,0x00,0x00,0x00,0x0e,0xff,0xf0,0x27,0xbf,0xff,0xda,0x50,0x00,
  0x00,0x1f,0xff,0xe8,0xff,0xff,0xff,0xff,0xfc,0x30,0x00,0x2f,0xff,0xff,0xff,0xff,0xff,0xff,0xff,0xf4,0x00,0x4f,0xff,0xff,0xe9,0x84,0x79,0xef,0xff,0xfe,0x30,0x6f,
  0xff,0xf9,0x10,0x00,0x00,0x19,0xff,0xff,0xb0,0x28,0xac,0x90,0x00,0x00,0x00,0x00,0xaf,0xff,0xf3,0x00,0x00,0x00,0x00,0x00,0x00,0x00,0x2f,0xff,0xf8,0x00,0x00,0x00,
  0x00,0x00,0x00,0x00,0x0c,0xff,0xfa,0x00,0x00,0x00,0x00,0x00,0x00,0x00,0x09,0xff,0xfc,0x00,0x00,0x00,0x00,0x00,0x00,0x00,0x09,0xff,0xfc,0x00,0x00,0x00,0x00,0x00,
  0x00,0x00,0x0b,0xff,0xfb,0x00,0x00,0x00,0x00,0x00,0x00,0x00,0x2f,0xff,0xf8,0x04,0xa1,0x00,0x00,0x00,0x00,0x00,0xaf,0xff,0xf4,0x2e,0xfd,0x50,0x00,0x00,0x00,0x19,
  0xff,0xff,0xc0,0xcf,0xff,0xfe,0x96,0x44,0x48,0xdf,0xff,0xff,0x30,0x6f,0xff,0xff,0xff,0xff,0xff,0xff,0xff,0xf5,0x00,0x03,0xcf,0xff,0xff,0xff,0xff,0xff,0xfe,0x40,
  0x00,0x00,0x05,0xaf,0xff,0xff,0xff,0xfd,0x71,0x00,0x00,0x00,0x00,0x00,0x35,0x88,0x84,0x20,0x00,0x00,0x00,0x00,0x00,0x00,0x00,0x00,0x00,0x03,0x7a,0x00,0x00,0x00,
  0x00,0x00,0x00,0x00,0x00,0x16,0xdf,0xff,0x50,0x00,0x00,0x00,0x00,0x00,0x00,0x07,0xef,0xff,0xff,0xc0,0x00,0x00,0x00,0x00,0x00,0x03,0xdf,0xff,0xff,0xff,0xa1,0x00,
  0x00,0x00,0x00,0x00,0x5f,0xff,0xff,0xfc,0x61,0x00,0x00,0x00,0x00,0x00,0x06,0xff,0xff,0xfb,0x40,0x00,0x00,0x00,0x00,0x00,0x00,0x5f,0xff,0xfe,0x60,0x00,0x00,0x00,
  0x00,0x00,0x00,0x02,0xef,0xff,0xe3,0x00,0x00,0x00,0x00,0x00,0x00,0x00,0x0b,0xff,0xfe,0x30,0x00,0x00,0x00,0x00,0x00,0x00,0x00,0x5f,0xff,0xf5,0x00,0x00,0x00,0x00,
  0x00,0x00,0x00,0x00,0xcf,0xff,0xa0,0x00,0x00,0x00,0x00,0x00,0x00,0x00,0x04,0xff,0xff,0x20,0x39,0xbf,0xfc,0xa6,0x00,0x00,0x00,0x09,0xff,0xfa,0x1a,0xff,0xff,0xff,
  0xff,0xe5,0x00,0x00,0x0d,0xff,0xf7,0xcf,0xff,0xff,0xff,0xff,0xff,0x80,0x00,0x1f,0xff,0xfd,0xff,0xe9,0x54,0x6a,0xff,0xff,0xf7,0x00,0x3f,0xff,0xff,0xfc,0x10,0x00,
  0x00,0x3d,0xff,0xff,0x20,0x4f,0xff,0xff,0xc1,0x00,0x00,0x00,0x02,0xef,0xff,0xa0,0x3f,0xff,0xff,0x30,0x00,0x00,0x00,0x00,0x8f,0xff,0xe0,0x3f,0xff,0xfc,0x00,0x00,
  0x00,0x00,0x00,0x4f,0xff,0xf2,0x1f,0xff,0xf9,0x00,0x00,0x00,0x00,0x00,0x2f,0xff,0xf4,0x0e,0xff,0xfa,0x00,0x00,0x00,0x00,0x00,0x2f,0xff,0xf4,0x0a,0xff,0xfd,0x00,
  0x00,0x00,0x00,0x00,0x4f,0xff,0xf2,0x06,0xff,0xff,0x40,0x00,0x00,0x00,0x00,0x9f,0xff,0xe0,0x01,0xef,0xff,0xd1,0x00,0x00,0x00,0x02,0xef,0xff,0x90,0x00,0x7f,0xff,
  0xfb,0x10,0x00,0x00,0x2d,0xff,0xff,0x30,0x00,0x0c,0xff,0xff,0xe7,0x41,0x48,0xef,0xff,0xf9,0x00,0x00,0x01,0xdf,0xff,0xff,0xff,0xff,0xff,0xff,0xb0,0x00,0x00,0x00,
  0x1a,0xff,0xff,0xff,0xff,0xff,0xf9,0x00,0x00,0x00,0x00,0x00,0x4b,0xff,0xff,0xff,0xfb,0x40,0x00,0x00,0x00,0x00,0x00,0x00,0x14,0x68,0x64,0x10,0x00,0x00,0x00,0x1b,
  0xbb,0xbb,0xbb,0xbb,0xbb,0xbb,0xbb,0xbb,0xbb,0xb9,0x1f,0xff,0xff,0xff,0xff,0xff,0xff,0xff,0xff,0xff,0xfd,0x1f,0xff,0xff,0xff,0xff,0xff,0xff,0xff,0xff,0xff,0xfd,
  0x1f,0xff,0xff,0xff,0xff,0xff,0xff,0xff,0xff,0xff,0xfc,0x1f,0xff,0xf4,0x44,0x44,0x44,0x44,0x44,0x5f,0xff,0xf6,0x1f,0xff,0xf1,0x00,0x00,0x00,0x00,0x00,0x8f,0xff,
  0xc0,0x1f,0xff,0xf1,0x00,0x00,0x00,0x00,0x01,0xef,0xff,0x50,0x1f,0xff,0xf1,0x00,0x00,0x00,0x00,0x08,0xff,0xfc,0x00,0x1f,0xff,0xf1,0x00,0x00,0x00,0x00,0x1e,0xff,
  0xf4,0x00,0x1b,0xbb,0xb0,0x00,0x00,0x00,0x00,0x7f,0xff,0xc0,0x00,0x00,0x00,0x00,0x00,0x00,0x00,0x00,0xef,0xff,0x60,0x00,0x00,0x00,0x00,0x00,0x00,0x00,0x06,0xff,
  0xfe,0x00,0x00,0x00,0x00,0x00,0x00,0x00,0x00,0x0d,0xff,0xf8,0x00,0x00,0x00,0x00,0x00,0x00,0x00,0x00,0x4f,0xff,0xf2,0x00,0x00,0x00,0x00,0x00,0x00,0x00,0x00,0xbf,
  0xff,0xb0,0x00,0x00,0x00,0x00,0x00,0x00,0x00,0x02,0xff,0xff,0x50,0x00,0x00,0x00,0x00,0x00,0x00,0x00,0x08,0xff,0xfe,0x00,0x00,0x00,0x00,0x00,0x00,0x00,0x00,0x0e,
  0xff,0xf9,0x00,0x00,0x00,0x00,0x00,0x00,0x00,0x00,0x5f,0xff,0xf4,0x00,0x00,0x00,0x00,0x00,0x00,0x00,0x00,0xaf,0xff,0xd0,0x00,0x00,0x00,0x00,0x00,0x00,0x00,0x01,
  0xff,0xff,0x80,0x00,0x00,0x00,0x00,0x00,0x00,0x00,0x06,0xff,0xff,0x40,0x00,0x00,0x00,0x00,0x00,0x00,0x00,0x0b,0xff,0xfe,0x00,0x00,0x00,0x00,0x00,0x00,0x00,0x00,
  0x1f,0xff,0xf9,0x00,0x00,0x00,0x00,0x00,0x00,0x00,0x00,0x4f,0xff,0xf5,0x00,0x00,0x00,0x00,0x00,0x00,0x00,0x00,0x9f,0xff,0xf1,0x00,0x00,0x00,0x00,0x00,0x00,0x00,
  0x00,0xcf,0xff,0xc0,0x00,0x00,0x00,0x00,0x00,0x00,0x00,0x00,0xbb,0xbb,0x70,0x00,0x00,0x00,0x00,0x00,0x00,0x00,0x00,0x44,0x44,0x42,0x00,0x00,0x00,0x00,0x00,0x00,
  0x05,0xbf,0xff,0xff,0xff,0xd8,0x10,0x00,0x00,0x00,0x03,0xcf,0xff,0xff,0xff,0xff,0xff,0xe6,0x00,0x00,0x00,0x4e,0xff,0xff,0xfc,0xbb,0xff,0xff,0xff,0x90,0x00,0x01,
  0xef,0xff,0xf8,0x10,0x00,0x06,0xef,0xff,0xf6,0x00,0x08,0xff,0xff,0x50,0x00,0x00,0x00,0x2e,0xff,0xfd,0x00,0x0d,0xff,0xfb,0x00,0x00,0x00,0x00,0x05,0xff,0xff,0x30,
  0x1f,0xff,0xf6,0x00,0x00,0x00,0x00,0x01,0xff,0xff,0x40,0x1f,0xff,0xf6,0x00,0x00,0x00,0x00,0x00,0xff,0xff,0x40,0x0e,0xff,0xfa,0x00,0x00,0x00,0x00,0x04,0xff,0xff,
  0x10,0x0a,0xff,0xff,0x40,0x00,0x00,0x00,0x1c,0xff,0xfc,0x00,0x02,0xff,0xff,0xe5,0x00,0x00,0x02,0xcf,0xff,0xf3,0x00,0x00,0x5f,0xff,0xff,0xc5,0x03,0x9f,0xff,0xfe,
  0x50,0x00,0x00,0x04,0xdf,0xff,0xff,0xff,0xff,0xff,0xb2,0x00,0x00,0x00,0x00,0x06,0xdf,0xff,0xff,0xff,0xd3,0x00,0x00,0x00,0x00,0x00,0x4b,0xff,0xff,0xff,0xff,0xfe,
  0x91,0x00,0x00,0x00,0x1a,0xff,0xff,0xfb,0x8b,0xff,0xff,0xfe,0x60,0x00,0x01,0xcf,0xff,0xfa,0x20,0x00,0x18,0xff,0xff,0xf7,0x00,0x0b,0xff,0xff,0x50,0x00,0x00,0x00,
  0x3d,0xff,0xff,0x40,0x4f,0xff,0xf7,0x00,0x00,0x00,0x00,0x02,0xef,0xff,0xc0,0xaf,0xff,0xe0,0x00,0x00,0x00,0x00,0x00,0x9f,0xff,0xf2,0xcf,0xff,0xb0,0x00,0x00,0x00,
  0x00,0x00,0x6f,0xff,0xf4,0xdf,0xff,0xc0,0x00,0x00,0x00,0x00,0x00,0x7f,0xff,0xf4,0xbf,0xff,0xf2,0x00,0x00,0x00,0x00,0x00,0xcf,0xff,0xf2,0x7f,0xff,0xfc,0x10,0x00,
  0x00,0x00,0x08,0xff,0xff,0xd0,0x1e,0xff,0xff,0xe6,0x10,0x00,0x05,0xcf,0xff,0xff,0x50,0x04,0xef,0xff,0xff,0xfd,0xbc,0xff,0xff,0xff,0xf8,0x00,0x00,0x3d,0xff,0xff,
  0xff,0xff,0xff,0xff,0xfe,0x60,0x00,0x00,0x00,0x6d,0xff,0xff,0xff,0xff,0xfe,0x81,0x00,0x00,0x00,0x00,0x00,0x25,0x88,0x88,0x86,0x30,0x00,0x00,0x00,0x00,0x00,0x00,
  0x01,0x44,0x44,0x20,0x00,0x00,0x00,0x00,0x00,0x00,0x5b,0xff,0xff,0xff,0xd7,0x10,0x00,0x00,0x00,0x02,0xcf,0xff,0xff,0xff,0xff,0xfe,0x40,0x00,0x00,0x02,0xef,0xff,
  0xff,0xff,0xff,0xff,0xff,0x60,0x00,0x01,0xdf,0xff,0xfd,0x74,0x46,0xbf,0xff,0xff,0x40,0x00,0x9f,0xff,0xf9,0x00,0x00,0x00,0x6f,0xff,0xfd,0x00,0x2f,0xff,0xfa,0x00,
  0x00,0x00,0x00,0x6f,0xff,0xf5,0x07,0xff,0xff,0x20,0x00,0x00,0x00,0x00,0xdf,0xff,0xb0,0xaf,0xff,0xc0,0x00,0x00,0x00,0x00,0x08,0xff,0xff,0x1c,0xff,0xfa,0x00,0x00,
  0x00,0x00,0x00,0x5f,0xff,0xf3,0xdf,0xff,0x90,0x00,0x00,0x00,0x00,0x04,0xff,0xff,0x6c,0xff,0xfa,0x00,0x00,0x00,0x00,0x00,0x6f,0xff,0xf7,0xaf,0xff,0xd0,0x00,0x00,
  0x00,0x00,0x0a,0xff,0xff,0x87,0xff,0xff,0x50,0x00,0x00,0x00,0x03,0xff,0xff,0xf9,0x1f,0xff,0xfe,0x30,0x00,0x00,0x02,0xdf,0xff,0xff,0x80,0x8f,0xff,0xfe,0x61,0x00,
  0x06,0xef,0xff,0xff,0xf7,0x00,0xbf,0xff,0xff,0xfc,0xcf,0xff,0xfd,0xdf,0xff,0x60,0x01,0xbf,0xff,0xff,0xff,0xff,0xfd,0x2e,0xff,0xf4,0x00,0x00,0x6d,0xff,0xff,0xff,
  0xf9,0x14,0xff,0xff,0x10,0x00,0x00,0x03,0x78,0x88,0x51,0x00,0xaf,0xff,0xb0,0x00,0x00,0x00,0x00,0x00,0x00,0x00,0x3f,0xff,0xf6,0x00,0x00,0x00,0x00,0x00,0x00,0x00,
  0x1c,0xff,0xfe,0x10,0x00,0x00,0x00,0x00,0x00,0x00,0x0a,0xff,0xff,0x70,0x00,0x00,0x00,0x00,0x00,0x00,0x2c,0xff,0xff,0xc0,0x00,0x00,0x00,0x00,0x00,0x02,0x8e,0xff,
  0xff,0xe2,0x00,0x00,0x00,0x00,0x04,0x7b,0xff,0xff,0xff,0xd2,0x00,0x00,0x00,0x07,0xef,0xff,0xff,0xff,0xff,0xb1,0x00,0x00,0x00,0x00,0x3f,0xff,0xff,0xff,0xfc,0x40,
  0x00,0x00,0x00,0x00,0x00,0xaf,0xff,0xfe,0x94,0x00,0x00,0x00,0x00,0x00,0x00,0x03,0xca,0x73,0x00,0x00,0x00,0x00,0x00,0x00,0x34,0x44,0x41,0xbf,0xff,0xf5,0xbf,0xff,
  0xf5,0xbf,0xff,0xf5,0xbf,0xff,0xf5,0xbf,0xff,0xf5,0x00,0x00,0x00,0x00,0x00,0x00,0x00,0x00,0x00,0x00,0x00,0x00,0x00,0x00,0x00,0x00,0x00,0x00,0x00,0x00,0x00,0x00,
  0x00,0x00,0x00,0x00,0x00,0x34,0x44,0x41,0xbf,0xff,0xf5,0xbf,0xff,0xf5,0xbf,0xff,0xf5,0xbf,0xff,0xf5,0x9b,0xbb,0xb4,0x34,0x44,0x41,0xbf,0xff,0xf5,0xbf,0xff,0xf5,
  0xbf,0xff,0xf5,0xbf,0xff,0xf5,0xbf,0xff,0xf5,0x00,0x00,0x00,0x00,0x00,0x00,0x00,0x00,0x00,0x00,0x00,0x00,0x00,0x00,0x00,0x00,0x00,0x00,0x00,0x00,0x00,0x00,0x00,
  0x00,0xbf,0xff,0xf5,0xbf,0xff,0xf5,0xbf,0xff,0xf5,0xbf,0xff,0xf4,0xbf,0xff,0xf3,0x00,0x8f,0xe0,0x00,0xcf,0xa0,0x02,0xff,0x30,0x0a,0xfa,0x00,0x5f,0xe1,0x00,0x00,
  0x00,0x00,0x00,0x00,0x00,0x00,0x00,0x00,0x00,0x00,0x02,0x00,0x00,0x00,0x00,0x00,0x00,0x00,0x00,0x00,0x00,0x05,0xd8,0x00,0x00,0x00,0x00,0x00,0x00,0x00,0x00,0x00,
  0x05,0xdf,0xf8,0x00,0x00,0x00,0x00,0x00,0x00,0x00,0x00,0x05,0xdf,0xff,0xf7,0x00,0x00,0x00,0x00,0x00,0x00,0x00,0x06,0xdf,0xff,0xfb,0x40,0x00,0x00,0x00,0x00,0x00,
  0x00,0x06,0xdf,0xff,0xfa,0x30,0x00,0x00,0x00,0x00,0x00,0x00,0x06,0xdf,0xff,0xfa,0x30,0x00,0x00,0x00,0x00,0x00,0x00,0x06,0xdf,0xff,0xfa,0x20,0x00,0x00,0x00,0x00,
  0x00,0x00,0x06,0xdf,0xff,0xf9,0x20,0x00,0x00,0x00,0x00,0x00,0x00,0x06,0xdf,0xff,0xf9,0x20,0x00,0x00,0x00,0x00,0x00,0x00,0x06,0xdf,0xff,0xe8,0x10,0x00,0x00,0x00,
  0x00,0x00,0x00,0x06,0xdf,0xff,0xe8,0x10,0x00,0x00,0x00,0x00,0x00,0x00,0x00,0x29,0xff,0xff,0xd6,0x00,0x00,0x00,0x00,0x00,0x00,0x00,0x00,0x00,0x29,0xff,0xff,0xd6,
  0x00,0x00,0x00,0x00,0x00,0x00,0x00,0x00,0x00,0x19,0xff,0xff,0xd6,0x00,0x00,0x00,0x00,0x00,0x00,0x00,0x00,0x00,0x18,0xff,0xff,0xe7,0x10,0x00,0x00,0x00,0x00,0x00,
  0x00,0x00,0x00,0x18,0xef,0xff,0xe7,0x10,0x00,0x00,0x00,0x00,0x00,0x00,0x00,0x00,0x18,0xef,0xff,0xe8,0x10,0x00,0x00,0x00,0x00,0x00,0x00,0x00,0x00,0x18,0xef,0xff,
  0xe8,0x10,0x00,0x00,0x00,0x00,0x00,0x00,0x00,0x00,0x18,0xef,0xff,0xe8,0x10,0x00,0x00,0x00,0x00,0x00,0x00,0x00,0x00,0x18,0xef,0xff,0xf5,0x00,0x00,0x00,0x00,0x00,
  0x00,0x00,0x00,0x00,0x18,0xef,0xf8,0x00,0x00,0x00,0x00,0x00,0x00,0x00,0x00,0x00,0x00,0x18,0xe8,0x00,0x00,0x00,0x00,0x00,0x00,0x00,0x00,0x00,0x00,0x00,0x13,0x44,
  0x44,0x44,0x44,0x44,0x44,0x44,0x44,0x44,0x44,0x44,0x2e,0xff,0xff,0xff,0xff,0xff,0xff,0xff,0xff,0xff,0xff,0xf8,0xef,0xff,0xff,0xff,0xff,0xff,0xff,0xff,0xff,0xff,
  0xff,0x87,0x88,0x88,0x88,0x88,0x88,0x88,0x88,0x88,0x88,0x88,0x84,0x00,0x00,0x00,0x00,0x00,0x00,0x00,0x00,0x00,0x00,0x00,0x00,0x00,0x00,0x00,0x00,0x00,0x00,0x00,
  0x00,0x00,0x00,0x00,0x00,0x00,0x00,0x00,0x00,0x00,0x00,0x00,0x00,0x00,0x00,0x00,0x00,0x00,0x00,0x00,0x00,0x00,0x00,0x00,0x00,0x00,0x00,0x78,0x88,0x88,0x88,0x88,
  0x88,0x88,0x88,0x88,0x88,0x88,0x4e,0xff,0xff,0xff,0xff,0xff,0xff,0xff,0xff,0xff,0xff,0xf8,0xef,0xff,0xff,0xff,0xff,0xff,0xff,0xff,0xff,0xff,0xff,0x87,0x88,0x88,
  0x88,0x88,0x88,0x88,0x88,0x88,0x88,0x88,0x84,0x20,0x00,0x00,0x00,0x00,0x00,0x00,0x00,0x00,0x00,0x00,0x0e,0x92,0x00,0x00,0x00,0x00,0x00,0x00,0x00,0x00,0x00,0x00,
  0xef,0xf9,0x20,0x00,0x00,0x00,0x00,0x00,0x00,0x00,0x00,0x0d,0xff,0xff,0xa2,0x00,0x00,0x00,0x00,0x00,0x00,0x00,0x00,0x17,0xef,0xff,0xfa,0x20,0x00,0x00,0x00,0x00,
  0x00,0x00,0x00,0x00,0x6d,0xff,0xff,0xa2,0x00,0x00,0x00,0x00,0x00,0x00,0x00,0x00,0x06,0xdf,0xff,0xfa,0x20,0x00,0x00,0x00,0x00,0x00,0x00,0x00,0x00,0x6d,0xff,0xff,
  0xa3,0x00,0x00,0x00,0x00,0x00,0x00,0x00,0x00,0x05,0xcf,0xff,0xfa,0x30,0x00,0x00,0x00,0x00,0x00,0x00,0x00,0x00,0x5c,0xff,0xff,0xa3,0x00,0x00,0x00,0x00,0x00,0x00,
  0x00,0x00,0x04,0xcf,0xff,0xfa,0x30,0x00,0x00,0x00,0x00,0x00,0x00,0x00,0x00,0x4b,0xff,0xff,0xa3,0x00,0x00,0x00,0x00,0x00,0x00,0x00,0x02,0x9f,0xff,0xfd,0x50,0x00,
  0x00,0x00,0x00,0x00,0x00,0x29,0xff,0xff,0xd5,0x00,0x00,0x00,0x00,0x00,0x00,0x02,0x9f,0xff,0xfd,0x50,0x00,0x00,0x00,0x00,0x00,0x00,0x3a,0xff,0xff,0xd5,0x00,0x00,
  0x00,0x00,0x00,0x00,0x03,0xaf,0xff,0xfc,0x50,0x00,0x00,0x00,0x00,0x00,0x00,0x3b,0xff,0xff,0xc5,0x00,0x00,0x00,0x00,0x00,0x00,0x04,0xbf,0xff,0xfc,0x50,0x00,0x00,
  0x00,0x00,0x00,0x00,0x4c,0xff,0xff,0xc5,0x00,0x00,0x00,0x00,0x00,0x00,0x00,0xcf,0xff,0xfc,0x50,0x00,0x00,0x00,0x00,0x00,0x00,0x00,0x0e,0xff,0xc4,0x00,0x00,0x00,
  0x00,0x00,0x00,0x00,0x00,0x00,0xec,0x40,0x00,0x00,0x00,0x00,0x00,0x00,0x00,0x00,0x00,0x04,0x00,0x00,0x00,0x00,0x00,0x00,0x00,0x00,0x00,0x00,0x00,0x00,0x00,0x00,
  0x00,0x04,0x44,0x42,0x00,0x00,0x00,0x00,0x00,0x00,0x04,0x9d,0xff,0xff,0xff,0xfb,0x71,0x00,0x00,0x00,0x04,0xdf,0xff,0xff,0xff,0xff,0xff,0xff,0x81,0x00,0x01,0xaf,
  0xff,0xff,0xff,0xff,0xff,0xff,0xff,0xfc,0x10,0x1c,0xff,0xff,0xfe,0x96,0x44,0x48,0xcf,0xff,0xff,0xc0,0x8f,0xff,0xfe,0x60,0x00,0x00,0x00,0x05,0xef,0xff,0xf6,0x0a,
  0xff,0xc1,0x00,0x00,0x00,0x00,0x00,0x7f,0xff,0xfc,0x00,0x8b,0x10,0x00,0x00,0x00,0x00,0x00,0x3f,0xff,0xfd,0x00,0x00,0x00,0x00,0x00,0x00,0x00,0x00,0x5f,0xff,0xfc,
  0x00,0x00,0x00,0x00,0x00,0x00,0x00,0x00,0xbf,0xff,0xf8,0x00,0x00,0x00,0x00,0x00,0x00,0x00,0x08,0xff,0xff,0xe1,0x00,0x00,0x00,0x00,0x00,0x00,0x02,0xbf,0xff,0xfe,
  0x40,0x00,0x00,0x00,0x00,0x00,0x00,0x6f,0xff,0xff,0xd3,0x00,0x00,0x00,0x00,0x00,0x00,0x08,0xff,0xff,0xf8,0x00,0x00,0x00,0x00,0x00,0x00,0x00,0x5f,0xff,0xfc,0x20,
  0x00,0x00,0x00,0x00,0x00,0x00,0x00,0xdf,0xff,0x90,0x00,0x00,0x00,0x00,0x00,0x00,0x00,0x04,0xff,0xfb,0x00,0x00,0x00,0x00,0x00,0x00,0x00,0x00,0x08,0xff,0xf4,0x00,
  0x00,0x00,0x00,0x00,0x00,0x00,0x00,0x0b,0xff,0xf0,0x00,0x00,0x00,0x00,0x00,0x00,0x00,0x00,0x0c,0xff,0xd0,0x00,0x00,0x00,0x00,0x00,0x00,0x00,0x00,0x09,0xbb,0x90,
  0x00,0x00,0x00,0x00,0x00,0x00,0x00,0x00,0x00,0x00,0x00,0x00,0x00,0x00,0x00,0x00,0x00,0x00,0x00,0x00,0x00,0x00,0x00,0x00,0x00,0x00,0x00,0x00,0x00,0x00,0x24,0x44,
  0x42,0x00,0x00,0x00,0x00,0x00,0x00,0x00,0x00,0x9f,0xff,0xf8,0x00,0x00,0x00,0x00,0x00,0x00,0x00,0x00,0x9f,0xff,0xf8,0x00,0x00,0x00,0x00,0x00,0x00,0x00,0x00,0x9f,
  0xff,0xf8,0x00,0x00,0x00,0x00,0x00,0x00,0x00,0x00,0x9f,0xff,0xf8,0x00,0x00,0x00,0x00,0x00,0x00,0x00,0x00,0x7b,0xbb,0xb6,0x00,0x00,0x00,0x00,0x00,0x00,0x00,0x00,
  0x00,0x00,0x34,0x44,0x42,0x00,0x00,0x00,0x00,0x00,0x00,0x00,0x00,0x00,0x00,0x5a,0xff,0xff,0xff,0xfd,0x94,0x00,0x00,0x00,0x00,0x00,0x00,0x00,0x06,0xef,0xff,0xff,
  0xff,0xff,0xff,0xfc,0x40,0x00,0x00,0x00,0x00,0x00,0x2c,0xff,0xff,0xda,0x88,0x88,0xcf,0xff,0xff,0x80,0x00,0x00,0x00,0x00,0x3e,0xff,0xfb,0x40,0x00,0x00,0x00,0x16,
  0xdf,0xff,0xb1,0x00,0x00,0x00,0x2e,0xff,0xe4,0x00,0x00,0x00,0x00,0x00,0x00,0x8f,0xff,0xb0,0x00,0x00,0x1d,0xff,0xd2,0x00,0x00,0x00,0x00,0x00,0x00,0x00,0x5f,0xff,
  0x80,0x00,0x09,0xff,0xd1,0x00,0x00,0x6c,0xff,0xfa,0x20,0x74,0x10,0x6f,0xff,0x20,0x03,0xff,0xf3,0x00,0x01,0xcf,0xff,0xff,0xfe,0x5f,0xfd,0x00,0xaf,0xfa,0x00,0xaf,
  0xf8,0x00,0x01,0xdf,0xff,0xfc,0xff,0xff,0xff,0x80,0x02,0xff,0xf1,0x1f,0xff,0x20,0x00,0xaf,0xff,0x70,0x00,0x8f,0xff,0xf3,0x00,0x0b,0xff,0x55,0xff,0xb0,0x00,0x4f,
  0xff,0x60,0x00,0x00,0xef,0xfe,0x00,0x00,0x7f,0xf8,0x8f,0xf7,0x00,0x0a,0xff,0xb0,0x00,0x00,0x0b,0xff,0xa0,0x00,0x04,0xff,0xaa,0xff,0x50,0x01,0xff,0xf4,0x00,0x00,
  0x00,0xbf,0xf8,0x00,0x00,0x4f,0xfb,0xbf,0xf3,0x00,0x3f,0xff,0x00,0x00,0x00,0x0c,0xff,0x50,0x00,0x04,0xff,0xab,0xff,0x30,0x05,0xff,0xd0,0x00,0x00,0x01,0xff,0xf3,
  0x00,0x00,0x5f,0xf9,0xbf,0xf4,0x00,0x6f,0xfd,0x00,0x00,0x00,0x5f,0xff,0x20,0x00,0x09,0xff,0x69,0xff,0x60,0x05,0xff,0xe0,0x00,0x00,0x0c,0xff,0xf2,0x00,0x00,0xef,
  0xf2,0x6f,0xf9,0x00,0x3f,0xff,0x30,0x00,0x06,0xff,0xff,0x30,0x00,0x7f,0xfb,0x03,0xff,0xd0,0x00,0xef,0xfb,0x10,0x06,0xff,0xff,0xf9,0x00,0x6f,0xff,0x30,0x0d,0xff,
  0x40,0x06,0xff,0xff,0xbe,0xff,0xf8,0xef,0xfd,0xef,0xff,0x70,0x00,0x7f,0xfc,0x00,0x0a,0xff,0xff,0xff,0xf9,0x06,0xff,0xff,0xff,0x80,0x00,0x01,0xef,0xf8,0x00,0x08,
  0xef,0xff,0xd6,0x00,0x06,0xdf,0xea,0x32,0x90,0x00,0x05,0xff,0xf7,0x00,0x00,0x44,0x30,0x00,0x00,0x00,0x00,0x04,0xef,0xa0,0x00,0x08,0xff,0xf9,0x00,0x00,0x00,0x00,
  0x00,0x00,0x00,0x19,0xff,0xfe,0x30,0x00,0x0a,0xff,0xfd,0x60,0x00,0x00,0x00,0x00,0x03,0x9f,0xff,0xfd,0x30,0x00,0x00,0x08,0xff,0xff,0xea,0x85,0x44,0x68,0xae,0xff,
  0xff,0xf8,0x10,0x00,0x00,0x00,0x04,0xcf,0xff,0xff,0xff,0xff,0xff,0xff,0xff,0xa2,0x00,0x00,0x00,0x00,0x00,0x00,0x4a,0xef,0xff,0xff,0xff,0xff,0xb6,0x20,0x00,0x00,
  0x00,0x00,0x00,0x00,0x00,0x00,0x35,0x88,0x88,0x43,0x00,0x00,0x00,0x00,0x00,0x00,0x00,0x00,0x00,0x00,0x2b,0xbb,0xb7,0x00,0x00,0x00,0x00,0x00,0x00,0x00,0x00,0x00,
  0x00,0x07,0xff,0xff,0xe1,0x00,0x00,0x00,0x00,0x00,0x00,0x00,0x00,0x00,0x00,0xdf,0xff,0xff,0x50,0x00,0x00,0x00,0x00,0x00,0x00,0x00,0x00,0x00,0x4f,0xff,0xff,0xfb,
  0x00,0x00,0x00,0x00,0x00,0x00,0x00,0x00,0x00,0x0a,0xff,0xfd,0xff,0xf2,0x00,0x00,0x00,0x00,0x00,0x00,0x00,0x00,0x01,0xef,0xfe,0x7f,0xff,0x80,0x00,0x00,0x00,0x00,
  0x00,0x00,0x00,0x00,0x6f,0xff,0xb3,0xff,0xfe,0x00,0x00,0x00,0x00,0x00,0x00,0x00,0x00,0x0c,0xff,0xf6,0x0e,0xff,0xf5,0x00,0x00,0x00,0x00,0x00,0x00,0x00,0x03,0xff,
  0xff,0x20,0x9f,0xff,0xa0,0x00,0x00,0x00,0x00,0x00,0x00,0x00,0x9f,0xff,0xb0,0x03,0xff,0xff,0x10,0x00,0x00,0x00,0x00,0x00,0x00,0x0e,0xff,0xf6,0x00,0x0d,0xff,0xf7,
  0x00,0x00,0x00,0x00,0x00,0x00,0x05,0xff,0xfe,0x10,0x00,0x7f,0xff,0xd0,0x00,0x00,0x00,0x00,0x00,0x00,0xbf,0xff,0x90,0x00,0x02,0xff,0xff,0x40,0x00,0x00,0x00,0x00,
  0x00,0x2f,0xff,0xf4,0x00,0x00,0x0b,0xff,0xfa,0x00,0x00,0x00,0x00,0x00,0x08,0xff,0xfd,0x00,0x00,0x00,0x6f,0xff,0xe1,0x00,0x00,0x00,0x00,0x00,0xdf,0xff,0x80,0x00,
  0x00,0x01,0xef,0xff,0x60,0x00,0x00,0x00,0x00,0x4f,0xff,0xf6,0x44,0x44,0x44,0x4c,0xff,0xfc,0x00,0x00,0x00,0x00,0x0a,0xff,0xff,0xff,0xff,0xff,0xff,0xff,0xff,0xf3,
  0x00,0x00,0x00,0x01,0xff,0xff,0xff,0xff,0xff,0xff,0xff,0xff,0xff,0x90,0x00,0x00,0x00,0x7f,0xff,0xff,0xff,0xff,0xff,0xff,0xff,0xff,0xfe,0x00,0x00,0x00,0x0d,0xff,
  0xfc,0x44,0x44,0x44,0x44,0x44,0x7f,0xff,0xf5,0x00,0x00,0x04,0xff,0xff,0x70,0x00,0x00,0x00,0x00,0x00,0xef,0xff,0xb0,0x00,0x00,0x9f,0xff,0xf1,0x00,0x00,0x00,0x00,
  0x00,0x08,0xff,0xff,0x20,0x00,0x1e,0xff,0xfa,0x00,0x00,0x00,0x00,0x00,0x00,0x3f,0xff,0xf8,0x00,0x06,0xff,0xff,0x50,0x00,0x00,0x00,0x00,0x00,0x00,0xcf,0xff,0xd0,
  0x00,0xcf,0xff,0xe0,0x00,0x00,0x00,0x00,0x00,0x00,0x06,0xff,0xff,0x50,0x3f,0xff,0xf9,0x00,0x00,0x00,0x00,0x00,0x00,0x00,0x1f,0xff,0xfa,0x06,0xbb,0xbb,0x30,0x00,
  0x00,0x00,0x00,0x00,0x00,0x00,0x8b,0xbb,0xb1,0x7b,0xbb,0xbb,0xbb,0xbb,0xb9,0x85,0x20,0x00,0x00,0x00,0x9f,0xff,0xff,0xff,0xff,0xff,0xff,0xfc,0x50,0x00,0x00,0x9f,
  0xff,0xff,0xff,0xff,0xff,0xff,0xff,0xfb,0x10,0x00,0x9f,0xff,0xeb,0xbb,0xbb,0xbe,0xff,0xff,0xff,0xc0,0x00,0x9f,0xff,0xa0,0x00,0x00,0x00,0x3a,0xff,0xff,0xf7,0x00,
  0x9f,0xff,0xa0,0x00,0x00,0x00,0x00,0x7f,0xff,0xfd,0x00,0x9f,0xff,0xa0,0x00,0x00,0x00,0x00,0x0d,0xff,0xff,0x00,0x9f,0xff,0xa0,0x00,0x00,0x00,0x00,0x0a,0xff,0xff,
  0x10,0x9f,0xff,0xa0,0x00,0x00,0x00,0x00,0x0b,0xff,0xfe,0x00,0x9f,0xff,0xa0,0x00,0x00,0x00,0x00,0x2f,0xff,0xfa,0x00,0x9f,0xff,0xa0,0x00,0x00,0x00,0x02,0xcf,0xff,
  0xf3,0x00,0x9f,0xff,0xb4,0x44,0x44,0x47,0xaf,0xff,0xff,0x60,0x00,0x9f,0xff,0xff,0xff,0xff,0xff,0xff,0xff,0xc4,0x00,0x00,0x9f,0xff,0xff,0xff,0xff,0xff,0xff,0xb4,
  0x00,0x00,0x00,0x9f,0xff,0xff,0xff,0xff,0xff,0xff,0xff,0xb5,0x00,0x00,0x9f,0xff,0xb4,0x44,0x44,0x48,0xbf,0xff,0xff,0xb1,0x00,0x9f,0xff,0xa0,0x00,0x00,0x00,0x02,
  0xaf,0xff,0xfc,0x10,0x9f,0xff,0xa0,0x00,0x00,0x00,0x00,0x08,0xff,0xff,0x80,0x9f,0xff,0xa0,0x00,0x00,0x00,0x00,0x00,0xef,0xff,0xd0,0x9f,0xff,0xa0,0x00,0x00,0x00,
  0x00,0x00,0xbf,0xff,0xf1,0x9f,0xff,0xa0,0x00,0x00,0x00,0x00,0x00,0xcf,0xff,0xf1,0x9f,0xff,0xa0,0x00,0x00,0x00,0x00,0x01,0xff,0xff,0xf0,0x9f,0xff,0xa0,0x00,0x00,
  0x00,0x00,0x0a,0xff,0xff,0xb0,0x9f,0xff,0xa0,0x00,0x00,0x00,0x04,0xcf,0xff,0xff,0x50,0x9f,0xff,0xd8,0x88,0x89,0xbb,0xef,0xff,0xff,0xfa,0x00,0x9f,0xff,0xff,0xff,
  0xff,0xff,0xff,0xff,0xff,0xa0,0x00,0x9f,0xff,0xff,0xff,0xff,0xff,0xff,0xff,0xd5,0x00,0x00,0x7b,0xbb,0xbb,0xbb,0xbb,0xbb,0xba,0x73,0x00,0x00,0x00,0x00,0x00,0x00,
  0x00,0x00,0x01,0x44,0x44,0x40,0x00,0x00,0x00,0x00,0x00,0x00,0x00,0x02,0x8d,0xff,0xff,0xff,0xfc,0x61,0x00,0x00,0x00,0x00,0x00,0x19,0xff,0xff,0xff,0xff,0xff,0xff,
  0xe7,0x00,0x00,0x00,0x00,0x2d,0xff,0xff,0xff,0xff,0xff,0xff,0xff,0xfc,0x20,0x00,0x00,0x3e,0xff,0xff,0xfd,0x98,0x88,0x9d,0xff,0xff,0xfe,0x30,0x00,0x1d,0xff,0xff,
  0xe5,0x00,0x00,0x00,0x04,0xcf,0xff,0xd1,0x00,0x0b,0xff,0xff,0xc1,0x00,0x00,0x00,0x00,0x00,0x8f,0xe2,0x00,0x05,0xff,0xff,0xd1,0x00,0x00,0x00,0x00,0x00,0x00,0x63,
  0x00,0x00,0xcf,0xff,0xf4,0x00,0x00,0x00,0x00,0x00,0x00,0x00,0x00,0x00,0x3f,0xff,0xfc,0x00,0x00,0x00,0x00,0x00,0x00,0x00,0x00,0x00,0x08,0xff,0xff,0x60,0x00,0x00,
  0x00,0x00,0x00,0x00,0x00,0x00,0x00,0xbf,0xff,0xf1,0x00,0x00,0x00,0x00,0x00,0x00,0x00,0x00,0x00,0x0e,0xff,0xfd,0x00,0x00,0x00,0x00,0x00,0x00,0x00,0x00,0x00,0x01,
  0xff,0xff,0xb0,0x00,0x00,0x00,0x00,0x00,0x00,0x00,0x00,0x00,0x2f,0xff,0xfa,0x00,0x00,0x00,0x00,0x00,0x00,0x00,0x00,0x00,0x02,0xff,0xff,0xa0,0x00,0x00,0x00,0x00,
  0x00,0x00,0x00,0x00,0x00,0x1f,0xff,0xfb,0x00,0x00,0x00,0x00,0x00,0x00,0x00,0x00,0x00,0x00,0xff,0xff,0xd0,0x00,0x00,0x00,0x00,0x00,0x00,0x00,0x00,0x00,0x0d,0xff,
  0xff,0x10,0x00,0x00,0x00,0x00,0x00,0x00,0x00,0x00,0x00,0xaf,0xff,0xf5,0x00,0x00,0x00,0x00,0x00,0x00,0x00,0x00,0x00,0x05,0xff,0xff,0xb0,0x00,0x00,0x00,0x00,0x00,
  0x00,0x00,0x00,0x00,0x1e,0xff,0xff,0x40,0x00,0x00,0x00,0x00,0x00,0x00,0x00,0x00,0x00,0x8f,0xff,0xfd,0x10,0x00,0x00,0x00,0x00,0x00,0x00,0x71,0x00,0x01,0xef,0xff,
  0xfc,0x10,0x00,0x00,0x00,0x00,0x01,0xaf,0x80,0x00,0x04,0xff,0xff,0xfd,0x50,0x00,0x00,0x00,0x16,0xef,0xff,0x30,0x00,0x06,0xff,0xff,0xff,0xd8,0x74,0x68,0xae,0xff,
  0xff,0xfb,0x00,0x00,0x05,0xef,0xff,0xff,0xff,0xff,0xff,0xff,0xff,0xfd,0x30,0x00,0x00,0x02,0xbf,0xff,0xff,0xff,0xff,0xff,0xff,0xf8,0x10,0x00,0x00,0x00,0x00,0x4a,
  0xff,0xff,0xff,0xff,0xfc,0x71,0x00,0x00,0x00,0x00,0x00,0x00,0x00,0x46,0x88,0x86,0x41,0x00,0x00,0x00,0xbb,0xbb,0xbb,0xbb,0xbb,0xb8,0x74,0x10,0x00,0x00,0x00,0x00,
  0xff,0xff,0xff,0xff,0xff,0xff,0xff,0xfb,0x50,0x00,0x00,0x00,0xff,0xff,0xff,0xff,0xff,0xff,0xff,0xff,0xfd,0x40,0x00,0x00,0xff,0xff,0xff,0xff,0xff,0xff,0xff,0xff,
  0xff,0xf8,0x00,0x00,0xff,0xff,0x70,0x00,0x00,0x14,0x7b,0xff,0xff,0xff,0x90,0x00,0xff,0xff,0x70,0x00,0x00,0x00,0x00,0x2b,0xff,0xff,0xf6,0x00,0xff,0xff,0x70,0x00,
  0x00,0x00,0x00,0x00,0x8f,0xff,0xfe,0x20,0xff,0xff,0x70,0x00,0x00,0x00,0x00,0x00,0x09,0xff,0xff,0x90,0xff,0xff,0x70,0x00,0x00,0x00,0x00,0x00,0x01,0xef,0xff,0xe1,
  0xff,0xff,0x70,0x00,0x00,0x00,0x00,0x00,0x00,0x7f,0xff,0xf5,0xff,0xff,0x70,0x00,0x00,0x00,0x00,0x00,0x00,0x2f,0xff,0xf9,0xff,0xff,0x70,0x00,0x00,0x00,0x00,0x00,
  0x00,0x0e,0xff,0xfc,0xff,0xff,0x70,0x00,0x00,0x00,0x00,0x00,0x00,0x0c,0xff,0xfe,0xff,0xff,0x70,0x00,0x00,0x00,0x00,0x00,0x00,0x0b,0xff,0xff,0xff,0xff,0x70,0x00,
  0x00,0x00,0x00,0x00,0x00,0x0b,0xff,0xff,0xff,0xff,0x70,0x00,0x00,0x00,0x00,0x00,0x00,0x0c,0xff,0xfe,0xff,0xff,0x70,0x00,0x00,0x00,0x00,0x00,0x00,0x0e,0xff,0xfc,
  0xff,0xff,0x70,0x00,0x00,0x00,0x00,0x00,0x00,0x2f,0xff,0xfa,0xff,0xff,0x70,0x00,0x00,0x00,0x00,0x00,0x00,0x7f,0xff,0xf6,0xff,0xff,0x70,0x00,0x00,0x00,0x00,0x00,
  0x00,0xdf,0xff,0xf1,0xff,0xff,0x70,0x00,0x00,0x00,0x00,0x00,0x08,0xff,0xff,0xa0,0xff,0xff,0x70,0x00,0x00,0x00,0x00,0x00,0x7f,0xff,0xff,0x20,0xff,0xff,0x70,0x00,
  0x00,0x00,0x00,0x1a,0xff,0xff,0xf7,0x00,0xff,0xff,0x70,0x00,0x00,0x03,0x6a,0xff,0xff,0xff,0xa0,0x00,0xff,0xff,0xff,0xff,0xff,0xff,0xff,0xff,0xff,0xfa,0x00,0x00,
  0xff,0xff,0xff,0xff,0xff,0xff,0xff,0xff,0xfe,0x60,0x00,0x00,0xff,0xff,0xff,0xff,0xff,0xff,0xff,0xfe,0x81,0x00,0x00,0x00,0xbb,0xbb,0xbb,0xbb,0xbb,0xbb,0x97,0x30,
  0x00,0x00,0x00,0x00,0xbb,0xbb,0xbb,0xbb,0xbb,0xbb,0xbb,0xbb,0xbb,0x80,0xef,0xff,0xff,0xff,0xff,0xff,0xff,0xff,0xff,0xb0,0xef,0xff,0xff,0xff,0xff,0xff,0xff,0xff,
  0xff,0xb0,0xef,0xff,0xff,0xff,0xff,0xff,0xff,0xff,0xff,0xb0,0xef,0xff,0x60,0x00,0x00,0x00,0x00,0x00,0x00,0x00,0xef,0xff,0x60,0x00,0x00,0x00,0x00,0x00,0x00,0x00,
  0xef,0xff,0x60,0x00,0x00,0x00,0x00,0x00,0x00,0x00,0xef,0xff,0x60,0x00,0x00,0x00,0x00,0x00,0x00,0x00,0xef,0xff,0x60,0x00,0x00,0x00,0x00,0x00,0x00,0x00,0xef,0xff,
  0x60,0x00,0x00,0x00,0x00,0x00,0x00,0x00,0xef,0xff,0x60,0x00,0x00,0x00,0x00,0x00,0x00,0x00,0xef,0xff,0x60,0x00,0x00,0x00,0x00,0x00,0x00,0x00,0xef,0xff,0xff,0xff,
  0xff,0xff,0xff,0xff,0xf1,0x00,0xef,0xff,0xff,0xff,0xff,0xff,0xff,0xff,0xf1,0x00,0xef,0xff,0xff,0xff,0xff,0xff,0xff,0xff,0xf1,0x00,0xef,0xff,0xb8,0x88,0x88,0x88,
  0x88,0x88,0x80,0x00,0xef,0xff,0x60,0x00,0x00,0x00,0x00,0x00,0x00,0x00,0xef,0xff,0x60,0x00,0x00,0x00,0x00,0x00,0x00,0x00,0xef,0xff,0x60,0x00,0x00,0x00,0x00,0x00,
  0x00,0x00,0xef,0xff,0x60,0x00,0x00,0x00,0x00,0x00,0x00,0x00,0xef,0xff,0x60,0x00,0x00,0x00,0x00,0x00,0x00,0x00,0xef,0xff,0x60,0x00,0x00,0x00,0x00,0x00,0x00,0x00,
  0xef,0xff,0x60,0x00,0x00,0x00,0x00,0x00,0x00,0x00,0xef,0xff,0x60,0x00,0x00,0x00,0x00,0x00,0x00,0x00,0xef,0xff,0xff,0xff,0xff,0xff,0xff,0xff,0xff,0xf3,0xef,0xff,
  0xff,0xff,0xff,0xff,0xff,0xff,0xff,0xf3,0xef,0xff,0xff,0xff,0xff,0xff,0xff,0xff,0xff,0xf3,0xbb,0xbb,0xbb,0xbb,0xbb,0xbb,0xbb,0xbb,0xbb,0xb2,0x6b,0xbb,0xbb,0xbb,
  0xbb,0xbb,0xbb,0xbb,0xbb,0x58,0xff,0xff,0xff,0xff,0xff,0xff,0xff,0xff,0xf7,0x8f,0xff,0xff,0xff,0xff,0xff,0xff,0xff,0xff,0x78,0xff,0xff,0xff,0xff,0xff,0xff,0xff,
  0xff,0xf7,0x8f,0xff,0xd0,0x00,0x00,0x00,0x00,0x00,0x00,0x08,0xff,0xfd,0x00,0x00,0x00,0x00,0x00,0x00,0x00,0x8f,0xff,0xd0,0x00,0x00,0x00,0x00,0x00,0x00,0x08,0xff,
  0xfd,0x00,0x00,0x00,0x00,0x00,0x00,0x00,0x8f,0xff,0xd0,0x00,0x00,0x00,0x00,0x00,0x00,0x08,0xff,0xfd,0x00,0x00,0x00,0x00,0x00,0x00,0x00,0x8f,0xff,0xd0,0x00,0x00,
  0x00,0x00,0x00,0x00,0x08,0xff,0xfd,0x00,0x00,0x00,0x00,0x00,0x00,0x00,0x8f,0xff,0xff,0xff,0xff,0xff,0xff,0xff,0xd0,0x08,0xff,0xff,0xff,0xff,0xff,0xff,0xff,0xfd,
  0x00,0x8f,0xff,0xff,0xff,0xff,0xff,0xff,0xff,0xd0,0x08,0xff,0xff,0xbb,0xbb,0xbb,0xbb,0xbb,0xba,0x00,0x8f,0xff,0xd0,0x00,0x00,0x00,0x00,0x00,0x00,0x08,0xff,0xfd,
  0x00,0x00,0x00,0x00,0x00,0x00,0x00,0x8f,0xff,0xd0,0x00,0x00,0x00,0x00,0x00,0x00,0x08,0xff,0xfd,0x00,0x00,0x00,0x00,0x00,0x00,0x00,0x8f,0xff,0xd0,0x00,0x00,0x00,
  0x00,0x00,0x00,0x08,0xff,0xfd,0x00,0x00,0x00,0x00,0x00,0x00,0x00,0x8f,0xff,0xd0,0x00,0x00,0x00,0x00,0x00,0x00,0x08,0xff,0xfd,0x00,0x00,0x00,0x00,0x00,0x00,0x00,
  0x8f,0xff,0xd0,0x00,0x00,0x00,0x00,0x00,0x00,0x08,0xff,0xfd,0x00,0x00,0x00,0x00,0x00,0x00,0x00,0x8f,0xff,0xd0,0x00,0x00,0x00,0x00,0x00,0x00,0x06,0xbb,0xba,0x00,
  0x00,0x00,0x00,0x00,0x00,0x00,0x00,0x00,0x00,0x00,0x00,0x01,0x44,0x44,0x40,0x00,0x00,0x00,0x00,0x00,0x00,0x00,0x00,0x39,0xdf,0xff,0xff,0xff,0xc7,0x20,0x00,0x00,
  0x00,0x00,0x00,0x1a,0xff,0xff,0xff,0xff,0xff,0xff,0xf9,0x10,0x00,0x00,0x00,0x04,0xef,0xff,0xff,0xff,0xff,0xff,0xff,0xff,0xe4,0x00,0x00,0x00,0x4f,0xff,0xff,0xfd,
  0x88,0x88,0x9d,0xff,0xff,0xff,0x20,0x00,0x03,0xef,0xff,0xfd,0x40,0x00,0x00,0x00,0x3b,0xff,0xf6,0x00,0x00,0x0d,0xff,0xff,0xb1,0x00,0x00,0x00,0x00,0x00,0x6e,0x90,
  0x00,0x00,0x7f,0xff,0xfc,0x10,0x00,0x00,0x00,0x00,0x00,0x02,0x00,0x00,0x01,0xef,0xff,0xf2,0x00,0x00,0x00,0x00,0x00,0x00,0x00,0x00,0x00,0x06,0xff,0xff,0x90,0x00,
  0x00,0x00,0x00,0x00,0x00,0x00,0x00,0x00,0x0a,0xff,0xff,0x30,0x00,0x00,0x00,0x00,0x00,0x00,0x00,0x00,0x00,0x0e,0xff,0xfe,0x00,0x00,0x00,0x00,0x00,0x00,0x00,0x00,
  0x00,0x00,0x2f,0xff,0xfb,0x00,0x00,0x00,0x00,0x00,0x00,0x00,0x00,0x00,0x00,0x3f,0xff,0xf9,0x00,0x00,0x00,0x00,0x00,0x00,0x00,0x00,0x00,0x00,0x4f,0xff,0xf8,0x00,
  0x00,0x00,0x00,0x44,0x44,0x44,0x44,0x44,0x42,0x4f,0xff,0xf7,0x00,0x00,0x00,0x01,0xff,0xff,0xff,0xff,0xff,0xf6,0x4f,0xff,0xf8,0x00,0x00,0x00,0x01,0xff,0xff,0xff,
  0xff,0xff,0xf6,0x3f,0xff,0xfa,0x00,0x00,0x00,0x01,0xff,0xff,0xff,0xff,0xff,0xf6,0x0f,0xff,0xfc,0x00,0x00,0x00,0x00,0x44,0x44,0x44,0x4c,0xff,0xf6,0x0c,0xff,0xff,
  0x10,0x00,0x00,0x00,0x00,0x00,0x00,0x0b,0xff,0xf6,0x08,0xff,0xff,0x60,0x00,0x00,0x00,0x00,0x00,0x00,0x0b,0xff,0xf6,0x02,0xff,0xff,0xd0,0x00,0x00,0x00,0x00,0x00,
  0x00,0x0b,0xff,0xf6,0x00,0xaf,0xff,0xf8,0x00,0x00,0x00,0x00,0x00,0x00,0x2e,0xff,0xf6,0x00,0x2f,0xff,0xff,0x60,0x00,0x00,0x00,0x00,0x01,0xcf,0xff,0xf6,0x00,0x06,
  0xff,0xff,0xf9,0x10,0x00,0x00,0x00,0x5e,0xff,0xff,0xf6,0x00,0x00,0x8f,0xff,0xff,0xfa,0x74,0x46,0x9d,0xff,0xff,0xff,0xf6,0x00,0x00,0x07,0xff,0xff,0xff,0xff,0xff,
  0xff,0xff,0xd7,0xff,0xf6,0x00,0x00,0x00,0x4d,0xff,0xff,0xff,0xff,0xff,0xfc,0x22,0xff,0xf6,0x00,0x00,0x00,0x00,0x6b,0xff,0xff,0xff,0xfd,0x60,0x00,0xdf,0xf6,0x00,
  0x00,0x00,0x00,0x00,0x14,0x68,0x85,0x20,0x00,0x00,0x00,0x00,0xab,0xbb,0x60,0x00,0x00,0x00,0x00,0x00,0x00,0xbb,0xbb,0x5e,0xff,0xf8,0x00,0x00,0x00,0x00,0x00,0x00,
  0x0e,0xff,0xf7,0xef,0xff,0x80,0x00,0x00,0x00,0x00,0x00,0x00,0xef,0xff,0x7e,0xff,0xf8,0x00,0x00,0x00,0x00,0x00,0x00,0x0e,0xff,0xf7,0xef,0xff,0x80,0x00,0x00,0x00,
  0x00,0x00,0x00,0xef,0xff,0x7e,0xff,0xf8,0x00,0x00,0x00,0x00,0x00,0x00,0x0e,0xff,0xf7,0xef,0xff,0x80,0x00,0x00,0x00,0x00,0x00,0x00,0xef,0xff,0x7e,0xff,0xf8,0x00,
  0x00,0x00,0x00,0x00,0x00,0x0e,0xff,0xf7,0xef,0xff,0x80,0x00,0x00,0x00,0x00,0x00,0x00,0xef,0xff,0x7e,0xff,0xf8,0x00,0x00,0x00,0x00,0x00,0x00,0x0e,0xff,0xf7,0xef,
  0xff,0x80,0x00,0x00,0x00,0x00,0x00,0x00,0xef,0xff,0x7e,0xff,0xf9,0x44,0x44,0x44,0x44,0x44,0x44,0x4e,0xff,0xf7,0xef,0xff,0xff,0xff,0xff,0xff,0xff,0xff,0xff,0xff,
  0xff,0x7e,0xff,0xff,0xff,0xff,0xff,0xff,0xff,0xff,0xff,0xff,0xf7,0xef,0xff,0xff,0xff,0xff,0xff,0xff,0xff,0xff,0xff,0xff,0x7e,0xff,0xfb,0x88,0x88,0x88,0x88,0x88,
  0x88,0x8f,0xff,0xf7,0xef,0xff,0x80,0x00,0x00,0x00,0x00,0x00,0x00,0xef,0xff,0x7e,0xff,0xf8,0x00,0x00,0x00,0x00,0x00,0x00,0x0e,0xff,0xf7,0xef,0xff,0x80,0x00,0x00,
  0x00,0x00,0x00,0x00,0xef,0xff,0x7e,0xff,0xf8,0x00,0x00,0x00,0x00,0x00,0x00,0x0e,0xff,0xf7,0xef,0xff,0x80,0x00,0x00,0x00,0x00,0x00,0x00,0xef,0xff,0x7e,0xff,0xf8,
  0x00,0x00,0x00,0x00,0x00,0x00,0x0e,0xff,0xf7,0xef,0xff,0x80,0x00,0x00,0x00,0x00,0x00,0x00,0xef,0xff,0x7e,0xff,0xf8,0x00,0x00,0x00,0x00,0x00,0x00,0x0e,0xff,0xf7,
  0xef,0xff,0x80,0x00,0x00,0x00,0x00,0x00,0x00,0xef,0xff,0x7e,0xff,0xf8,0x00,0x00,0x00,0x00,0x00,0x00,0x0e,0xff,0xf7,0xef,0xff,0x80,0x00,0x00,0x00,0x00,0x00,0x00,
  0xef,0xff,0x7a,0xbb,0xb6,0x00,0x00,0x00,0x00,0x00,0x00,0x0b,0xbb,0xb5,0x3b,0xbb,0xbb,0xbb,0xbb,0xbb,0x35,0xff,0xff,0xff,0xff,0xff,0xf4,0x5f,0xff,0xff,0xff,0xff,
  0xff,0x41,0x44,0x4c,0xff,0xfc,0x44,0x41,0x00,0x00,0xcf,0xff,0xb0,0x00,0x00,0x00,0x0c,0xff,0xfb,0x00,0x00,0x00,0x00,0xcf,0xff,0xb0,0x00,0x00,0x00,0x0c,0xff,0xfb,
  0x00,0x00,0x00,0x00,0xcf,0xff,0xb0,0x00,0x00,0x00,0x0c,0xff,0xfb,0x00,0x00,0x00,0x00,0xcf,0xff,0xb0,0x00,0x00,0x00,0x0c,0xff,0xfb,0x00,0x00,0x00,0x00,0xcf,0xff,
  0xb0,0x00,0x00,0x00,0x0c,0xff,0xfb,0x00,0x00,0x00,0x00,0xcf,0xff,0xb0,0x00,0x00,0x00,0x0c,0xff,0xfb,0x00,0x00,0x00,0x00,0xcf,0xff,0xb0,0x00,0x00,0x00,0x0c,0xff,
  0xfb,0x00,0x00,0x00,0x00,0xcf,0xff,0xb0,0x00,0x00,0x00,0x0c,0xff,0xfb,0x00,0x00,0x00,0x00,0xcf,0xff,0xb0,0x00,0x00,0x00,0x0c,0xff,0xfb,0x00,0x00,0x00,0x00,0xcf,
  0xff,0xb0,0x00,0x00,0x00,0x0c,0xff,0xfb,0x00,0x00,0x14,0x44,0xcf,0xff,0xc4,0x44,0x15,0xff,0xff,0xff,0xff,0xff,0xf4,0x5f,0xff,0xff,0xff,0xff,0xff,0x43,0xbb,0xbb,
  0xbb,0xbb,0xbb,0xb3,0x00,0x00,0x00,0x00,0x00,0x4b,0xbb,0xb1,0x00,0x00,0x00,0x00,0x00,0x6f,0xff,0xf1,0x00,0x00,0x00,0x00,0x00,0x6f,0xff,0xf1,0x00,0x00,0x00,0x00,
  0x00,0x6f,0xff,0xf1,0x00,0x00,0x00,0x00,0x00,0x6f,0xff,0xf1,0x00,0x00,0x00,0x00,0x00,0x6f,0xff,0xf1,0x00,0x00,0x00,0x00,0x00,0x6f,0xff,0xf1,0x00,0x00,0x00,0x00,
  0x00,0x6f,0xff,0xf1,0x00,0x00,0x00,0x00,0x00,0x6f,0xff,0xf1,0x00,0x00,0x00,0x00,0x00,0x6f,0xff,0xf1,0x00,0x00,0x00,0x00,0x00,0x6f,0xff,0xf1,0x00,0x00,0x00,0x00,
  0x00,0x6f,0xff,0xf1,0x00,0x00,0x00,0x00,0x00,0x6f,0xff,0xf1,0x00,0x00,0x00,0x00,0x00,0x6f,0xff,0xf1,0x00,0x00,0x00,0x00,0x00,0x6f,0xff,0xf1,0x00,0x00,0x00,0x00,
  0x00,0x6f,0xff,0xf1,0x00,0x00,0x00,0x00,0x00,0x6f,0xff,0xf1,0x00,0x00,0x00,0x00,0x00,0x6f,0xff,0xf1,0x00,0x00,0x00,0x00,0x00,0x6f,0xff,0xf1,0x00,0x00,0x00,0x00,
  0x00,0x6f,0xff,0xf1,0x00,0x00,0x00,0x00,0x00,0x6f,0xff,0xf1,0x01,0xa0,0x00,0x00,0x00,0x8f,0xff,0xf0,0x2d,0xf7,0x00,0x00,0x00,0xbf,0xff,0xe0,0xcf,0xff,0x50,0x00,
  0x05,0xff,0xff,0xb0,0x7f,0xff,0xfa,0x87,0xaf,0xff,0xff,0x60,0x0b,0xff,0xff,0xff,0xff,0xff,0xfc,0x00,0x01,0xcf,0xff,0xff,0xff,0xff,0xd2,0x00,0x00,0x08,0xef,0xff,
  0xff,0xf9,0x10,0x00,0x00,0x00,0x04,0x78,0x74,0x10,0x00,0x00,0xab,0xbb,0x60,0x00,0x00,0x00,0x00,0x09,0xbb,0xbb,0xb2,0x0e,0xff,0xf8,0x00,0x00,0x00,0x00,0x09,0xff,
  0xff,0xf4,0x00,0xef,0xff,0x80,0x00,0x00,0x00,0x07,0xff,0xff,0xf5,0x00,0x0e,0xff,0xf8,0x00,0x00,0x00,0x05,0xff,0xff,0xf5,0x00,0x00,0xef,0xff,0x80,0x00,0x00,0x04,
  0xff,0xff,0xf5,0x00,0x00,0x0e,0xff,0xf8,0x00,0x00,0x02,0xef,0xff,0xf6,0x00,0x00,0x00,0xef,0xff,0x80,0x00,0x02,0xdf,0xff,0xf6,0x00,0x00,0x00,0x0e,0xff,0xf8,0x00,
  0x01,0xcf,0xff,0xf7,0x00,0x00,0x00,0x00,0xef,0xff,0x80,0x00,0xbf,0xff,0xf7,0x00,0x00,0x00,0x00,0x0e,0xff,0xf8,0x00,0x9f,0xff,0xf8,0x00,0x00,0x00,0x00,0x00,0xef,
  0xff,0x80,0x8f,0xff,0xf9,0x00,0x00,0x00,0x00,0x00,0x0e,0xff,0xf8,0x6f,0xff,0xf9,0x00,0x00,0x00,0x00,0x00,0x00,0xef,0xff,0xbf,0xff,0xff,0x60,0x00,0x00,0x00,0x00,
  0x00,0x0e,0xff,0xff,0xff,0xff,0xff,0x30,0x00,0x00,0x00,0x00,0x00,0xef,0xff,0xff,0xfe,0xff,0xfd,0x10,0x00,0x00,0x00,0x00,0x0e,0xff,0xff,0xf6,0x6f,0xff,0xfb,0x00,
  0x00,0x00,0x00,0x00,0xef,0xff,0xf6,0x00,0xaf,0xff,0xf8,0x00,0x00,0x00,0x00,0x0e,0xff,0xf9,0x00,0x01,0xdf,0xff,0xf4,0x00,0x00,0x00,0x00,0xef,0xff,0x80,0x00,0x03,
  0xff,0xff,0xe2,0x00,0x00,0x00,0x0e,0xff,0xf8,0x00,0x00,0x07,0xff,0xff,0xc1,0x00,0x00,0x00,0xef,0xff,0x80,0x00,0x00,0x0b,0xff,0xff,0xa0,0x00,0x00,0x0e,0xff,0xf8,
  0x00,0x00,0x00,0x1d,0xff,0xff,0x60,0x00,0x00,0xef,0xff,0x80,0x00,0x00,0x00,0x4f,0xff,0xff,0x30,0x00,0x0e,0xff,0xf8,0x00,0x00,0x00,0x00,0x8f,0xff,0xfd,0x10,0x00,
  0xef,0xff,0x80,0x00,0x00,0x00,0x00,0xcf,0xff,0xfb,0x00,0x0e,0xff,0xf8,0x00,0x00,0x00,0x00,0x02,0xef,0xff,0xf8,0x00,0xef,0xff,0x80,0x00,0x00,0x00,0x00,0x05,0xff,
  0xff,0xf5,0x0a,0xbb,0xb6,0x00,0x00,0x00,0x00,0x00,0x08,0xbb,0xbb,0xb1,0x9b,0xbb,0x80,0x00,0x00,0x00,0x00,0x00,0x00,0xbf,0xff,0xb0,0x00,0x00,0x00,0x00,0x00,0x00,
  0xbf,0xff,0xb0,0x00,0x00,0x00,0x00,0x00,0x00,0xbf,0xff,0xb0,0x00,0x00,0x00,0x00,0x00,0x00,0xbf,0xff,0xb0,0x00,0x00,0x00,0x00,0x00,0x00,0xbf,0xff,0xb0,0x00,0x00,
  0x00,0x00,0x00,0x00,0xbf,0xff,0xb0,0x00,0x00,0x00,0x00,0x00,0x00,0xbf,0xff,0xb0,0x00,0x00,0x00,0x00,0x00,0x00,0xbf,0xff,0xb0,0x00,0x00,0x00,0x00,0x00,0x00,0xbf,
  0xff,0xb0,0x00,0x00,0x00,0x00,0x00,0x00,0xbf,0xff,0xb0,0x00,0x00,0x00,0x00,0x00,0x00,0xbf,0xff,0xb0,0x00,0x00,0x00,0x00,0x00,0x00,0xbf,0xff,0xb0,0x00,0x00,0x00,
  0x00,0x00,0x00,0xbf,0xff,0xb0,0x00,0x00,0x00,0x00,0x00,0x00,0xbf,0xff,0xb0,0x00,0x00,0x00,0x00,0x00,0x00,0xbf,0xff,0xb0,0x00,0x00,0x00,0x00,0x00,0x00,0xbf,0xff,
  0xb0,0x00,0x00,0x00,0x00,0x00,0x00,0xbf,0xff,0xb0,0x00,0x00,0x00,0x00,0x00,0x00,0xbf,0xff,0xb0,0x00,0x00,0x00,0x00,0x00,0x00,0xbf,0xff,0xb0,0x00,0x00,0x00,0x00,
  0x00,0x00,0xbf,0xff,0xb0,0x00,0x00,0x00,0x00,0x00,0x00,0xbf,0xff,0xb0,0x00,0x00,0x00,0x00,0x00,0x00,0xbf,0xff,0xb0,0x00,0x00,0x00,0x00,0x00,0x00,0xbf,0xff,0xb0,
  0x00,0x00,0x00,0x00,0x00,0x00,0xbf,0xff,0xff,0xff,0xff,0xff,0xff,0xff,0xf5,0xbf,0xff,0xff,0xff,0xff,0xff,0xff,0xff,0xf5,0xbf,0xff,0xff,0xff,0xff,0xff,0xff,0xff,
  0xf5,0x9b,0xbb,0xbb,0xbb,0xbb,0xbb,0xbb,0xbb,0xb4,0x3b,0xbb,0xbb,0xb6,0x00,0x00,0x00,0x00,0x00,0x00,0x00,0x6b,0xbb,0xbb,0xb3,0x4f,0xff,0xff,0xfe,0x00,0x00,0x00,
  0x00,0x00,0x00,0x00,0xef,0xff,0xff,0xf4,0x4f,0xff,0xff,0xff,0x60,0x00,0x00,0x00,0x00,0x00,0x06,0xff,0xff,0xff,0xf4,0x4f,0xff,0xef,0xff,0xd0,0x00,0x00,0x00,0x00,
  0x00,0x0d,0xff,0xfe,0xff,0xf4,0x4f,0xff,0xda,0xff,0xf5,0x00,0x00,0x00,0x00,0x00,0x5f,0xff,0xad,0xff,0xf4,0x4f,0xff,0xe4,0xff,0xfc,0x00,0x00,0x00,0x00,0x00,0xcf,
  0xff,0x4e,0xff,0xf4,0x4f,0xff,0xe0,0xdf,0xff,0x50,0x00,0x00,0x00,0x05,0xff,0xfd,0x0e,0xff,0xf4,0x4f,0xff,0xf0,0x8f,0xff,0xc0,0x00,0x00,0x00,0x0c,0xff,0xf7,0x0f,
  0xff,0xf4,0x4f,0xff,0xf0,0x2f,0xff,0xf4,0x00,0x00,0x00,0x4f,0xff,0xf2,0x0f,0xff,0xf4,0x4f,0xff,0xf0,0x0a,0xff,0xfb,0x00,0x00,0x00,0xbf,0xff,0xa0,0x0f,0xff,0xf4,
  0x4f,0xff,0xf0,0x04,0xff,0xff,0x30,0x00,0x03,0xff,0xff,0x40,0x0f,0xff,0xf4,0x4f,0xff,0xf1,0x00,0xcf,0xff,0xa0,0x00,0x0a,0xff,0xfc,0x00,0x1f,0xff,0xf4,0x4f,0xff,
  0xf1,0x00,0x5f,0xff,0xf2,0x00,0x2f,0xff,0xf5,0x00,0x1f,0xff,0xf4,0x4f,0xff,0xf1,0x00,0x0d,0xff,0xf8,0x00,0x8f,0xff,0xd0,0x00,0x1f,0xff,0xf4,0x4f,0xff,0xf1,0x00,
  0x07,0xff,0xfe,0x00,0xef,0xff,0x70,0x00,0x1f,0xff,0xf4,0x4f,0xff,0xf1,0x00,0x01,0xef,0xff,0x44,0xff,0xfe,0x10,0x00,0x1f,0xff,0xf4,0x4f,0xff,0xf1,0x00,0x00,0x9f,
  0xff,0x99,0xff,0xf9,0x00,0x00,0x1f,0xff,0xf4,0x4f,0xff,0xf1,0x00,0x00,0x2f,0xff,0xdd,0xff,0xf2,0x00,0x00,0x1f,0xff,0xf4,0x4f,0xff,0xf1,0x00,0x00,0x0b,0xff,0xff,
  0xff,0xb0,0x00,0x00,0x1f,0xff,0xf4,0x4f,0xff,0xf1,0x00,0x00,0x04,0xff,0xff,0xff,0x40,0x00,0x00,0x1f,0xff,0xf4,0x4f,0xff,0xf1,0x00,0x00,0x00,0xcf,0xff,0xfc,0x00,
  0x00,0x00,0x1f,0xff,0xf4,0x4f,0xff,0xf1,0x00,0x00,0x00,0x6f,0xff,0xf6,0x00,0x00,0x00,0x1f,0xff,0xf4,0x4f,0xff,0xf1,0x00,0x00,0x00,0x0e,0xff,0xe0,0x00,0x00,0x00,
  0x1f,0xff,0xf4,0x4f,0xff,0xf1,0x00,0x00,0x00,0x03,0x44,0x30,0x00,0x00,0x00,0x1f,0xff,0xf4,0x4f,0xff,0xf1,0x00,0x00,0x00,0x00,0x00,0x00,0x00,0x00,0x00,0x1f,0xff,
  0xf4,0x4f,0xff,0xf1,0x00,0x00,0x00,0x00,0x00,0x00,0x00,0x00,0x00,0x1f,0xff,0xf4,0x4f,0xff,0xf1,0x00,0x00,0x00,0x00,0x00,0x00,0x00,0x00,0x00,0x1f,0xff,0xf4,0x3b,
  0xbb,0xb0,0x00,0x00,0x00,0x00,0x00,0x00,0x00,0x00,0x00,0x0b,0xbb,0xb3,0x1b,0xbb,0xbb,0xa0,0x00,0x00,0x00,0x00,0x00,0x07,0xbb,0xb7,0x2f,0xff,0xff,0xf7,0x00,0x00,
  0x00,0x00,0x00,0x0a,0xff,0xfa,0x2f,0xff,0xff,0xff,0x20,0x00,0x00,0x00,0x00,0x0a,0xff,0xfa,0x2f,0xff,0xff,0xff,0xc0,0x00,0x00,0x00,0x00,0x0a,0xff,0xfa,0x2f,0xff,
  0xde,0xff,0xf6,0x00,0x00,0x00,0x00,0x0a,0xff,0xfa,0x2f,0xff,0xd8,0xff,0xfe,0x20,0x00,0x00,0x00,0x0a,0xff,0xfa,0x2f,0xff,0xe1,0xff,0xff,0xa0,0x00,0x00,0x00,0x0a,
  0xff,0xfa,0x2f,0xff,0xf0,0x8f,0xff,0xf5,0x00,0x00,0x00,0x0a,0xff,0xfa,0x2f,0xff,0xf1,0x1e,0xff,0xfe,0x10,0x00,0x00,0x0a,0xff,0xfa,0x2f,0xff,0xf2,0x06,0xff,0xff,
  0x90,0x00,0x00,0x0a,0xff,0xfa,0x2f,0xff,0xf3,0x00,0xcf,0xff,0xf4,0x00,0x00,0x0a,0xff,0xfa,0x2f,0xff,0xf3,0x00,0x2f,0xff,0xfd,0x00,0x00,0x0a,0xff,0xfa,0x2f,0xff,
  0xf3,0x00,0x07,0xff,0xff,0x80,0x00,0x0a,0xff,0xfa,0x2f,0xff,0xf4,0x00,0x00,0xcf,0xff,0xf3,0x00,0x0a,0xff,0xfa,0x2f,0xff,0xf4,0x00,0x00,0x3f,0xff,0xfc,0x00,0x0a,
  0xff,0xfa,0x2f,0xff,0xf4,0x00,0x00,0x09,0xff,0xff,0x70,0x09,0xff,0xfa,0x2f,0xff,0xf4,0x00,0x00,0x01,0xdf,0xff,0xe1,0x09,0xff,0xfa,0x2f,0xff,0xf4,0x00,0x00,0x00,
  0x4f,0xff,0xf9,0x08,0xff,0xfa,0x2f,0xff,0xf4,0x00,0x00,0x00,0x0a,0xff,0xff,0x28,0xff,0xfa,0x2f,0xff,0xf4,0x00,0x00,0x00,0x01,0xef,0xff,0x97,0xff,0xfa,0x2f,0xff,
  0xf4,0x00,0x00,0x00,0x00,0x5f,0xff,0xf7,0xff,0xfa,0x2f,0xff,0xf4,0x00,0x00,0x00,0x00,0x0b,0xff,0xfd,0xff,0xfa,0x2f,0xff,0xf4,0x00,0x00,0x00,0x00,0x02,0xef,0xff,
  0xff,0xfa,0x2f,0xff,0xf4,0x00,0x00,0x00,0x00,0x00,0x7f,0xff,0xff,0xfa,0x2f,0xff,0xf4,0x00,0x00,0x00,0x00,0x00,0x0c,0xff,0xff,0xfa,0x2f,0xff,0xf4,0x00,0x00,0x00,
  0x00,0x00,0x03,0xff,0xff,0xfa,0x2f,0xff,0xf4,0x00,0x00,0x00,0x00,0x00,0x00,0x8f,0xff,0xfa,0x1b,0xbb,0xb3,0x00,0x00,0x00,0x00,0x00,0x00,0x0a,0xbb,0xb7,0x00,0x00,
  0x00,0x00,0x00,0x02,0x44,0x44,0x20,0x00,0x00,0x00,0x00,0x00,0x00,0x00,0x00,0x00,0x5a,0xef,0xff,0xff,0xfe,0xa4,0x00,0x00,0x00,0x00,0x00,0x00,0x00,0x4d,0xff,0xff,
  0xff,0xff,0xff,0xff,0xc3,0x00,0x00,0x00,0x00,0x00,0x08,0xff,0xff,0xff,0xff,0xff,0xff,0xff,0xff,0x70,0x00,0x00,0x00,0x00,0xaf,0xff,0xff,0xe9,0x64,0x46,0xaf,0xff,
  0xff,0xf8,0x00,0x00,0x00,0x08,0xff,0xff,0xf9,0x10,0x00,0x00,0x01,0xaf,0xff,0xff,0x60,0x00,0x00,0x3f,0xff,0xff,0x60,0x00,0x00,0x00,0x00,0x07,0xff,0xff,0xf2,0x00,
  0x00,0xcf,0xff,0xf8,0x00,0x00,0x00,0x00,0x00,0x00,0x9f,0xff,0xfa,0x00,0x04,0xff,0xff,0xc0,0x00,0x00,0x00,0x00,0x00,0x00,0x1d,0xff,0xff,0x20,0x0a,0xff,0xff,0x50,
  0x00,0x00,0x00,0x00,0x00,0x00,0x06,0xff,0xff,0x80,0x0e,0xff,0xfe,0x00,0x00,0x00,0x00,0x00,0x00,0x00,0x01,0xff,0xff,0xd0,0x3f,0xff,0xfa,0x00,0x00,0x00,0x00,0x00,
  0x00,0x00,0x00,0xbf,0xff,0xf1,0x5f,0xff,0xf7,0x00,0x00,0x00,0x00,0x00,0x00,0x00,0x00,0x8f,0xff,0xf4,0x7f,0xff,0xf5,0x00,0x00,0x00,0x00,0x00,0x00,0x00,0x00,0x7f,
  0xff,0xf5,0x7f,0xff,0xf5,0x00,0x00,0x00,0x00,0x00,0x00,0x00,0x00,0x6f,0xff,0xf6,0x7f,0xff,0xf5,0x00,0x00,0x00,0x00,0x00,0x00,0x00,0x00,0x6f,0xff,0xf6,0x7f,0xff,
  0xf5,0x00,0x00,0x00,0x00,0x00,0x00,0x00,0x00,0x7f,0xff,0xf5,0x5f,0xff,0xf7,0x00,0x00,0x00,0x00,0x00,0x00,0x00,0x00,0x8f,0xff,0xf4,0x3f,0xff,0xfa,0x00,0x00,0x00,
  0x00,0x00,0x00,0x00,0x00,0xbf,0xff,0xf1,0x0e,0xff,0xfe,0x00,0x00,0x00,0x00,0x00,0x00,0x00,0x01,0xff,0xff,0xd0,0x0a,0xff,0xff,0x50,0x00,0x00,0x00,0x00,0x00,0x00,
  0x06,0xff,0xff,0x80,0x04,0xff,0xff,0xc0,0x00,0x00,0x00,0x00,0x00,0x00,0x0d,0xff,0xff,0x30,0x00,0xcf,0xff,0xf7,0x00,0x00,0x00,0x00,0x00,0x00,0x8f,0xff,0xfb,0x00,
  0x00,0x3f,0xff,0xff,0x50,0x00,0x00,0x00,0x00,0x06,0xff,0xff,0xf2,0x00,0x00,0x08,0xff,0xff,0xf8,0x10,0x00,0x00,0x01,0x9f,0xff,0xff,0x70,0x00,0x00,0x00,0xaf,0xff,
  0xff,0xe9,0x54,0x46,0x9e,0xff,0xff,0xf9,0x00,0x00,0x00,0x00,0x09,0xff,0xff,0xff,0xff,0xff,0xff,0xff,0xff,0x80,0x00,0x00,0x00,0x00,0x00,0x6e,0xff,0xff,0xff,0xff,
  0xff,0xff,0xd4,0x00,0x00,0x00,0x00,0x00,0x00,0x01,0x7d,0xff,0xff,0xff,0xff,0xc6,0x00,0x00,0x00,0x00,0x00,0x00,0x00,0x00,0x00,0x24,0x88,0x87,0x41,0x00,0x00,0x00,
  0x00,0x00,0x5b,0xbb,0xbb,0xbb,0xbb,0xbb,0x88,0x41,0x00,0x00,0x00,0x6f,0xff,0xff,0xff,0xff,0xff,0xff,0xff,0xa3,0x00,0x00,0x6f,0xff,0xff,0xff,0xff,0xff,0xff,0xff,
  0xff,0x70,0x00,0x6f,0xff,0xfb,0xbb,0xbb,0xcf,0xff,0xff,0xff,0xf7,0x00,0x6f,0xff,0xf0,0x00,0x00,0x00,0x26,0xef,0xff,0xff,0x20,0x6f,0xff,0xf0,0x00,0x00,0x00,0x00,
  0x1c,0xff,0xff,0x90,0x6f,0xff,0xf0,0x00,0x00,0x00,0x00,0x02,0xff,0xff,0xe0,0x6f,0xff,0xf0,0x00,0x00,0x00,0x00,0x00,0xcf,0xff,0xf2,0x6f,0xff,0xf0,0x00,0x00,0x00,
  0x00,0x00,0xaf,0xff,0xf3,0x6f,0xff,0xf0,0x00,0x00,0x00,0x00,0x00,0xaf,0xff,0xf3,0x6f,0xff,0xf0,0x00,0x00,0x00,0x00,0x00,0xdf,0xff,0xf1,0x6f,0xff,0xf0,0x00,0x00,
  0x00,0x00,0x03,0xff,0xff,0xd0,0x6f,0xff,0xf0,0x00,0x00,0x00,0x00,0x1c,0xff,0xff,0x80,0x6f,0xff,0xf0,0x00,0x00,0x00,0x37,0xef,0xff,0xfe,0x10,0x6f,0xff,0xff,0xff,
  0xff,0xff,0xff,0xff,0xff,0xf5,0x00,0x6f,0xff,0xff,0xff,0xff,0xff,0xff,0xff,0xfe,0x50,0x00,0x6f,0xff,0xff,0xff,0xff,0xff,0xff,0xfe,0x92,0x00,0x00,0x6f,0xff,0xf8,
  0x88,0x88,0x88,0x86,0x30,0x00,0x00,0x00,0x6f,0xff,0xf0,0x00,0x00,0x00,0x00,0x00,0x00,0x00,0x00,0x6f,0xff,0xf0,0x00,0x00,0x00,0x00,0x00,0x00,0x00,0x00,0x6f,0xff,
  0xf0,0x00,0x00,0x00,0x00,0x00,0x00,0x00,0x00,0x6f,0xff,0xf0,0x00,0x00,0x00,0x00,0x00,0x00,0x00,0x00,0x6f,0xff,0xf0,0x00,0x00,0x00,0x00,0x00,0x00,0x00,0x00,0x6f,
  0xff,0xf0,0x00,0x00,0x00,0x00,0x00,0x00,0x00,0x00,0x6f,0xff,0xf0,0x00,0x00,0x00,0x00,0x00,0x00,0x00,0x00,0x6f,0xff,0xf0,0x00,0x00,0x00,0x00,0x00,0x00,0x00,0x00,
  0x6f,0xff,0xf0,0x00,0x00,0x00,0x00,0x00,0x00,0x00,0x00,0x5b,0xbb,0xb0,0x00,0x00,0x00,0x00,0x00,0x00,0x00,0x00,0x00,0x00,0x00,0x00,0x00,0x02,0x44,0x44,0x30,0x00,
  0x00,0x00,0x00,0x00,0x00,0x00,0x00,0x00,0x04,0xae,0xff,0xff,0xff,0xfa,0x50,0x00,0x00,0x00,0x00,0x00,0x00,0x00,0x3c,0xff,0xff,0xff,0xff,0xff,0xff,0xd4,0x00,0x00,
  0x00,0x00,0x00,0x00,0x6f,0xff,0xff,0xff,0xff,0xff,0xff,0xff,0xf8,0x00,0x00,0x00,0x00,0x00,0x7f,0xff,0xff,0xfa,0x64,0x46,0x9e,0xff,0xff,0xfa,0x00,0x00,0x00,0x00,
  0x5f,0xff,0xff,0x91,0x00,0x00,0x00,0x18,0xff,0xff,0xf8,0x00,0x00,0x00,0x2e,0xff,0xff,0x70,0x00,0x00,0x00,0x00,0x05,0xff,0xff,0xf4,0x00,0x00,0x0a,0xff,0xff,0x80,
  0x00,0x00,0x00,0x00,0x00,0x06,0xff,0xff,0xc0,0x00,0x02,0xff,0xff,0xd0,0x00,0x00,0x00,0x00,0x00,0x00,0x0b,0xff,0xff,0x50,0x00,0x8f,0xff,0xf6,0x00,0x00,0x00,0x00,
  0x00,0x00,0x00,0x3f,0xff,0xfa,0x00,0x0c,0xff,0xfe,0x10,0x00,0x00,0x00,0x00,0x00,0x00,0x00,0xcf,0xff,0xf0,0x01,0xff,0xff,0xb0,0x00,0x00,0x00,0x00,0x00,0x00,0x00,
  0x08,0xff,0xff,0x30,0x3f,0xff,0xf8,0x00,0x00,0x00,0x00,0x00,0x00,0x00,0x00,0x5f,0xff,0xf6,0x05,0xff,0xff,0x60,0x00,0x00,0x00,0x00,0x00,0x00,0x00,0x03,0xff,0xff,
  0x70,0x5f,0xff,0xf5,0x00,0x00,0x00,0x00,0x00,0x00,0x00,0x00,0x2f,0xff,0xf8,0x05,0xff,0xff,0x50,0x00,0x00,0x00,0x00,0x00,0x00,0x00,0x02,0xff,0xff,0x80,0x5f,0xff,
  0xf6,0x00,0x00,0x00,0x00,0x00,0x00,0x00,0x00,0x3f,0xff,0xf7,0x03,0xff,0xff,0x80,0x00,0x00,0x00,0x00,0x00,0x00,0x00,0x05,0xff,0xff,0x60,0x1f,0xff,0xfa,0x00,0x00,
  0x00,0x1d,0x80,0x00,0x00,0x00,0x7f,0xff,0xf3,0x00,0xdf,0xff,0xe0,0x00,0x00,0x0b,0xff,0xd3,0x00,0x00,0x0b,0xff,0xfe,0x00,0x08,0xff,0xff,0x50,0x00,0x05,0xff,0xff,
  0xf8,0x10,0x02,0xff,0xff,0xa0,0x00,0x3f,0xff,0xfc,0x00,0x00,0x04,0xdf,0xff,0xfd,0x30,0x9f,0xff,0xf4,0x00,0x00,0xbf,0xff,0xf7,0x00,0x00,0x01,0x8f,0xff,0xff,0x9f,
  0xff,0xfb,0x00,0x00,0x02,0xff,0xff,0xf5,0x00,0x00,0x00,0x3d,0xff,0xff,0xff,0xff,0x30,0x00,0x00,0x06,0xff,0xff,0xf7,0x00,0x00,0x00,0x08,0xff,0xff,0xff,0x60,0x00,
  0x00,0x00,0x08,0xff,0xff,0xfd,0x74,0x00,0x25,0xbf,0xff,0xff,0xf5,0x00,0x00,0x00,0x00,0x08,0xff,0xff,0xff,0xff,0xff,0xff,0xff,0xff,0xff,0xfa,0x10,0x00,0x00,0x00,
  0x04,0xdf,0xff,0xff,0xff,0xff,0xff,0xfd,0xef,0xff,0xfe,0x60,0x00,0x00,0x00,0x00,0x6c,0xff,0xff,0xff,0xff,0xc6,0x02,0xcf,0xff,0xfe,0x20,0x00,0x00,0x00,0x00,0x01,
  0x47,0x88,0x74,0x10,0x00,0x00,0x8f,0xff,0x40,0x00,0x00,0x00,0x00,0x00,0x00,0x00,0x00,0x00,0x00,0x00,0x00,0x4e,0x70,0x00,0x00,0x00,0x00,0x00,0x00,0x00,0x00,0x00,
  0x00,0x00,0x00,0x00,0x10,0x00,0xab,0xbb,0xbb,0xbb,0xbb,0xb9,0x85,0x20,0x00,0x00,0x00,0xef,0xff,0xff,0xff,0xff,0xff,0xff,0xfb,0x40,0x00,0x00,0xef,0xff,0xff,0xff,
  0xff,0xff,0xff,0xff,0xf9,0x00,0x00,0xef,0xff,0xdb,0xbb,0xbb,0xdf,0xff,0xff,0xff,0xa0,0x00,0xef,0xff,0x80,0x00,0x00,0x00,0x4b,0xff,0xff,0xf5,0x00,0xef,0xff,0x80,
  0x00,0x00,0x00,0x00,0x7f,0xff,0xfb,0x00,0xef,0xff,0x80,0x00,0x00,0x00,0x00,0x0d,0xff,0xff,0x00,0xef,0xff,0x80,0x00,0x00,0x00,0x00,0x09,0xff,0xff,0x20,0xef,0xff,
  0x80,0x00,0x00,0x00,0x00,0x09,0xff,0xff,0x20,0xef,0xff,0x80,0x00,0x00,0x00,0x00,0x0c,0xff,0xfe,0x00,0xef,0xff,0x80,0x00,0x00,0x00,0x00,0x4f,0xff,0xfa,0x00,0xef,
  0xff,0x80,0x00,0x00,0x00,0x04,0xef,0xff,0xe2,0x00,0xef,0xff,0x80,0x00,0x00,0x46,0xbf,0xff,0xff,0x50,0x00,0xef,0xff,0xff,0xff,0xff,0xff,0xff,0xff,0xb3,0x00,0x00,
  0xef,0xff,0xff,0xff,0xff,0xff,0xeb,0x72,0x00,0x00,0x00,0xef,0xff,0xff,0xff,0xff,0xff,0xfb,0x30,0x00,0x00,0x00,0xef,0xff,0x94,0x46,0x8d,0xff,0xff,0xf5,0x00,0x00,
  0x00,0xef,0xff,0x80,0x00,0x00,0x6e,0xff,0xff,0x40,0x00,0x00,0xef,0xff,0x80,0x00,0x00,0x03,0xef,0xff,0xe1,0x00,0x00,0xef,0xff,0x80,0x00,0x00,0x00,0x6f,0xff,0xf9,
  0x00,0x00,0xef,0xff,0x80,0x00,0x00,0x00,0x0c,0xff,0xff,0x30,0x00,0xef,0xff,0x80,0x00,0x00,0x00,0x03,0xff,0xff,0xc0,0x00,0xef,0xff,0x80,0x00,0x00,0x00,0x00,0xbf,
  0xff,0xf5,0x00,0xef,0xff,0x80,0x00,0x00,0x00,0x00,0x3f,0xff,0xfd,0x00,0xef,0xff,0x80,0x00,0x00,0x00,0x00,0x0b,0xff,0xff,0x60,0xef,0xff,0x80,0x00,0x00,0x00,0x00,
  0x04,0xff,0xff,0xd0,0xef,0xff,0x80,0x00,0x00,0x00,0x00,0x00,0xcf,0xff,0xf6,0xab,0xbb,0x60,0x00,0x00,0x00,0x00,0x00,0x5b,0xbb,0xba,0x00,0x00,0x00,0x00,0x14,0x44,
  0x43,0x00,0x00,0x00,0x00,0x00,0x00,0x01,0x7d,0xff,0xff,0xff,0xfc,0x71,0x00,0x00,0x00,0x00,0x5e,0xff,0xff,0xff,0xff,0xff,0xfe,0x81,0x00,0x00,0x07,0xff,0xff,0xff,
  0xff,0xff,0xff,0xff,0xfd,0x30,0x00,0x4f,0xff,0xff,0xc7,0x44,0x58,0xcf,0xff,0xfe,0x20,0x00,0xbf,0xff,0xf6,0x00,0x00,0x00,0x03,0xbf,0xf6,0x00,0x01,0xff,0xff,0xa0,
  0x00,0x00,0x00,0x00,0x07,0xa0,0x00,0x04,0xff,0xff,0x50,0x00,0x00,0x00,0x00,0x00,0x00,0x00,0x05,0xff,0xff,0x50,0x00,0x00,0x00,0x00,0x00,0x00,0x00,0x04,0xff,0xff,
  0x90,0x00,0x00,0x00,0x00,0x00,0x00,0x00,0x01,0xff,0xff,0xf6,0x00,0x00,0x00,0x00,0x00,0x00,0x00,0x00,0xaf,0xff,0xff,0xb4,0x00,0x00,0x00,0x00,0x00,0x00,0x00,0x2e,
  0xff,0xff,0xff,0xd7,0x20,0x00,0x00,0x00,0x00,0x00,0x03,0xef,0xff,0xff,0xff,0xfb,0x60,0x00,0x00,0x00,0x00,0x00,0x18,0xef,0xff,0xff,0xff,0xfe,0x71,0x00,0x00,0x00,
  0x00,0x00,0x06,0xcf,0xff,0xff,0xff,0xfe,0x50,0x00,0x00,0x00,0x00,0x00,0x02,0x9e,0xff,0xff,0xff,0xf7,0x00,0x00,0x00,0x00,0x00,0x00,0x00,0x6c,0xff,0xff,0xff,0x40,
  0x00,0x00,0x00,0x00,0x00,0x00,0x00,0x5e,0xff,0xff,0xc0,0x00,0x00,0x00,0x00,0x00,0x00,0x00,0x02,0xef,0xff,0xf2,0x00,0x00,0x00,0x00,0x00,0x00,0x00,0x00,0x8f,0xff,
  0xf5,0x00,0x00,0x00,0x00,0x00,0x00,0x00,0x00,0x6f,0xff,0xf6,0x00,0xa7,0x00,0x00,0x00,0x00,0x00,0x00,0x7f,0xff,0xf5,0x08,0xff,0x91,0x00,0x00,0x00,0x00,0x00,0xcf,
  0xff,0xf3,0x6f,0xff,0xfd,0x50,0x00,0x00,0x00,0x09,0xff,0xff,0xd0,0x2d,0xff,0xff,0xfe,0x97,0x44,0x58,0xdf,0xff,0xff,0x50,0x01,0xcf,0xff,0xff,0xff,0xff,0xff,0xff,
  0xff,0xf9,0x00,0x00,0x07,0xef,0xff,0xff,0xff,0xff,0xff,0xff,0x70,0x00,0x00,0x00,0x16,0xcf,0xff,0xff,0xff,0xfe,0x92,0x00,0x00,0x00,0x00,0x00,0x00,0x45,0x88,0x84,
  0x30,0x00,0x00,0x00,0x9b,0xbb,0xbb,0xbb,0xbb,0xbb,0xbb,0xbb,0xbb,0xbb,0xbb,0xb6,0xcf,0xff,0xff,0xff,0xff,0xff,0xff,0xff,0xff,0xff,0xff,0xf8,0xcf,0xff,0xff,0xff,
  0xff,0xff,0xff,0xff,0xff,0xff,0xff,0xf8,0xcf,0xff,0xff,0xff,0xff,0xff,0xff,0xff,0xff,0xff,0xff,0xf8,0x34,0x44,0x44,0x44,0x47,0xff,0xff,0x54,0x44,0x44,0x44,0x42,
  0x00,0x00,0x00,0x00,0x05,0xff,0xff,0x10,0x00,0x00,0x00,0x00,0x00,0x00,0x00,0x00,0x05,0xff,0xff,0x10,0x00,0x00,0x00,0x00,0x00,0x00,0x00,0x00,0x05,0xff,0xff,0x10,
  0x00,0x00,0x00,0x00,0x00,0x00,0x00,0x00,0x05,0xff,0xff,0x10,0x00,0x00,0x00,0x00,0x00,0x00,0x00,0x00,0x05,0xff,0xff,0x10,0x00,0x00,0x00,0x00,0x00,0x00,0x00,0x00,
  0x05,0xff,0xff,0x10,0x00,0x00,0x00,0x00,0x00,0x00,0x00,0x00,0x05,0xff,0xff,0x10,0x00,0x00,0x00,0x00,0x00,0x00,0x00,0x00,0x05,0xff,0xff,0x10,0x00,0x00,0x00,0x00,
  0x00,0x00,0x00,0x00,0x05,0xff,0xff,0x10,0x00,0x00,0x00,0x00,0x00,0x00,0x00,0x00,0x05,0xff,0xff,0x10,0x00,0x00,0x00,0x00,0x00,0x00,0x00,0x00,0x05,0xff,0xff,0x10,
  0x00,0x00,0x00,0x00,0x00,0x00,0x00,0x00,0x05,0xff,0xff,0x10,0x00,0x00,0x00,0x00,0x00,0x00,0x00,0x00,0x05,0xff,0xff,0x10,0x00,0x00,0x00,0x00,0x00,0x00,0x00,0x00,
  0x05,0xff,0xff,0x10,0x00,0x00,0x00,0x00,0x00,0x00,0x00,0x00,0x05,0xff,0xff,0x10,0x00,0x00,0x00,0x00,0x00,0x00,0x00,0x00,0x05,0xff,0xff,0x10,0x00,0x00,0x00,0x00,
  0x00,0x00,0x00,0x00,0x05,0xff,0xff,0x10,0x00,0x00,0x00,0x00,0x00,0x00,0x00,0x00,0x05,0xff,0xff,0x10,0x00,0x00,0x00,0x00,0x00,0x00,0x00,0x00,0x05,0xff,0xff,0x10,
  0x00,0x00,0x00,0x00,0x00,0x00,0x00,0x00,0x05,0xff,0xff,0x10,0x00,0x00,0x00,0x00,0x00,0x00,0x00,0x00,0x05,0xff,0xff,0x10,0x00,0x00,0x00,0x00,0x00,0x00,0x00,0x00,
  0x05,0xff,0xff,0x10,0x00,0x00,0x00,0x00,0x00,0x00,0x00,0x00,0x04,0xbb,0xbb,0x10,0x00,0x00,0x00,0x00,0x9b,0xbb,0x80,0x00,0x00,0x00,0x00,0x00,0x00,0x5b,0xbb,0xbb,
  0xff,0xfa,0x00,0x00,0x00,0x00,0x00,0x00,0x07,0xff,0xff,0xbf,0xff,0xa0,0x00,0x00,0x00,0x00,0x00,0x00,0x7f,0xff,0xfb,0xff,0xfa,0x00,0x00,0x00,0x00,0x00,0x00,0x07,
  0xff,0xff,0xbf,0xff,0xa0,0x00,0x00,0x00,0x00,0x00,0x00,0x7f,0xff,0xfb,0xff,0xfa,0x00,0x00,0x00,0x00,0x00,0x00,0x07,0xff,0xff,0xbf,0xff,0xa0,0x00,0x00,0x00,0x00,
  0x00,0x00,0x7f,0xff,0xfb,0xff,0xfa,0x00,0x00,0x00,0x00,0x00,0x00,0x07,0xff,0xff,0xbf,0xff,0xa0,0x00,0x00,0x00,0x00,0x00,0x00,0x7f,0xff,0xfb,0xff,0xfa,0x00,0x00,
  0x00,0x00,0x00,0x00,0x07,0xff,0xff,0xbf,0xff,0xa0,0x00,0x00,0x00,0x00,0x00,0x00,0x7f,0xff,0xfb,0xff,0xfa,0x00,0x00,0x00,0x00,0x00,0x00,0x07,0xff,0xff,0xbf,0xff,
  0xa0,0x00,0x00,0x00,0x00,0x00,0x00,0x7f,0xff,0xfb,0xff,0xfa,0x00,0x00,0x00,0x00,0x00,0x00,0x07,0xff,0xff,0xbf,0xff,0xa0,0x00,0x00,0x00,0x00,0x00,0x00,0x7f,0xff,
  0xfb,0xff,0xfa,0x00,0x00,0x00,0x00,0x00,0x00,0x07,0xff,0xff,0xbf,0xff,0xa0,0x00,0x00,0x00,0x00,0x00,0x00,0x7f,0xff,0xfb,0xff,0xfa,0x00,0x00,0x00,0x00,0x00,0x00,
  0x07,0xff,0xff,0xbf,0xff,0xb0,0x00,0x00,0x00,0x00,0x00,0x00,0x7f,0xff,0xfb,0xff,0xfd,0x00,0x00,0x00,0x00,0x00,0x00,0x09,0xff,0xfe,0x9f,0xff,0xf2,0x00,0x00,0x00,
  0x00,0x00,0x00,0xdf,0xff,0xc5,0xff,0xff,0x80,0x00,0x00,0x00,0x00,0x00,0x4f,0xff,0xf9,0x1e,0xff,0xff,0x40,0x00,0x00,0x00,0x00,0x1d,0xff,0xff,0x40,0x8f,0xff,0xfe,
  0x50,0x00,0x00,0x00,0x3d,0xff,0xff,0xc0,0x01,0xcf,0xff,0xff,0xd8,0x44,0x47,0xaf,0xff,0xff,0xe2,0x00,0x02,0xdf,0xff,0xff,0xff,0xff,0xff,0xff,0xff,0xe4,0x00,0x00,
  0x01,0xaf,0xff,0xff,0xff,0xff,0xff,0xff,0xc3,0x00,0x00,0x00,0x00,0x4a,0xff,0xff,0xff,0xff,0xfc,0x60,0x00,0x00,0x00,0x00,0x00,0x00,0x46,0x88,0x87,0x41,0x00,0x00,
  0x00,0x00,0x8b,0xbb,0xb2,0x00,0x00,0x00,0x00,0x00,0x00,0x00,0x4b,0xbb,0xb6,0x5f,0xff,0xf7,0x00,0x00,0x00,0x00,0x00,0x00,0x00,0xaf,0xff,0xf3,0x0e,0xff,0xfd,0x00,
  0x00,0x00,0x00,0x00,0x00,0x01,0xef,0xff,0xc0,0x08,0xff,0xff,0x30,0x00,0x00,0x00,0x00,0x00,0x06,0xff,0xff,0x60,0x03,0xff,0xff,0x90,0x00,0x00,0x00,0x00,0x00,0x0b,
  0xff,0xfe,0x10,0x00,0xcf,0xff,0xe0,0x00,0x00,0x00,0x00,0x00,0x2f,0xff,0xf9,0x00,0x00,0x6f,0xff,0xf5,0x00,0x00,0x00,0x00,0x00,0x7f,0xff,0xf3,0x00,0x00,0x1e,0xff,
  0xfa,0x00,0x00,0x00,0x00,0x00,0xdf,0xff,0xd0,0x00,0x00,0x09,0xff,0xff,0x10,0x00,0x00,0x00,0x03,0xff,0xff,0x70,0x00,0x00,0x03,0xff,0xff,0x60,0x00,0x00,0x00,0x09,
  0xff,0xff,0x10,0x00,0x00,0x00,0xdf,0xff,0xc0,0x00,0x00,0x00,0x0e,0xff,0xfa,0x00,0x00,0x00,0x00,0x7f,0xff,0xf2,0x00,0x00,0x00,0x5f,0xff,0xf4,0x00,0x00,0x00,0x00,
  0x1f,0xff,0xf8,0x00,0x00,0x00,0xaf,0xff,0xd0,0x00,0x00,0x00,0x00,0x0a,0xff,0xfd,0x00,0x00,0x01,0xff,0xff,0x80,0x00,0x00,0x00,0x00,0x04,0xff,0xff,0x40,0x00,0x06,
  0xff,0xff,0x20,0x00,0x00,0x00,0x00,0x00,0xdf,0xff,0x90,0x00,0x0c,0xff,0xfb,0x00,0x00,0x00,0x00,0x00,0x00,0x8f,0xff,0xe1,0x00,0x2f,0xff,0xf5,0x00,0x00,0x00,0x00,
  0x00,0x00,0x2f,0xff,0xf5,0x00,0x8f,0xff,0xe0,0x00,0x00,0x00,0x00,0x00,0x00,0x0b,0xff,0xfa,0x00,0xdf,0xff,0x90,0x00,0x00,0x00,0x00,0x00,0x00,0x05,0xff,0xff,0x13,
  0xff,0xff,0x30,0x00,0x00,0x00,0x00,0x00,0x00,0x00,0xef,0xff,0x57,0xff,0xfc,0x00,0x00,0x00,0x00,0x00,0x00,0x00,0x00,0x9f,0xff,0x9c,0xff,0xf6,0x00,0x00,0x00,0x00,
  0x00,0x00,0x00,0x00,0x3f,0xff,0xdf,0xff,0xe1,0x00,0x00,0x00,0x00,0x00,0x00,0x00,0x00,0x0c,0xff,0xff,0xff,0x90,0x00,0x00,0x00,0x00,0x00,0x00,0x00,0x00,0x06,0xff,
  0xff,0xff,0x40,0x00,0x00,0x00,0x00,0x00,0x00,0x00,0x00,0x01,0xef,0xff,0xfd,0x00,0x00,0x00,0x00,0x00,0x00,0x00,0x00,0x00,0x00,0x9f,0xff,0xf7,0x00,0x00,0x00,0x00,
  0x00,0x00,0x00,0x00,0x00,0x00,0x4f,0xff,0xf1,0x00,0x00,0x00,0x00,0x00,0x00,0x00,0x00,0x00,0x00,0x04,0x44,0x30,0x00,0x00,0x00,0x00,0x00,0xab,0xbb,0x70,0x00,0x00,
  0x00,0x00,0x00,0x00,0x00,0x00,0x00,0x00,0x00,0x08,0xbb,0xba,0x9f,0xff,0xd0,0x00,0x00,0x00,0x00,0x00,0x00,0x00,0x00,0x00,0x00,0x00,0x0d,0xff,0xf9,0x6f,0xff,0xf1,
  0x00,0x00,0x00,0x00,0x08,0x88,0x80,0x00,0x00,0x00,0x00,0x2f,0xff,0xf6,0x2f,0xff,0xf5,0x00,0x00,0x00,0x00,0x4f,0xff,0xf4,0x00,0x00,0x00,0x00,0x5f,0xff,0xf2,0x0d,
  0xff,0xf8,0x00,0x00,0x00,0x00,0x8f,0xff,0xf8,0x00,0x00,0x00,0x00,0x9f,0xff,0xd0,0x09,0xff,0xfc,0x00,0x00,0x00,0x00,0xdf,0xff,0xfd,0x00,0x00,0x00,0x00,0xcf,0xff,
  0x90,0x05,0xff,0xff,0x10,0x00,0x00,0x02,0xff,0xff,0xff,0x20,0x00,0x00,0x01,0xff,0xff,0x50,0x02,0xff,0xff,0x40,0x00,0x00,0x07,0xff,0xff,0xff,0x70,0x00,0x00,0x04,
  0xff,0xff,0x20,0x00,0xdf,0xff,0x70,0x00,0x00,0x0b,0xff,0xee,0xff,0xb0,0x00,0x00,0x08,0xff,0xfd,0x00,0x00,0x9f,0xff,0xb0,0x00,0x00,0x1f,0xff,0xcc,0xff,0xf1,0x00,
  0x00,0x0b,0xff,0xf9,0x00,0x00,0x5f,0xff,0xe0,0x00,0x00,0x5f,0xff,0xaa,0xff,0xf5,0x00,0x00,0x0e,0xff,0xf5,0x00,0x00,0x1f,0xff,0xf3,0x00,0x00,0x9f,0xff,0x77,0xff,
  0xf9,0x00,0x00,0x3f,0xff,0xf1,0x00,0x00,0x0c,0xff,0xf6,0x00,0x00,0xef,0xff,0x44,0xff,0xfe,0x00,0x00,0x7f,0xff,0xc0,0x00,0x00,0x09,0xff,0xfa,0x00,0x03,0xff,0xfe,
  0x00,0xef,0xff,0x30,0x00,0xaf,0xff,0x90,0x00,0x00,0x05,0xff,0xfd,0x00,0x08,0xff,0xfa,0x00,0xaf,0xff,0x80,0x00,0xef,0xff,0x50,0x00,0x00,0x01,0xff,0xff,0x20,0x0c,
  0xff,0xf5,0x00,0x5f,0xff,0xc0,0x02,0xff,0xff,0x10,0x00,0x00,0x00,0xcf,0xff,0x50,0x1f,0xff,0xe1,0x00,0x1e,0xff,0xf1,0x06,0xff,0xfc,0x00,0x00,0x00,0x00,0x8f,0xff,
  0x80,0x5f,0xff,0xa0,0x00,0x0a,0xff,0xf5,0x09,0xff,0xf8,0x00,0x00,0x00,0x00,0x5f,0xff,0xb0,0x9f,0xff,0x50,0x00,0x05,0xff,0xf9,0x0c,0xff,0xf5,0x00,0x00,0x00,0x00,
  0x1f,0xff,0xe0,0xdf,0xff,0x10,0x00,0x01,0xff,0xfd,0x0e,0xff,0xf1,0x00,0x00,0x00,0x00,0x0c,0xff,0xf4,0xff,0xfa,0x00,0x00,0x00,0xaf,0xff,0x4f,0xff,0xc0,0x00,0x00,
  0x00,0x00,0x08,0xff,0xf9,0xff,0xf6,0x00,0x00,0x00,0x6f,0xff,0x9f,0xff,0x80,0x00,0x00,0x00,0x00,0x04,0xff,0xfe,0xff,0xf1,0x00,0x00,0x00,0x1f,0xff,0xef,0xff,0x40,
  0x00,0x00,0x00,0x00,0x01,0xff,0xff,0xff,0xb0,0x00,0x00,0x00,0x0b,0xff,0xff,0xff,0x10,0x00,0x00,0x00,0x00,0x00,0xcf,0xff,0xff,0x60,0x00,0x00,0x00,0x06,0xff,0xff,
  0xfc,0x00,0x00,0x00,0x00,0x00,0x00,0x8f,0xff,0xff,0x10,0x00,0x00,0x00,0x01,0xff,0xff,0xf8,0x00,0x00,0x00,0x00,0x00,0x00,0x4f,0xff,0xfb,0x00,0x00,0x00,0x00,0x00,
  0xbf,0xff,0xf4,0x00,0x00,0x00,0x00,0x00,0x00,0x1f,0xff,0xf6,0x00,0x00,0x00,0x00,0x00,0x6f,0xff,0xf1,0x00,0x00,0x00,0x00,0x00,0x00,0x03,0x44,0x41,0x00,0x00,0x00,
  0x00,0x00,0x14,0x44,0x30,0x00,0x00,0x00,0x05,0xbb,0xbb,0xb2,0x00,0x00,0x00,0x00,0x00,0x00,0x3b,0xbb,0xbb,0x30,0x00,0xcf,0xff,0xfb,0x00,0x00,0x00,0x00,0x00,0x00,
  0xdf,0xff,0xfa,0x00,0x00,0x2e,0xff,0xff,0x60,0x00,0x00,0x00,0x00,0x08,0xff,0xff,0xd1,0x00,0x00,0x05,0xff,0xff,0xe2,0x00,0x00,0x00,0x00,0x3f,0xff,0xff,0x40,0x00,
  0x00,0x00,0xaf,0xff,0xfb,0x00,0x00,0x00,0x00,0xcf,0xff,0xf8,0x00,0x00,0x00,0x00,0x1d,0xff,0xff,0x60,0x00,0x00,0x07,0xff,0xff,0xc0,0x00,0x00,0x00,0x00,0x03,0xff,
  0xff,0xe2,0x00,0x00,0x3f,0xff,0xfe,0x20,0x00,0x00,0x00,0x00,0x00,0x8f,0xff,0xfb,0x00,0x00,0xcf,0xff,0xf6,0x00,0x00,0x00,0x00,0x00,0x00,0x0c,0xff,0xff,0x50,0x07,
  0xff,0xff,0xa0,0x00,0x00,0x00,0x00,0x00,0x00,0x02,0xef,0xff,0xe1,0x2f,0xff,0xfd,0x10,0x00,0x00,0x00,0x00,0x00,0x00,0x00,0x5f,0xff,0xfa,0xcf,0xff,0xf4,0x00,0x00,
  0x00,0x00,0x00,0x00,0x00,0x00,0x0a,0xff,0xff,0xff,0xff,0x80,0x00,0x00,0x00,0x00,0x00,0x00,0x00,0x00,0x01,0xdf,0xff,0xff,0xfc,0x00,0x00,0x00,0x00,0x00,0x00,0x00,
  0x00,0x00,0x00,0x3f,0xff,0xff,0xe2,0x00,0x00,0x00,0x00,0x00,0x00,0x00,0x00,0x00,0x00,0x5f,0xff,0xff,0xf4,0x00,0x00,0x00,0x00,0x00,0x00,0x00,0x00,0x00,0x02,0xef,
  0xff,0xff,0xfd,0x10,0x00,0x00,0x00,0x00,0x00,0x00,0x00,0x00,0x0c,0xff,0xff,0xff,0xff,0xb0,0x00,0x00,0x00,0x00,0x00,0x00,0x00,0x00,0x9f,0xff,0xf9,0xbf,0xff,0xf7,
  0x00,0x00,0x00,0x00,0x00,0x00,0x00,0x05,0xff,0xff,0xd1,0x1e,0xff,0xff,0x40,0x00,0x00,0x00,0x00,0x00,0x00,0x2e,0xff,0xff,0x30,0x05,0xff,0xff,0xe1,0x00,0x00,0x00,
  0x00,0x00,0x01,0xcf,0xff,0xf7,0x00,0x00,0x9f,0xff,0xfb,0x00,0x00,0x00,0x00,0x00,0x09,0xff,0xff,0xb0,0x00,0x00,0x1d,0xff,0xff,0x80,0x00,0x00,0x00,0x00,0x6f,0xff,
  0xfe,0x20,0x00,0x00,0x03,0xff,0xff,0xf4,0x00,0x00,0x00,0x03,0xef,0xff,0xf5,0x00,0x00,0x00,0x00,0x7f,0xff,0xfe,0x20,0x00,0x00,0x1d,0xff,0xff,0xa0,0x00,0x00,0x00,
  0x00,0x0b,0xff,0xff,0xb0,0x00,0x00,0xaf,0xff,0xfd,0x10,0x00,0x00,0x00,0x00,0x02,0xef,0xff,0xf8,0x00,0x06,0xff,0xff,0xf3,0x00,0x00,0x00,0x00,0x00,0x00,0x5f,0xff,
  0xff,0x40,0x1b,0xbb,0xbb,0x70,0x00,0x00,0x00,0x00,0x00,0x00,0x08,0xbb,0xbb,0xa1,0x8b,0xbb,0xb9,0x00,0x00,0x00,0x00,0x00,0x00,0x07,0xbb,0xbb,0xa2,0xef,0xff,0xf5,
  0x00,0x00,0x00,0x00,0x00,0x03,0xff,0xff,0xf4,0x06,0xff,0xff,0xd1,0x00,0x00,0x00,0x00,0x00,0xcf,0xff,0xf9,0x00,0x0b,0xff,0xff,0x90,0x00,0x00,0x00,0x00,0x6f,0xff,
  0xfd,0x10,0x00,0x2e,0xff,0xff,0x30,0x00,0x00,0x00,0x1e,0xff,0xff,0x30,0x00,0x00,0x5f,0xff,0xfc,0x00,0x00,0x00,0x0a,0xff,0xff,0x80,0x00,0x00,0x00,0xaf,0xff,0xf7,
  0x00,0x00,0x04,0xff,0xff,0xc0,0x00,0x00,0x00,0x01,0xdf,0xff,0xe2,0x00,0x00,0xdf,0xff,0xe2,0x00,0x00,0x00,0x00,0x04,0xff,0xff,0xa0,0x00,0x8f,0xff,0xf6,0x00,0x00,
  0x00,0x00,0x00,0x09,0xff,0xff,0x50,0x2f,0xff,0xfb,0x00,0x00,0x00,0x00,0x00,0x00,0x1d,0xff,0xfd,0x1b,0xff,0xfe,0x20,0x00,0x00,0x00,0x00,0x00,0x00,0x3f,0xff,0xfc,
  0xff,0xff,0x50,0x00,0x00,0x00,0x00,0x00,0x00,0x00,0x8f,0xff,0xff,0xff,0xa0,0x00,0x00,0x00,0x00,0x00,0x00,0x00,0x00,0xcf,0xff,0xff,0xe1,0x00,0x00,0x00,0x00,0x00,
  0x00,0x00,0x00,0x02,0xff,0xff,0xf4,0x00,0x00,0x00,0x00,0x00,0x00,0x00,0x00,0x00,0x0a,0xff,0xfc,0x00,0x00,0x00,0x00,0x00,0x00,0x00,0x00,0x00,0x00,0x9f,0xff,0xc0,
  0x00,0x00,0x00,0x00,0x00,0x00,0x00,0x00,0x00,0x09,0xff,0xfc,0x00,0x00,0x00,0x00,0x00,0x00,0x00,0x00,0x00,0x00,0x9f,0xff,0xc0,0x00,0x00,0x00,0x00,0x00,0x00,0x00,
  0x00,0x00,0x09,0xff,0xfc,0x00,0x00,0x00,0x00,0x00,0x00,0x00,0x00,0x00,0x00,0x9f,0xff,0xc0,0x00,0x00,0x00,0x00,0x00,0x00,0x00,0x00,0x00,0x09,0xff,0xfc,0x00,0x00,
  0x00,0x00,0x00,0x00,0x00,0x00,0x00,0x00,0x9f,0xff,0xc0,0x00,0x00,0x00,0x00,0x00,0x00,0x00,0x00,0x00,0x09,0xff,0xfc,0x00,0x00,0x00,0x00,0x00,0x00,0x00,0x00,0x00,
  0x00,0x9f,0xff,0xc0,0x00,0x00,0x00,0x00,0x00,0x00,0x00,0x00,0x00,0x09,0xff,0xfc,0x00,0x00,0x00,0x00,0x00,0x00,0x00,0x00,0x00,0x00,0x9f,0xff,0xc0,0x00,0x00,0x00,
  0x00,0x00,0x00,0x00,0x00,0x00,0x07,0xbb,0xb9,0x00,0x00,0x00,0x00,0x00,0x08,0xbb,0xbb,0xbb,0xbb,0xbb,0xbb,0xbb,0xbb,0xbb,0xb8,0x00,0x0b,0xff,0xff,0xff,0xff,0xff,
  0xff,0xff,0xff,0xff,0xfb,0x00,0x0b,0xff,0xff,0xff,0xff,0xff,0xff,0xff,0xff,0xff,0xfb,0x00,0x0b,0xff,0xff,0xff,0xff,0xff,0xff,0xff,0xff,0xff,0xf9,0x00,0x00,0x00,
  0x00,0x00,0x00,0x00,0x00,0x04,0xff,0xff,0xd1,0x00,0x00,0x00,0x00,0x00,0x00,0x00,0x00,0x2e,0xff,0xfe,0x30,0x00,0x00,0x00,0x00,0x00,0x00,0x00,0x01,0xcf,0xff,0xf6,
  0x00,0x00,0x00,0x00,0x00,0x00,0x00,0x00,0x09,0xff,0xff,0xa0,0x00,0x00,0x00,0x00,0x00,0x00,0x00,0x00,0x6f,0xff,0xfd,0x10,0x00,0x00,0x00,0x00,0x00,0x00,0x00,0x03,
  0xef,0xff,0xf3,0x00,0x00,0x00,0x00,0x00,0x00,0x00,0x00,0x1d,0xff,0xff,0x60,0x00,0x00,0x00,0x00,0x00,0x00,0x00,0x00,0xaf,0xff,0xfa,0x00,0x00,0x00,0x00,0x00,0x00,
  0x00,0x00,0x06,0xff,0xff,0xd1,0x00,0x00,0x00,0x00,0x00,0x00,0x00,0x00,0x3f,0xff,0xff,0x30,0x00,0x00,0x00,0x00,0x00,0x00,0x00,0x01,0xdf,0xff,0xf7,0x00,0x00,0x00,
  0x00,0x00,0x00,0x00,0x00,0x0b,0xff,0xff,0xa0,0x00,0x00,0x00,0x00,0x00,0x00,0x00,0x00,0x7f,0xff,0xfd,0x10,0x00,0x00,0x00,0x00,0x00,0x00,0x00,0x04,0xff,0xff,0xf3,
  0x00,0x00,0x00,0x00,0x00,0x00,0x00,0x00,0x1e,0xff,0xff,0x70,0x00,0x00,0x00,0x00,0x00,0x00,0x00,0x00,0xbf,0xff,0xfb,0x00,0x00,0x00,0x00,0x00,0x00,0x00,0x00,0x08,
  0xff,0xff,0xd1,0x00,0x00,0x00,0x00,0x00,0x00,0x00,0x00,0x4f,0xff,0xfe,0x30,0x00,0x00,0x00,0x00,0x00,0x00,0x00,0x02,0xef,0xff,0xf5,0x00,0x00,0x00,0x00,0x00,0x00,
  0x00,0x00,0x0c,0xff,0xff,0x60,0x00,0x00,0x00,0x00,0x00,0x00,0x00,0x00,0x9f,0xff,0xff,0xff,0xff,0xff,0xff,0xff,0xff,0xff,0xff,0xf2,0xdf,0xff,0xff,0xff,0xff,0xff,
  0xff,0xff,0xff,0xff,0xff,0xf2,0xdf,0xff,0xff,0xff,0xff,0xff,0xff,0xff,0xff,0xff,0xff,0xf2,0x9b,0xbb,0xbb,0xbb,0xbb,0xbb,0xbb,0xbb,0xbb,0xbb,0xbb,0xb1,0x3f,0xff,
  0xff,0xff,0xff,0xf5,0x3f,0xff,0xff,0xff,0xff,0xf5,0x3f,0xff,0xff,0xff,0xff,0xf5,0x3f,0xff,0x64,0x44,0x44,0x41,0x3f,0xff,0x30,0x00,0x00,0x00,0x3f,0xff,0x30,0x00,
  0x00,0x00,0x3f,0xff,0x30,0x00,0x00,0x00,0x3f,0xff,0x30,0x00,0x00,0x00,0x3f,0xff,0x30,0x00,0x00,0x00,0x3f,0xff,0x30,0x00,0x00,0x00,0x3f,0xff,0x30,0x00,0x00,0x00,
  0x3f,0xff,0x30,0x00,0x00,0x00,0x3f,0xff,0x30,0x00,0x00,0x00,0x3f,0xff,0x30,0x00,0x00,0x00,0x3f,0xff,0x30,0x00,0x00,0x00,0x3f,0xff,0x30,0x00,0x00,0x00,0x3f,0xff,
  0x30,0x00,0x00,0x00,0x3f,0xff,0x30,0x00,0x00,0x00,0x3f,0xff,0x30,0x00,0x00,0x00,0x3f,0xff,0x30,0x00,0x00,0x00,0x3f,0xff,0x30,0x00,0x00,0x00,0x3f,0xff,0x30,0x00,
  0x00,0x00,0x3f,0xff,0x30,0x00,0x00,0x00,0x3f,0xff,0x30,0x00,0x00,0x00,0x3f,0xff,0x30,0x00,0x00,0x00,0x3f,0xff,0x30,0x00,0x00,0x00,0x3f,0xff,0x30,0x00,0x00,0x00,
  0x3f,0xff,0x30,0x00,0x00,0x00,0x3f,0xff,0x64,0x44,0x44,0x41,0x3f,0xff,0xff,0xff,0xff,0xf5,0x3f,0xff,0xff,0xff,0xff,0xf5,0x3f,0xff,0xff,0xff,0xff,0xf5,0x14,0x44,
  0x44,0x44,0x44,0x41,0x39,0x70,0x00,0x00,0x00,0x00,0x00,0x08,0xfd,0x00,0x00,0x00,0x00,0x00,0x00,0x2f,0xf4,0x00,0x00,0x00,0x00,0x00,0x00,0xbf,0xa0,0x00,0x00,0x00,
  0x00,0x00,0x05,0xff,0x10,0x00,0x00,0x00,0x00,0x00,0x0e,0xf7,0x00,0x00,0x00,0x00,0x00,0x00,0x8f,0xd0,0x00,0x00,0x00,0x00,0x00,0x02,0xff,0x40,0x00,0x00,0x00,0x00,
  0x00,0x0b,0xfa,0x00,0x00,0x00,0x00,0x00,0x00,0x5f,0xf1,0x00,0x00,0x00,0x00,0x00,0x00,0xef,0x70,0x00,0x00,0x00,0x00,0x00,0x08,0xfd,0x00,0x00,0x00,0x00,0x00,0x00,
  0x2f,0xf4,0x00,0x00,0x00,0x00,0x00,0x00,0xbf,0xa0,0x00,0x00,0x00,0x00,0x00,0x05,0xff,0x10,0x00,0x00,0x00,0x00,0x00,0x0e,0xf7,0x00,0x00,0x00,0x00,0x00,0x00,0x8f,
  0xd0,0x00,0x00,0x00,0x00,0x00,0x02,0xff,0x40,0x00,0x00,0x00,0x00,0x00,0x0b,0xfa,0x00,0x00,0x00,0x00,0x00,0x00,0x5f,0xf2,0x00,0x00,0x00,0x00,0x00,0x00,0xef,0x70,
  0x00,0x00,0x00,0x00,0x00,0x08,0xfd,0x00,0x00,0x00,0x00,0x00,0x00,0x2f,0xf4,0x00,0x00,0x00,0x00,0x00,0x00,0xbf,0xa0,0x00,0x00,0x00,0x00,0x00,0x05,0xff,0x20,0x00,
  0x00,0x00,0x00,0x00,0x0d,0xf7,0x00,0x00,0x00,0x00,0x00,0x00,0x8f,0xd0,0x00,0x00,0x00,0x00,0x00,0x02,0xff,0x40,0x00,0x00,0x00,0x00,0x00,0x0b,0xfb,0x00,0x00,0x00,
  0x00,0x00,0x00,0x5f,0xf2,0x00,0x00,0x00,0x00,0x00,0x00,0xdf,0x80,0x00,0x00,0x00,0x00,0x00,0x08,0xc4,0x9f,0xff,0xff,0xff,0xff,0xe9,0xff,0xff,0xff,0xff,0xfe,0x9f,
  0xff,0xff,0xff,0xff,0xe2,0x44,0x44,0x44,0x9f,0xfe,0x00,0x00,0x00,0x07,0xff,0xe0,0x00,0x00,0x00,0x7f,0xfe,0x00,0x00,0x00,0x07,0xff,0xe0,0x00,0x00,0x00,0x7f,0xfe,
  0x00,0x00,0x00,0x07,0xff,0xe0,0x00,0x00,0x00,0x7f,0xfe,0x00,0x00,0x00,0x07,0xff,0xe0,0x00,0x00,0x00,0x7f,0xfe,0x00,0x00,0x00,0x07,0xff,0xe0,0x00,0x00,0x00,0x7f,
  0xfe,0x00,0x00,0x00,0x07,0xff,0xe0,0x00,0x00,0x00,0x7f,0xfe,0x00,0x00,0x00,0x07,0xff,0xe0,0x00,0x00,0x00,0x7f,0xfe,0x00,0x00,0x00,0x07,0xff,0xe0,0x00,0x00,0x00,
  0x7f,0xfe,0x00,0x00,0x00,0x07,0xff,0xe0,0x00,0x00,0x00,0x7f,0xfe,0x00,0x00,0x00,0x07,0xff,0xe0,0x00,0x00,0x00,0x7f,0xfe,0x00,0x00,0x00,0x07,0xff,0xe0,0x00,0x00,
  0x00,0x7f,0xfe,0x00,0x00,0x00,0x07,0xff,0xe0,0x00,0x00,0x00,0x7f,0xfe,0x24,0x44,0x44,0x49,0xff,0xe9,0xff,0xff,0xff,0xff,0xfe,0x9f,0xff,0xff,0xff,0xff,0xe9,0xff,
  0xff,0xff,0xff,0xfe,0x24,0x44,0x44,0x44,0x44,0x30,0x00,0x04,0xef,0xff,0xf4,0x00,0x00,0x02,0xef,0xff,0xff,0xe3,0x00,0x02,0xdf,0xfc,0x3c,0xff,0xe2,0x01,0xdf,0xfb,
  0x10,0x1b,0xff,0xd1,0x8b,0xb9,0x00,0x00,0x08,0xbb,0x80,0xbb,0xbb,0xbb,0xbb,0xbb,0x40,0x7f,0xff,0xfd,0x10,0x00,0x04,0xef,0xff,0xb0,0x00,0x00,0x2d,0xff,0xf8,0x00,
  0x00,0x01,0xbf,0xff,0x60,0x00,0x00,0x08,0xbb,0xb2,0x00,0x00,0x02,0x69,0xbb,0xbb,0xa6,0x10,0x00,0x00,0x00,0x05,0xcf,0xff,0xff,0xff,0xff,0xe7,0x00,0x00,0x01,0xcf,
  0xff,0xff,0xff,0xff,0xff,0xff,0x90,0x00,0x00,0xcf,0xff,0xfc,0x98,0x8b,0xff,0xff,0xf5,0x00,0x00,0x3f,0xe7,0x10,0x00,0x00,0x3e,0xff,0xfc,0x00,0x00,0x07,0x10,0x00,
  0x00,0x00,0x07,0xff,0xff,0x10,0x00,0x00,0x00,0x00,0x00,0x00,0x03,0xff,0xff,0x30,0x00,0x00,0x00,0x00,0x00,0x00,0x01,0xff,0xff,0x40,0x00,0x00,0x02,0x7b,0xcf,0xff,
  0xff,0xff,0xff,0x40,0x00,0x04,0xcf,0xff,0xff,0xff,0xff,0xff,0xff,0x40,0x00,0x7f,0xff,0xff,0xff,0xff,0xff,0xff,0xff,0x40,0x05,0xff,0xff,0xfb,0x74,0x20,0x01,0xff,
  0xff,0x40,0x0d,0xff,0xfe,0x30,0x00,0x00,0x01,0xff,0xff,0x40,0x3f,0xff,0xf6,0x00,0x00,0x00,0x02,0xff,0xff,0x40,0x5f,0xff,0xf2,0x00,0x00,0x00,0x06,0xff,0xff,0x40,
  0x5f,0xff,0xf2,0x00,0x00,0x00,0x1d,0xff,0xff,0x40,0x3f,0xff,0xf8,0x00,0x00,0x01,0xbf,0xff,0xff,0x50,0x0d,0xff,0xff,0x82,0x02,0x6e,0xff,0xef,0xff,0x70,0x05,0xff,
  0xff,0xff,0xff,0xff,0xfc,0x6f,0xff,0x90,0x00,0x7f,0xff,0xff,0xff,0xff,0xd2,0x2f,0xff,0xd0,0x00,0x04,0xdf,0xff,0xff,0xf8,0x10,0x09,0xbb,0xb3,0x00,0x00,0x03,0x58,
  0x64,0x10,0x00,0x00,0x00,0x00,0x44,0x44,0x20,0x00,0x00,0x00,0x00,0x00,0x00,0x00,0x0f,0xff,0xf7,0x00,0x00,0x00,0x00,0x00,0x00,0x00,0x00,0xff,0xff,0x70,0x00,0x00,
  0x00,0x00,0x00,0x00,0x00,0x0f,0xff,0xf7,0x00,0x00,0x00,0x00,0x00,0x00,0x00,0x00,0xff,0xff,0x70,0x00,0x00,0x00,0x00,0x00,0x00,0x00,0x0f,0xff,0xf7,0x00,0x00,0x00,
  0x00,0x00,0x00,0x00,0x00,0xff,0xff,0x70,0x00,0x00,0x00,0x00,0x00,0x00,0x00,0x0f,0xff,0xf7,0x00,0x00,0x00,0x00,0x00,0x00,0x00,0x00,0xff,0xff,0x70,0x00,0x00,0x00,
  0x00,0x00,0x00,0x00,0x0f,0xff,0xf7,0x00,0x26,0xab,0xba,0x72,0x00,0x00,0x00,0xff,0xff,0x71,0x9f,0xff,0xff,0xff,0xf9,0x10,0x00,0x0f,0xff,0xf8,0xcf,0xff,0xff,0xff,
  0xff,0xfd,0x20,0x00,0xff,0xff,0xff,0xff,0xdb,0xbd,0xff,0xff,0xfd,0x10,0x0f,0xff,0xff,0xfd,0x40,0x00,0x04,0xef,0xff,0xf9,0x00,0xff,0xff,0xfc,0x10,0x00,0x00,0x02,
  0xef,0xff,0xf2,0x0f,0xff,0xfd,0x10,0x00,0x00,0x00,0x07,0xff,0xff,0x80,0xff,0xff,0x70,0x00,0x00,0x00,0x00,0x1e,0xff,0xfd,0x0f,0xff,0xf7,0x00,0x00,0x00,0x00,0x00,
  0xaf,0xff,0xf1,0xff,0xff,0x70,0x00,0x00,0x00,0x00,0x07,0xff,0xff,0x3f,0xff,0xf7,0x00,0x00,0x00,0x00,0x00,0x6f,0xff,0xf3,0xff,0xff,0x70,0x00,0x00,0x00,0x00,0x06,
  0xff,0xff,0x3f,0xff,0xf7,0x00,0x00,0x00,0x00,0x00,0x8f,0xff,0xf2,0xff,0xff,0x70,0x00,0x00,0x00,0x00,0x0a,0xff,0xff,0x0f,0xff,0xfa,0x00,0x00,0x00,0x00,0x01,0xef,
  0xff,0xc0,0xff,0xff,0xf4,0x00,0x00,0x00,0x00,0x8f,0xff,0xf7,0x0f,0xff,0xff,0xe4,0x00,0x00,0x00,0x5f,0xff,0xfe,0x10,0xff,0xff,0xff,0xf9,0x30,0x03,0x9f,0xff,0xff,
  0x70,0x0f,0xff,0xfa,0xff,0xff,0xff,0xff,0xff,0xff,0xb0,0x00,0xff,0xfd,0x08,0xff,0xff,0xff,0xff,0xff,0xa0,0x00,0x0f,0xff,0xa0,0x04,0xbf,0xff,0xff,0xfd,0x50,0x00,
  0x00,0x00,0x00,0x00,0x00,0x25,0x88,0x52,0x00,0x00,0x00,0x00,0x00,0x00,0x00,0x27,0xbb,0xbb,0xb8,0x40,0x00,0x00,0x00,0x00,0x19,0xff,0xff,0xff,0xff,0xfd,0x70,0x00,
  0x00,0x03,0xdf,0xff,0xff,0xff,0xff,0xff,0xfc,0x20,0x00,0x2e,0xff,0xff,0xfc,0xbb,0xdf,0xff,0xff,0x80,0x00,0xcf,0xff,0xfb,0x20,0x00,0x02,0xaf,0xfd,0x10,0x06,0xff,
  0xff,0xb0,0x00,0x00,0x00,0x04,0xe3,0x00,0x0c,0xff,0xfe,0x10,0x00,0x00,0x00,0x00,0x10,0x00,0x2f,0xff,0xf8,0x00,0x00,0x00,0x00,0x00,0x00,0x00,0x6f,0xff,0xf4,0x00,
  0x00,0x00,0x00,0x00,0x00,0x00,0x8f,0xff,0xf1,0x00,0x00,0x00,0x00,0x00,0x00,0x00,0x9f,0xff,0xf0,0x00,0x00,0x00,0x00,0x00,0x00,0x00,0x9f,0xff,0xf0,0x00,0x00,0x00,
  0x00,0x00,0x00,0x00,0x8f,0xff,0xf1,0x00,0x00,0x00,0x00,0x00,0x00,0x00,0x6f,0xff,0xf4,0x00,0x00,0x00,0x00,0x00,0x00,0x00,0x2f,0xff,0xf9,0x00,0x00,0x00,0x00,0x00,
  0x00,0x00,0x0c,0xff,0xff,0x30,0x00,0x00,0x00,0x00,0x87,0x00,0x06,0xff,0xff,0xd2,0x00,0x00,0x00,0x19,0xff,0x70,0x00,0xbf,0xff,0xfe,0x84,0x01,0x48,0xef,0xff,0xf5,
  0x00,0x2d,0xff,0xff,0xff,0xff,0xff,0xff,0xff,0xd2,0x00,0x02,0xcf,0xff,0xff,0xff,0xff,0xff,0xfa,0x10,0x00,0x00,0x06,0xdf,0xff,0xff,0xff,0xfa,0x30,0x00,0x00,0x00,
  0x00,0x02,0x58,0x88,0x74,0x10,0x00,0x00,0x00,0x00,0x00,0x00,0x00,0x00,0x00,0x00,0x24,0x44,0x30,0x00,0x00,0x00,0x00,0x00,0x00,0x00,0x0a,0xff,0xfc,0x00,0x00,0x00,
  0x00,0x00,0x00,0x00,0x00,0xaf,0xff,0xc0,0x00,0x00,0x00,0x00,0x00,0x00,0x00,0x0a,0xff,0xfc,0x00,0x00,0x00,0x00,0x00,0x00,0x00,0x00,0xaf,0xff,0xc0,0x00,0x00,0x00,
  0x00,0x00,0x00,0x00,0x0a,0xff,0xfc,0x00,0x00,0x00,0x00,0x00,0x00,0x00,0x00,0xaf,0xff,0xc0,0x00,0x00,0x00,0x00,0x00,0x00,0x00,0x0a,0xff,0xfc,0x00,0x00,0x00,0x00,
  0x00,0x00,0x00,0x00,0xaf,0xff,0xc0,0x00,0x00,0x02,0x7b,0xbb,0x96,0x10,0x0a,0xff,0xfc,0x00,0x00,0x2a,0xff,0xff,0xff,0xfe,0x70,0xaf,0xff,0xc0,0x00,0x3e,0xff,0xff,
  0xff,0xff,0xff,0xaa,0xff,0xfc,0x00,0x2e,0xff,0xff,0xfd,0xbb,0xef,0xff,0xff,0xff,0xc0,0x0c,0xff,0xff,0xd3,0x00,0x00,0x6e,0xff,0xff,0xfc,0x05,0xff,0xff,0xd1,0x00,
  0x00,0x00,0x2d,0xff,0xff,0xc0,0xbf,0xff,0xf4,0x00,0x00,0x00,0x00,0x3e,0xff,0xfc,0x1f,0xff,0xfc,0x00,0x00,0x00,0x00,0x00,0xaf,0xff,0xc3,0xff,0xff,0x70,0x00,0x00,
  0x00,0x00,0x0a,0xff,0xfc,0x5f,0xff,0xf5,0x00,0x00,0x00,0x00,0x00,0xaf,0xff,0xc6,0xff,0xff,0x40,0x00,0x00,0x00,0x00,0x0a,0xff,0xfc,0x6f,0xff,0xf4,0x00,0x00,0x00,
  0x00,0x00,0xaf,0xff,0xc5,0xff,0xff,0x50,0x00,0x00,0x00,0x00,0x0a,0xff,0xfc,0x3f,0xff,0xf8,0x00,0x00,0x00,0x00,0x00,0xaf,0xff,0xc0,0xef,0xff,0xc0,0x00,0x00,0x00,
  0x00,0x1e,0xff,0xfc,0x0a,0xff,0xff,0x50,0x00,0x00,0x00,0x09,0xff,0xff,0xc0,0x3f,0xff,0xfe,0x20,0x00,0x00,0x07,0xff,0xff,0xfc,0x00,0xaf,0xff,0xfe,0x72,0x00,0x5b,
  0xff,0xff,0xff,0xc0,0x01,0xdf,0xff,0xff,0xff,0xff,0xff,0xfb,0xff,0xfc,0x00,0x01,0xcf,0xff,0xff,0xff,0xff,0xf7,0x5f,0xff,0xc0,0x00,0x00,0x7d,0xff,0xff,0xff,0xb3,
  0x05,0xff,0xfc,0x00,0x00,0x00,0x03,0x68,0x84,0x10,0x00,0x00,0x00,0x00,0x00,0x00,0x00,0x05,0x9b,0xed,0xb8,0x30,0x00,0x00,0x00,0x00,0x00,0x6e,0xff,0xff,0xff,0xff,
  0xb2,0x00,0x00,0x00,0x00,0xaf,0xff,0xff,0xff,0xff,0xff,0xe3,0x00,0x00,0x00,0xaf,0xff,0xfe,0x98,0x8c,0xff,0xff,0xe2,0x00,0x00,0x6f,0xff,0xfa,0x10,0x00,0x04,0xef,
  0xff,0xb0,0x00,0x1e,0xff,0xfb,0x00,0x00,0x00,0x03,0xff,0xff,0x40,0x06,0xff,0xff,0x20,0x00,0x00,0x00,0x0a,0xff,0xf9,0x00,0xbf,0xff,0xb0,0x00,0x00,0x00,0x00,0x6f,
  0xff,0xd0,0x0e,0xff,0xfc,0x88,0x88,0x88,0x88,0x89,0xff,0xff,0x12,0xff,0xff,0xff,0xff,0xff,0xff,0xff,0xff,0xff,0xf3,0x3f,0xff,0xff,0xff,0xff,0xff,0xff,0xff,0xff,
  0xff,0x33,0xff,0xff,0xcb,0xbb,0xbb,0xbb,0xbb,0xbb,0xbb,0xb2,0x2f,0xff,0xf5,0x00,0x00,0x00,0x00,0x00,0x00,0x00,0x00,0xef,0xff,0x80,0x00,0x00,0x00,0x00,0x00,0x00,
  0x00,0x0b,0xff,0xfd,0x00,0x00,0x00,0x00,0x00,0x01,0x00,0x00,0x5f,0xff,0xf8,0x00,0x00,0x00,0x00,0x02,0xe6,0x00,0x00,0xdf,0xff,0xf8,0x00,0x00,0x00,0x04,0xef,0xf6,
  0x00,0x04,0xff,0xff,0xfd,0x64,0x03,0x5b,0xff,0xff,0xf1,0x00,0x06,0xff,0xff,0xff,0xff,0xff,0xff,0xff,0xf5,0x00,0x00,0x05,0xef,0xff,0xff,0xff,0xff,0xff,0xd3,0x00,
  0x00,0x00,0x01,0x9e,0xff,0xff,0xff,0xfd,0x71,0x00,0x00,0x00,0x00,0x00,0x04,0x78,0x88,0x52,0x00,0x00,0x00,0x00,0x00,0x00,0x00,0x00,0x04,0x43,0x00,0x00,0x00,0x00,
  0x00,0x00,0x4b,0xff,0xff,0xfa,0x50,0x00,0x00,0x00,0x09,0xff,0xff,0xff,0xff,0xf2,0x00,0x00,0x00,0x7f,0xff,0xff,0xff,0xff,0xa0,0x00,0x00,0x01,0xff,0xff,0xe7,0x44,
  0x7d,0x30,0x00,0x00,0x06,0xff,0xff,0x50,0x00,0x00,0x00,0x00,0x00,0x0a,0xff,0xfd,0x00,0x00,0x00,0x00,0x00,0x00,0x0c,0xff,0xfa,0x00,0x00,0x00,0x00,0x00,0x00,0x0c,
  0xff,0xfa,0x00,0x00,0x00,0x00,0x34,0x44,0x4d,0xff,0xfb,0x44,0x44,0x44,0x00,0xaf,0xff,0xff,0xff,0xff,0xff,0xff,0xff,0x10,0xaf,0xff,0xff,0xff,0xff,0xff,0xff,0xff,
  0x10,0xaf,0xff,0xff,0xff,0xff,0xff,0xff,0xff,0x10,0x00,0x00,0x0c,0xff,0xfa,0x00,0x00,0x00,0x00,0x00,0x00,0x0c,0xff,0xfa,0x00,0x00,0x00,0x00,0x00,0x00,0x0c,0xff,
  0xfa,0x00,0x00,0x00,0x00,0x00,0x00,0x0c,0xff,0xfa,0x00,0x00,0x00,0x00,0x00,0x00,0x0c,0xff,0xfa,0x00,0x00,0x00,0x00,0x00,0x00,0x0c,0xff,0xfa,0x00,0x00,0x00,0x00,
  0x00,0x00,0x0c,0xff,0xfa,0x00,0x00,0x00,0x00,0x00,0x00,0x0c,0xff,0xfa,0x00,0x00,0x00,0x00,0x00,0x00,0x0c,0xff,0xfa,0x00,0x00,0x00,0x00,0x00,0x00,0x0c,0xff,0xfa,
  0x00,0x00,0x00,0x00,0x00,0x00,0x0c,0xff,0xfa,0x00,0x00,0x00,0x00,0x00,0x00,0x0c,0xff,0xfa,0x00,0x00,0x00,0x00,0x00,0x00,0x0c,0xff,0xfa,0x00,0x00,0x00,0x00,0x00,
  0x00,0x0c,0xff,0xfa,0x00,0x00,0x00,0x00,0x00,0x00,0x0c,0xff,0xfa,0x00,0x00,0x00,0x00,0x00,0x00,0x0c,0xff,0xfa,0x00,0x00,0x00,0x00,0x00,0x00,0x09,0xbb,0xb7,0x00,
  0x00,0x00,0x00,0x00,0x00,0x03,0x8b,0xbb,0x72,0x00,0x34,0x43,0x00,0x03,0xbf,0xff,0xff,0xff,0x81,0xff,0xfc,0x00,0x5e,0xff,0xff,0xff,0xff,0xfd,0xff,0xfc,0x03,0xff,
  0xff,0xff,0xbb,0xff,0xff,0xff,0xfc,0x0d,0xff,0xff,0x70,0x00,0x17,0xff,0xff,0xfc,0x6f,0xff,0xf6,0x00,0x00,0x00,0x5f,0xff,0xfc,0xbf,0xff,0xd0,0x00,0x00,0x00,0x0a,
  0xff,0xfc,0xef,0xff,0x80,0x00,0x00,0x00,0x08,0xff,0xfc,0xff,0xff,0x70,0x00,0x00,0x00,0x08,0xff,0xfc,0xff,0xff,0x80,0x00,0x00,0x00,0x08,0xff,0xfc,0xcf,0xff,0xb0,
  0x00,0x00,0x00,0x0a,0xff,0xfc,0x8f,0xff,0xf3,0x00,0x00,0x00,0x3f,0xff,0xfc,0x2f,0xff,0xfe,0x30,0x00,0x04,0xef,0xff,0xfc,0x07,0xff,0xff,0xfc,0x99,0xcf,0xff,0xff,
  0xfc,0x00,0x9f,0xff,0xff,0xff,0xff,0xff,0xff,0xfc,0x00,0x06,0xef,0xff,0xff,0xff,0x99,0xff,0xfc,0x00,0x00,0x16,0xbd,0xfc,0x94,0x09,0xff,0xfb,0x00,0x00,0x00,0x00,
  0x00,0x00,0x0a,0xff,0xfa,0x00,0x50,0x00,0x00,0x00,0x00,0x1e,0xff,0xf7,0x07,0xfb,0x40,0x00,0x00,0x01,0xbf,0xff,0xf2,0x2e,0xff,0xfe,0xa8,0x88,0xae,0xff,0xff,0xa0,
  0x7f,0xff,0xff,0xff,0xff,0xff,0xff,0xfd,0x10,0x04,0xcf,0xff,0xff,0xff,0xff,0xff,0xb1,0x00,0x00,0x02,0x7b,0xdf,0xff,0xfd,0x94,0x00,0x00,0x44,0x44,0x20,0x00,0x00,
  0x00,0x00,0x00,0x00,0x0f,0xff,0xf7,0x00,0x00,0x00,0x00,0x00,0x00,0x00,0xff,0xff,0x70,0x00,0x00,0x00,0x00,0x00,0x00,0x0f,0xff,0xf7,0x00,0x00,0x00,0x00,0x00,0x00,
  0x00,0xff,0xff,0x70,0x00,0x00,0x00,0x00,0x00,0x00,0x0f,0xff,0xf7,0x00,0x00,0x00,0x00,0x00,0x00,0x00,0xff,0xff,0x70,0x00,0x00,0x00,0x00,0x00,0x00,0x0f,0xff,0xf7,
  0x00,0x00,0x00,0x00,0x00,0x00,0x00,0xff,0xff,0x70,0x00,0x00,0x00,0x00,0x00,0x00,0x0f,0xff,0xf7,0x00,0x02,0x68,0x88,0x50,0x00,0x00,0xff,0xff,0x70,0x2a,0xff,0xff,
  0xff,0xe6,0x00,0x0f,0xff,0xf7,0x3e,0xff,0xff,0xff,0xff,0xf8,0x00,0xff,0xff,0x9e,0xff,0xff,0xff,0xff,0xff,0xf4,0x0f,0xff,0xff,0xff,0xd5,0x21,0x5c,0xff,0xff,0xb0,
  0xff,0xff,0xff,0xa0,0x00,0x00,0x1d,0xff,0xff,0x1f,0xff,0xff,0xb0,0x00,0x00,0x00,0x7f,0xff,0xf3,0xff,0xff,0xf2,0x00,0x00,0x00,0x04,0xff,0xff,0x4f,0xff,0xfa,0x00,
  0x00,0x00,0x00,0x3f,0xff,0xf5,0xff,0xff,0x70,0x00,0x00,0x00,0x02,0xff,0xff,0x5f,0xff,0xf7,0x00,0x00,0x00,0x00,0x2f,0xff,0xf5,0xff,0xff,0x70,0x00,0x00,0x00,0x02,
  0xff,0xff,0x5f,0xff,0xf7,0x00,0x00,0x00,0x00,0x2f,0xff,0xf5,0xff,0xff,0x70,0x00,0x00,0x00,0x02,0xff,0xff,0x5f,0xff,0xf7,0x00,0x00,0x00,0x00,0x2f,0xff,0xf5,0xff,
  0xff,0x70,0x00,0x00,0x00,0x02,0xff,0xff,0x5f,0xff,0xf7,0x00,0x00,0x00,0x00,0x2f,0xff,0xf5,0xff,0xff,0x70,0x00,0x00,0x00,0x02,0xff,0xff,0x5f,0xff,0xf7,0x00,0x00,
  0x00,0x00,0x2f,0xff,0xf5,0xff,0xff,0x70,0x00,0x00,0x00,0x02,0xff,0xff,0x5b,0xbb,0xb5,0x00,0x00,0x00,0x00,0x2b,0xbb,0xb4,0xbb,0xbb,0xaf,0xff,0xfd,0xff,0xff,0xdf,
  0xff,0xfd,0xbb,0xbb,0xa0,0x00,0x00,0x00,0x00,0x00,0x00,0x00,0x34,0x44,0x3c,0xff,0xfa,0xcf,0xff,0xac,0xff,0xfa,0xcf,0xff,0xac,0xff,0xfa,0xcf,0xff,0xac,0xff,0xfa,
  0xcf,0xff,0xac,0xff,0xfa,0xcf,0xff,0xac,0xff,0xfa,0xcf,0xff,0xac,0xff,0xfa,0xcf,0xff,0xac,0xff,0xfa,0xcf,0xff,0xac,0xff,0xfa,0xcf,0xff,0xac,0xff,0xfa,0x9b,0xbb,
  0x80,0x00,0x00,0x08,0xbb,0xbb,0x10,0x00,0x00,0xbf,0xff,0xf2,0x00,0x00,0x0b,0xff,0xff,0x20,0x00,0x00,0xbf,0xff,0xf2,0x00,0x00,0x08,0xbb,0xbb,0x10,0x00,0x00,0x00,
  0x00,0x00,0x00,0x00,0x00,0x00,0x00,0x00,0x00,0x00,0x00,0x00,0x00,0x00,0x00,0x02,0x44,0x43,0x00,0x00,0x00,0x8f,0xff,0xe0,0x00,0x00,0x08,0xff,0xfe,0x00,0x00,0x00,
  0x8f,0xff,0xe0,0x00,0x00,0x08,0xff,0xfe,0x00,0x00,0x00,0x8f,0xff,0xe0,0x00,0x00,0x08,0xff,0xfe,0x00,0x00,0x00,0x8f,0xff,0xe0,0x00,0x00,0x08,0xff,0xfe,0x00,0x00,
  0x00,0x8f,0xff,0xe0,0x00,0x00,0x08,0xff,0xfe,0x00,0x00,0x00,0x8f,0xff,0xe0,0x00,0x00,0x08,0xff,0xfe,0x00,0x00,0x00,0x8f,0xff,0xe0,0x00,0x00,0x08,0xff,0xfe,0x00,
  0x00,0x00,0x8f,0xff,0xe0,0x00,0x00,0x09,0xff,0xfe,0x00,0x00,0x00,0xbf,0xff,0xd0,0x00,0x00,0x2f,0xff,0xfb,0x00,0x00,0x5e,0xff,0xff,0x80,0xab,0xff,0xff,0xff,0xf2,
  0x08,0xff,0xff,0xff,0xf6,0x00,0x2f,0xff,0xff,0xe5,0x00,0x00,0xbf,0xda,0x61,0x00,0x00,0x34,0x44,0x20,0x00,0x00,0x00,0x00,0x00,0x00,0x0c,0xff,0xf9,0x00,0x00,0x00,
  0x00,0x00,0x00,0x00,0xcf,0xff,0x90,0x00,0x00,0x00,0x00,0x00,0x00,0x0c,0xff,0xf9,0x00,0x00,0x00,0x00,0x00,0x00,0x00,0xcf,0xff,0x90,0x00,0x00,0x00,0x00,0x00,0x00,
  0x0c,0xff,0xf9,0x00,0x00,0x00,0x00,0x00,0x00,0x00,0xcf,0xff,0x90,0x00,0x00,0x00,0x00,0x00,0x00,0x0c,0xff,0xf9,0x00,0x00,0x00,0x00,0x00,0x00,0x00,0xcf,0xff,0x90,
  0x00,0x00,0x00,0x00,0x00,0x00,0x0c,0xff,0xf9,0x00,0x00,0x00,0x03,0x44,0x44,0x30,0xcf,0xff,0x90,0x00,0x00,0x06,0xff,0xff,0xf5,0x0c,0xff,0xf9,0x00,0x00,0x05,0xff,
  0xff,0xf5,0x00,0xcf,0xff,0x90,0x00,0x05,0xff,0xff,0xf5,0x00,0x0c,0xff,0xf9,0x00,0x05,0xff,0xff,0xf5,0x00,0x00,0xcf,0xff,0x90,0x04,0xff,0xff,0xf5,0x00,0x00,0x0c,
  0xff,0xf9,0x04,0xff,0xff,0xf6,0x00,0x00,0x00,0xcf,0xff,0x94,0xef,0xff,0xf6,0x00,0x00,0x00,0x0c,0xff,0xfc,0xef,0xff,0xf8,0x00,0x00,0x00,0x00,0xcf,0xff,0xff,0xff,
  0xff,0xd1,0x00,0x00,0x00,0x0c,0xff,0xff,0xff,0xff,0xff,0x90,0x00,0x00,0x00,0xcf,0xff,0xff,0xd8,0xff,0xff,0x40,0x00,0x00,0x0c,0xff,0xff,0xd1,0x0c,0xff,0xfe,0x10,
  0x00,0x00,0xcf,0xff,0xd1,0x00,0x3f,0xff,0xfa,0x00,0x00,0x0c,0xff,0xf9,0x00,0x00,0x9f,0xff,0xf5,0x00,0x00,0xcf,0xff,0x90,0x00,0x01,0xef,0xff,0xe2,0x00,0x0c,0xff,
  0xf9,0x00,0x00,0x06,0xff,0xff,0xb0,0x00,0xcf,0xff,0x90,0x00,0x00,0x0c,0xff,0xff,0x60,0x0c,0xff,0xf9,0x00,0x00,0x00,0x3f,0xff,0xfe,0x20,0xcf,0xff,0x90,0x00,0x00,
  0x00,0x8f,0xff,0xfc,0x09,0xbb,0xb7,0x00,0x00,0x00,0x01,0xbb,0xbb,0xb5,0x14,0x44,0x40,0x00,0x05,0xff,0xff,0x20,0x00,0x5f,0xff,0xf2,0x00,0x05,0xff,0xff,0x20,0x00,
  0x5f,0xff,0xf2,0x00,0x05,0xff,0xff,0x20,0x00,0x5f,0xff,0xf2,0x00,0x05,0xff,0xff,0x20,0x00,0x5f,0xff,0xf2,0x00,0x05,0xff,0xff,0x20,0x00,0x5f,0xff,0xf2,0x00,0x05,
  0xff,0xff,0x20,0x00,0x5f,0xff,0xf2,0x00,0x05,0xff,0xff,0x20,0x00,0x5f,0xff,0xf2,0x00,0x05,0xff,0xff,0x20,0x00,0x5f,0xff,0xf2,0x00,0x05,0xff,0xff,0x20,0x00,0x5f,
  0xff,0xf2,0x00,0x05,0xff,0xff,0x20,0x00,0x5f,0xff,0xf2,0x00,0x05,0xff,0xff,0x20,0x00,0x5f,0xff,0xf2,0x00,0x05,0xff,0xff,0x20,0x00,0x5f,0xff,0xf2,0x00,0x05,0xff,
  0xff,0x20,0x00,0x5f,0xff,0xfc,0x88,0x53,0xff,0xff,0xff,0xf7,0x0b,0xff,0xff,0xff,0x50,0x17,0xbb,0xbb,0xb3,0x14,0x44,0x30,0x00,0x58,0x87,0x20,0x00,0x00,0x03,0x88,
  0x85,0x00,0x00,0x5f,0xff,0xc0,0x3d,0xff,0xff,0xf9,0x00,0x02,0xcf,0xff,0xff,0xd3,0x00,0x5f,0xff,0xc3,0xef,0xff,0xff,0xff,0xa0,0x2e,0xff,0xff,0xff,0xff,0x40,0x5f,
  0xff,0xcc,0xff,0xff,0xff,0xff,0xf4,0xbf,0xff,0xff,0xff,0xff,0xd0,0x5f,0xff,0xff,0xf8,0x10,0x6f,0xff,0xfd,0xff,0xc3,0x02,0xbf,0xff,0xf5,0x5f,0xff,0xff,0x80,0x00,
  0x08,0xff,0xff,0xfc,0x10,0x00,0x1e,0xff,0xf9,0x5f,0xff,0xfd,0x00,0x00,0x03,0xff,0xff,0xf3,0x00,0x00,0x0a,0xff,0xfc,0x5f,0xff,0xf6,0x00,0x00,0x00,0xff,0xff,0xb0,
  0x00,0x00,0x07,0xff,0xfd,0x5f,0xff,0xf2,0x00,0x00,0x00,0xef,0xff,0x70,0x00,0x00,0x06,0xff,0xfe,0x5f,0xff,0xf0,0x00,0x00,0x00,0xef,0xff,0x60,0x00,0x00,0x06,0xff,
  0xfe,0x5f,0xff,0xf0,0x00,0x00,0x00,0xef,0xff,0x60,0x00,0x00,0x06,0xff,0xfe,0x5f,0xff,0xf0,0x00,0x00,0x00,0xef,0xff,0x60,0x00,0x00,0x06,0xff,0xfe,0x5f,0xff,0xf0,
  0x00,0x00,0x00,0xef,0xff,0x60,0x00,0x00,0x06,0xff,0xfe,0x5f,0xff,0xf0,0x00,0x00,0x00,0xef,0xff,0x60,0x00,0x00,0x06,0xff,0xfe,0x5f,0xff,0xf0,0x00,0x00,0x00,0xef,
  0xff,0x60,0x00,0x00,0x06,0xff,0xfe,0x5f,0xff,0xf0,0x00,0x00,0x00,0xef,0xff,0x60,0x00,0x00,0x06,0xff,0xfe,0x5f,0xff,0xf0,0x00,0x00,0x00,0xef,0xff,0x60,0x00,0x00,
  0x06,0xff,0xfe,0x5f,0xff,0xf0,0x00,0x00,0x00,0xef,0xff,0x60,0x00,0x00,0x06,0xff,0xfe,0x5f,0xff,0xf0,0x00,0x00,0x00,0xef,0xff,0x60,0x00,0x00,0x06,0xff,0xfe,0x5f,
  0xff,0xf0,0x00,0x00,0x00,0xef,0xff,0x60,0x00,0x00,0x06,0xff,0xfe,0x4b,0xbb,0xb0,0x00,0x00,0x00,0xab,0xbb,0x50,0x00,0x00,0x05,0xbb,0xba,0x44,0x44,0x10,0x00,0x26,
  0x88,0x85,0x00,0x00,0x0e,0xff,0xf5,0x01,0x9f,0xff,0xff,0xfe,0x60,0x00,0xef,0xff,0x53,0xdf,0xff,0xff,0xff,0xff,0x90,0x0e,0xff,0xf7,0xef,0xff,0xff,0xff,0xff,0xff,
  0x50,0xef,0xff,0xff,0xfd,0x62,0x04,0xbf,0xff,0xfc,0x0e,0xff,0xff,0xfb,0x10,0x00,0x00,0xdf,0xff,0xf1,0xef,0xff,0xfc,0x10,0x00,0x00,0x06,0xff,0xff,0x4e,0xff,0xff,
  0x30,0x00,0x00,0x00,0x3f,0xff,0xf5,0xef,0xff,0xb0,0x00,0x00,0x00,0x02,0xff,0xff,0x6e,0xff,0xf8,0x00,0x00,0x00,0x00,0x1f,0xff,0xf6,0xef,0xff,0x80,0x00,0x00,0x00,
  0x01,0xff,0xff,0x6e,0xff,0xf8,0x00,0x00,0x00,0x00,0x1f,0xff,0xf6,0xef,0xff,0x80,0x00,0x00,0x00,0x01,0xff,0xff,0x6e,0xff,0xf8,0x00,0x00,0x00,0x00,0x1f,0xff,0xf6,
  0xef,0xff,0x80,0x00,0x00,0x00,0x01,0xff,0xff,0x6e,0xff,0xf8,0x00,0x00,0x00,0x00,0x1f,0xff,0xf6,0xef,0xff,0x80,0x00,0x00,0x00,0x01,0xff,0xff,0x6e,0xff,0xf8,0x00,
  0x00,0x00,0x00,0x1f,0xff,0xf6,0xef,0xff,0x80,0x00,0x00,0x00,0x01,0xff,0xff,0x6e,0xff,0xf8,0x00,0x00,0x00,0x00,0x1f,0xff,0xf6,0xbb,0xbb,0x60,0x00,0x00,0x00,0x01,
  0xbb,0xbb,0x40,0x00,0x00,0x00,0x05,0x9b,0xbb,0xb9,0x50,0x00,0x00,0x00,0x00,0x00,0x07,0xef,0xff,0xff,0xff,0xfd,0x50,0x00,0x00,0x00,0x01,0xcf,0xff,0xff,0xff,0xff,
  0xff,0xfa,0x00,0x00,0x00,0x1d,0xff,0xff,0xfb,0x88,0xcf,0xff,0xff,0xa0,0x00,0x00,0xbf,0xff,0xfc,0x20,0x00,0x04,0xdf,0xff,0xf7,0x00,0x05,0xff,0xff,0xb1,0x00,0x00,
  0x00,0x2e,0xff,0xff,0x20,0x0c,0xff,0xff,0x20,0x00,0x00,0x00,0x05,0xff,0xff,0x80,0x1f,0xff,0xf9,0x00,0x00,0x00,0x00,0x00,0xdf,0xff,0xd0,0x5f,0xff,0xf5,0x00,0x00,
  0x00,0x00,0x00,0x8f,0xff,0xf1,0x7f,0xff,0xf2,0x00,0x00,0x00,0x00,0x00,0x6f,0xff,0xf3,0x7f,0xff,0xf1,0x00,0x00,0x00,0x00,0x00,0x4f,0xff,0xf4,0x7f,0xff,0xf1,0x00,
  0x00,0x00,0x00,0x00,0x5f,0xff,0xf4,0x6f,0xff,0xf3,0x00,0x00,0x00,0x00,0x00,0x6f,0xff,0xf3,0x4f,0xff,0xf6,0x00,0x00,0x00,0x00,0x00,0x9f,0xff,0xf1,0x1e,0xff,0xfc,
  0x00,0x00,0x00,0x00,0x01,0xef,0xff,0xc0,0x0a,0xff,0xff,0x50,0x00,0x00,0x00,0x08,0xff,0xff,0x60,0x02,0xff,0xff,0xe3,0x00,0x00,0x00,0x5f,0xff,0xfe,0x10,0x00,0x8f,
  0xff,0xff,0x83,0x00,0x3a,0xff,0xff,0xf4,0x00,0x00,0x0a,0xff,0xff,0xff,0xff,0xff,0xff,0xff,0x70,0x00,0x00,0x00,0x8f,0xff,0xff,0xff,0xff,0xff,0xe6,0x00,0x00,0x00,
  0x00,0x03,0xaf,0xff,0xff,0xff,0xe9,0x20,0x00,0x00,0x00,0x00,0x00,0x01,0x48,0x88,0x74,0x00,0x00,0x00,0x00,0x44,0x44,0x10,0x01,0x69,0xbb,0xa7,0x20,0x00,0x00,0x0f,
  0xff,0xf2,0x08,0xff,0xff,0xff,0xff,0xb2,0x00,0x00,0xff,0xff,0x3c,0xff,0xff,0xff,0xff,0xff,0xe4,0x00,0x0f,0xff,0xfd,0xff,0xfe,0xbb,0xdf,0xff,0xff,0xf3,0x00,0xff,
  0xff,0xff,0xd5,0x00,0x00,0x3b,0xff,0xff,0xd0,0x0f,0xff,0xff,0xc1,0x00,0x00,0x00,0x0b,0xff,0xff,0x60,0xff,0xff,0xe2,0x00,0x00,0x00,0x00,0x2f,0xff,0xfb,0x0f,0xff,
  0xf9,0x00,0x00,0x00,0x00,0x00,0xbf,0xff,0xf0,0xff,0xff,0x70,0x00,0x00,0x00,0x00,0x08,0xff,0xff,0x2f,0xff,0xf7,0x00,0x00,0x00,0x00,0x00,0x6f,0xff,0xf3,0xff,0xff,
  0x70,0x00,0x00,0x00,0x00,0x06,0xff,0xff,0x4f,0xff,0xf7,0x00,0x00,0x00,0x00,0x00,0x7f,0xff,0xf3,0xff,0xff,0x70,0x00,0x00,0x00,0x00,0x0a,0xff,0xff,0x1f,0xff,0xfa,
  0x00,0x00,0x00,0x00,0x01,0xef,0xff,0xc0,0xff,0xff,0xf8,0x00,0x00,0x00,0x00,0x9f,0xff,0xf8,0x0f,0xff,0xff,0xf9,0x10,0x00,0x00,0x7f,0xff,0xfe,0x10,0xff,0xff,0xff,
  0xfe,0x95,0x58,0xdf,0xff,0xff,0x70,0x0f,0xff,0xfa,0xef,0xff,0xff,0xff,0xff,0xff,0xa0,0x00,0xff,0xff,0x73,0xdf,0xff,0xff,0xff,0xff,0x80,0x00,0x0f,0xff,0xf7,0x01,
  0x6c,0xff,0xff,0xd9,0x20,0x00,0x00,0xff,0xff,0x70,0x00,0x00,0x00,0x00,0x00,0x00,0x00,0x0f,0xff,0xf7,0x00,0x00,0x00,0x00,0x00,0x00,0x00,0x00,0xff,0xff,0x70,0x00,
  0x00,0x00,0x00,0x00,0x00,0x00,0x0f,0xff,0xf7,0x00,0x00,0x00,0x00,0x00,0x00,0x00,0x00,0x00,0x00,0x00,0x38,0xbb,0xb9,0x50,0x00,0x03,0x44,0x30,0x00,0x04,0xcf,0xff,
  0xff,0xff,0xe6,0x00,0xef,0xfc,0x00,0x07,0xff,0xff,0xff,0xff,0xff,0xfa,0x2f,0xff,0xc0,0x06,0xff,0xff,0xff,0xcb,0xbf,0xff,0xfd,0xff,0xfc,0x02,0xef,0xff,0xfa,0x20,
  0x00,0x06,0xef,0xff,0xff,0xc0,0x8f,0xff,0xf9,0x00,0x00,0x00,0x02,0xef,0xff,0xfc,0x0e,0xff,0xfe,0x10,0x00,0x00,0x00,0x04,0xff,0xff,0xc3,0xff,0xff,0x80,0x00,0x00,
  0x00,0x00,0x0b,0xff,0xfc,0x5f,0xff,0xf5,0x00,0x00,0x00,0x00,0x00,0xaf,0xff,0xc6,0xff,0xff,0x40,0x00,0x00,0x00,0x00,0x0a,0xff,0xfc,0x6f,0xff,0xf4,0x00,0x00,0x00,
  0x00,0x00,0xaf,0xff,0xc5,0xff,0xff,0x50,0x00,0x00,0x00,0x00,0x0a,0xff,0xfc,0x3f,0xff,0xf8,0x00,0x00,0x00,0x00,0x00,0xaf,0xff,0xc1,0xff,0xff,0xd0,0x00,0x00,0x00,
  0x00,0x1d,0xff,0xfc,0x0a,0xff,0xff,0x60,0x00,0x00,0x00,0x0a,0xff,0xff,0xc0,0x4f,0xff,0xff,0x50,0x00,0x00,0x1b,0xff,0xff,0xfc,0x00,0x9f,0xff,0xff,0xc8,0x46,0x9e,
  0xff,0xff,0xff,0xc0,0x01,0xcf,0xff,0xff,0xff,0xff,0xff,0xdb,0xff,0xfc,0x00,0x01,0x9f,0xff,0xff,0xff,0xff,0xc2,0xaf,0xff,0xc0,0x00,0x00,0x39,0xdf,0xff,0xfb,0x50,
  0x0a,0xff,0xfc,0x00,0x00,0x00,0x00,0x00,0x00,0x00,0x00,0xaf,0xff,0xc0,0x00,0x00,0x00,0x00,0x00,0x00,0x00,0x0a,0xff,0xfc,0x00,0x00,0x00,0x00,0x00,0x00,0x00,0x00,
  0xaf,0xff,0xc0,0x00,0x00,0x00,0x00,0x00,0x00,0x00,0x0a,0xff,0xfc,0x04,0x44,0x40,0x00,0x06,0xab,0xb8,0x11,0xff,0xff,0x10,0x2c,0xff,0xff,0xe0,0x1f,0xff,0xf0,0x1d,
  0xff,0xff,0xfb,0x01,0xff,0xfe,0x09,0xff,0xff,0xff,0x70,0x1f,0xff,0xd3,0xff,0xfd,0xa8,0xb3,0x01,0xff,0xfc,0xaf,0xf7,0x00,0x00,0x00,0x1f,0xff,0xcf,0xf6,0x00,0x00,
  0x00,0x01,0xff,0xff,0xfb,0x00,0x00,0x00,0x00,0x1f,0xff,0xff,0x30,0x00,0x00,0x00,0x01,0xff,0xff,0xc0,0x00,0x00,0x00,0x00,0x1f,0xff,0xf8,0x00,0x00,0x00,0x00,0x01,
  0xff,0xff,0x50,0x00,0x00,0x00,0x00,0x1f,0xff,0xf5,0x00,0x00,0x00,0x00,0x01,0xff,0xff,0x50,0x00,0x00,0x00,0x00,0x1f,0xff,0xf5,0x00,0x00,0x00,0x00,0x01,0xff,0xff,
  0x50,0x00,0x00,0x00,0x00,0x1f,0xff,0xf5,0x00,0x00,0x00,0x00,0x01,0xff,0xff,0x50,0x00,0x00,0x00,0x00,0x1f,0xff,0xf5,0x00,0x00,0x00,0x00,0x01,0xff,0xff,0x50,0x00,
  0x00,0x00,0x00,0x1b,0xbb,0xb4,0x00,0x00,0x00,0x00,0x00,0x00,0x00,0x16,0xab,0xbb,0xb9,0x62,0x00,0x00,0x00,0x07,0xef,0xff,0xff,0xff,0xff,0xb4,0x00,0x00,0x9f,0xff,
  0xff,0xff,0xff,0xff,0xff,0x80,0x05,0xff,0xff,0xfe,0xbb,0xef,0xff,0xff,0x20,0x0b,0xff,0xff,0x60,0x00,0x02,0x8e,0xf7,0x00,0x0e,0xff,0xfb,0x00,0x00,0x00,0x01,0x90,
  0x00,0x0e,0xff,0xfd,0x00,0x00,0x00,0x00,0x00,0x00,0x0c,0xff,0xff,0xb3,0x00,0x00,0x00,0x00,0x00,0x06,0xff,0xff,0xff,0xd8,0x40,0x00,0x00,0x00,0x00,0xaf,0xff,0xff,
  0xff,0xfe,0x92,0x00,0x00,0x00,0x06,0xef,0xff,0xff,0xff,0xff,0x91,0x00,0x00,0x00,0x05,0xaf,0xff,0xff,0xff,0xfd,0x20,0x00,0x00,0x00,0x01,0x6b,0xff,0xff,0xff,0xc0,
  0x00,0x00,0x00,0x00,0x00,0x2a,0xff,0xff,0xf5,0x00,0x00,0x00,0x00,0x00,0x00,0x8f,0xff,0xf9,0x01,0x70,0x00,0x00,0x00,0x00,0x2f,0xff,0xfa,0x0a,0xfc,0x50,0x00,0x00,
  0x00,0x6f,0xff,0xf8,0x4f,0xff,0xfe,0xa8,0x54,0x7a,0xff,0xff,0xf4,0xcf,0xff,0xff,0xff,0xff,0xff,0xff,0xff,0xa0,0x18,0xff,0xff,0xff,0xff,0xff,0xff,0xfc,0x10,0x00,
  0x28,0xdf,0xff,0xff,0xff,0xfd,0x60,0x00,0x00,0x00,0x02,0x48,0x88,0x84,0x20,0x00,0x00,0x00,0x00,0x00,0x00,0x31,0x00,0x00,0x00,0x00,0x00,0x00,0x4b,0xf2,0x00,0x00,
  0x00,0x00,0x00,0x1c,0xff,0xf2,0x00,0x00,0x00,0x00,0x00,0x3f,0xff,0xf2,0x00,0x00,0x00,0x00,0x00,0x3f,0xff,0xf2,0x00,0x00,0x00,0x00,0x00,0x3f,0xff,0xf2,0x00,0x00,
  0x00,0x34,0x44,0x6f,0xff,0xf5,0x44,0x44,0x41,0xaf,0xff,0xff,0xff,0xff,0xff,0xff,0xf6,0xaf,0xff,0xff,0xff,0xff,0xff,0xff,0xf6,0xaf,0xff,0xff,0xff,0xff,0xff,0xff,
  0xf6,0x00,0x00,0x3f,0xff,0xf2,0x00,0x00,0x00,0x00,0x00,0x3f,0xff,0xf2,0x00,0x00,0x00,0x00,0x00,0x3f,0xff,0xf2,0x00,0x00,0x00,0x00,0x00,0x3f,0xff,0xf2,0x00,0x00,
  0x00,0x00,0x00,0x3f,0xff,0xf2,0x00,0x00,0x00,0x00,0x00,0x3f,0xff,0xf2,0x00,0x00,0x00,0x00,0x00,0x3f,0xff,0xf2,0x00,0x00,0x00,0x00,0x00,0x3f,0xff,0xf2,0x00,0x00,
  0x00,0x00,0x00,0x3f,0xff,0xf2,0x00,0x00,0x00,0x00,0x00,0x3f,0xff,0xf2,0x00,0x00,0x00,0x00,0x00,0x3f,0xff,0xf2,0x00,0x00,0x00,0x00,0x00,0x3f,0xff,0xf2,0x00,0x00,
  0x00,0x00,0x00,0x2f,0xff,0xf4,0x00,0x00,0x10,0x00,0x00,0x1f,0xff,0xfc,0x31,0x5b,0x80,0x00,0x00,0x0b,0xff,0xff,0xff,0xff,0xd0,0x00,0x00,0x03,0xff,0xff,0xff,0xff,
  0xf3,0x00,0x00,0x00,0x4d,0xff,0xff,0xfc,0x50,0x00,0x00,0x00,0x00,0x35,0x74,0x20,0x00,0x44,0x44,0x20,0x00,0x00,0x00,0x01,0x44,0x44,0x1f,0xff,0xf8,0x00,0x00,0x00,
  0x00,0x2f,0xff,0xf5,0xff,0xff,0x80,0x00,0x00,0x00,0x02,0xff,0xff,0x5f,0xff,0xf8,0x00,0x00,0x00,0x00,0x2f,0xff,0xf5,0xff,0xff,0x80,0x00,0x00,0x00,0x02,0xff,0xff,
  0x5f,0xff,0xf8,0x00,0x00,0x00,0x00,0x2f,0xff,0xf5,0xff,0xff,0x80,0x00,0x00,0x00,0x02,0xff,0xff,0x5f,0xff,0xf8,0x00,0x00,0x00,0x00,0x2f,0xff,0xf5,0xff,0xff,0x80,
  0x00,0x00,0x00,0x02,0xff,0xff,0x5f,0xff,0xf8,0x00,0x00,0x00,0x00,0x2f,0xff,0xf5,0xff,0xff,0x80,0x00,0x00,0x00,0x02,0xff,0xff,0x5f,0xff,0xf8,0x00,0x00,0x00,0x00,
  0x2f,0xff,0xf5,0xff,0xff,0x80,0x00,0x00,0x00,0x03,0xff,0xff,0x5f,0xff,0xf8,0x00,0x00,0x00,0x00,0x8f,0xff,0xf5,0xef,0xff,0xa0,0x00,0x00,0x00,0x1e,0xff,0xff,0x5d,
  0xff,0xfe,0x00,0x00,0x00,0x0b,0xff,0xff,0xf5,0x9f,0xff,0xf9,0x00,0x00,0x1b,0xff,0xff,0xff,0x54,0xff,0xff,0xfc,0x88,0x9e,0xff,0xde,0xff,0xf5,0x0a,0xff,0xff,0xff,
  0xff,0xff,0xe3,0xdf,0xff,0x50,0x1c,0xff,0xff,0xff,0xff,0xd3,0x0d,0xff,0xf5,0x00,0x07,0xdf,0xff,0xfd,0x71,0x00,0xab,0xbb,0x40,0x00,0x00,0x14,0x41,0x00,0x00,0x00,
  0x00,0x00,0x34,0x44,0x40,0x00,0x00,0x00,0x00,0x02,0x44,0x44,0x19,0xff,0xff,0x30,0x00,0x00,0x00,0x00,0xcf,0xff,0xe1,0x3f,0xff,0xf9,0x00,0x00,0x00,0x00,0x3f,0xff,
  0xf9,0x00,0xcf,0xff,0xe0,0x00,0x00,0x00,0x08,0xff,0xff,0x30,0x06,0xff,0xff,0x50,0x00,0x00,0x00,0xdf,0xff,0xc0,0x00,0x1e,0xff,0xfa,0x00,0x00,0x00,0x4f,0xff,0xf6,
  0x00,0x00,0x8f,0xff,0xf1,0x00,0x00,0x09,0xff,0xfe,0x00,0x00,0x02,0xff,0xff,0x60,0x00,0x01,0xef,0xff,0x80,0x00,0x00,0x0b,0xff,0xfb,0x00,0x00,0x5f,0xff,0xf2,0x00,
  0x00,0x00,0x5f,0xff,0xf2,0x00,0x0b,0xff,0xfb,0x00,0x00,0x00,0x00,0xef,0xff,0x70,0x01,0xff,0xff,0x50,0x00,0x00,0x00,0x08,0xff,0xfc,0x00,0x7f,0xff,0xd0,0x00,0x00,
  0x00,0x00,0x2f,0xff,0xf3,0x0c,0xff,0xf8,0x00,0x00,0x00,0x00,0x00,0xaf,0xff,0x82,0xff,0xff,0x20,0x00,0x00,0x00,0x00,0x04,0xff,0xfc,0x6f,0xff,0xa0,0x00,0x00,0x00,
  0x00,0x00,0x0d,0xff,0xfb,0xff,0xf4,0x00,0x00,0x00,0x00,0x00,0x00,0x7f,0xff,0xff,0xfd,0x00,0x00,0x00,0x00,0x00,0x00,0x01,0xff,0xff,0xff,0x70,0x00,0x00,0x00,0x00,
  0x00,0x00,0x0a,0xff,0xff,0xf1,0x00,0x00,0x00,0x00,0x00,0x00,0x00,0x3f,0xff,0xf9,0x00,0x00,0x00,0x00,0x00,0x00,0x00,0x00,0xcf,0xff,0x30,0x00,0x00,0x00,0x00,0x00,
  0x00,0x00,0x02,0x44,0x40,0x00,0x00,0x00,0x00,0x24,0x44,0x30,0x00,0x00,0x00,0x00,0x00,0x00,0x00,0x00,0x00,0x01,0x44,0x44,0x17,0xff,0xff,0x10,0x00,0x00,0x00,0x00,
  0x00,0x00,0x00,0x00,0x00,0x6f,0xff,0xf1,0x2f,0xff,0xf4,0x00,0x00,0x00,0x08,0xbb,0xb4,0x00,0x00,0x00,0x0b,0xff,0xfa,0x00,0xcf,0xff,0x90,0x00,0x00,0x01,0xff,0xff,
  0xa0,0x00,0x00,0x00,0xef,0xff,0x60,0x07,0xff,0xfd,0x00,0x00,0x00,0x6f,0xff,0xfe,0x10,0x00,0x00,0x4f,0xff,0xf1,0x00,0x2f,0xff,0xf2,0x00,0x00,0x0b,0xff,0xff,0xf5,
  0x00,0x00,0x08,0xff,0xfb,0x00,0x00,0xcf,0xff,0x60,0x00,0x02,0xff,0xff,0xff,0xa0,0x00,0x00,0xcf,0xff,0x60,0x00,0x07,0xff,0xfa,0x00,0x00,0x7f,0xff,0xaf,0xff,0x10,
  0x00,0x1f,0xff,0xf1,0x00,0x00,0x3f,0xff,0xe0,0x00,0x0c,0xff,0xe5,0xff,0xf6,0x00,0x05,0xff,0xfb,0x00,0x00,0x00,0xdf,0xff,0x40,0x02,0xff,0xfb,0x2f,0xff,0xb0,0x00,
  0xaf,0xff,0x60,0x00,0x00,0x08,0xff,0xf8,0x00,0x7f,0xff,0x70,0xdf,0xff,0x10,0x0e,0xff,0xf2,0x00,0x00,0x00,0x3f,0xff,0xc0,0x0d,0xff,0xf2,0x08,0xff,0xf6,0x03,0xff,
  0xfc,0x00,0x00,0x00,0x00,0xdf,0xff,0x12,0xff,0xfb,0x00,0x2f,0xff,0xb0,0x7f,0xff,0x70,0x00,0x00,0x00,0x08,0xff,0xf4,0x6f,0xff,0x60,0x00,0xcf,0xfe,0x0b,0xff,0xf2,
  0x00,0x00,0x00,0x00,0x3f,0xff,0x89,0xff,0xf1,0x00,0x07,0xff,0xf3,0xef,0xfc,0x00,0x00,0x00,0x00,0x00,0xdf,0xfb,0xdf,0xfa,0x00,0x00,0x1f,0xff,0x8f,0xff,0x70,0x00,
  0x00,0x00,0x00,0x09,0xff,0xef,0xff,0x50,0x00,0x00,0xbf,0xfe,0xff,0xf2,0x00,0x00,0x00,0x00,0x00,0x4f,0xff,0xff,0xe0,0x00,0x00,0x06,0xff,0xff,0xfc,0x00,0x00,0x00,
  0x00,0x00,0x00,0xef,0xff,0xf9,0x00,0x00,0x00,0x1e,0xff,0xff,0x80,0x00,0x00,0x00,0x00,0x00,0x09,0xff,0xff,0x40,0x00,0x00,0x00,0xaf,0xff,0xf3,0x00,0x00,0x00,0x00,
  0x00,0x00,0x4f,0xff,0xd0,0x00,0x00,0x00,0x05,0xff,0xfd,0x00,0x00,0x00,0x00,0x00,0x00,0x00,0x44,0x43,0x00,0x00,0x00,0x00,0x04,0x44,0x20,0x00,0x00,0x00,0x04,0x44,
  0x44,0x00,0x00,0x00,0x00,0x03,0x44,0x44,0x10,0xaf,0xff,0xf5,0x00,0x00,0x00,0x04,0xff,0xff,0xb0,0x01,0xdf,0xff,0xe1,0x00,0x00,0x01,0xdf,0xff,0xe1,0x00,0x03,0xff,
  0xff,0xa0,0x00,0x00,0x8f,0xff,0xf4,0x00,0x00,0x07,0xff,0xff,0x40,0x00,0x3f,0xff,0xf8,0x00,0x00,0x00,0x0b,0xff,0xfd,0x10,0x0c,0xff,0xfc,0x00,0x00,0x00,0x00,0x2e,
  0xff,0xf9,0x08,0xff,0xfe,0x20,0x00,0x00,0x00,0x00,0x5f,0xff,0xf6,0xff,0xff,0x60,0x00,0x00,0x00,0x00,0x00,0x9f,0xff,0xff,0xff,0xa0,0x00,0x00,0x00,0x00,0x00,0x01,
  0xcf,0xff,0xff,0xd1,0x00,0x00,0x00,0x00,0x00,0x00,0x03,0xff,0xff,0xf5,0x00,0x00,0x00,0x00,0x00,0x00,0x00,0xaf,0xff,0xff,0xb0,0x00,0x00,0x00,0x00,0x00,0x00,0x6f,
  0xff,0xff,0xff,0x70,0x00,0x00,0x00,0x00,0x00,0x2e,0xff,0xfc,0xff,0xff,0x30,0x00,0x00,0x00,0x00,0x0c,0xff,0xfd,0x1c,0xff,0xfd,0x10,0x00,0x00,0x00,0x09,0xff,0xff,
  0x30,0x2f,0xff,0xfa,0x00,0x00,0x00,0x05,0xff,0xff,0x80,0x00,0x7f,0xff,0xf6,0x00,0x00,0x02,0xef,0xff,0xd1,0x00,0x00,0xcf,0xff,0xe2,0x00,0x00,0xbf,0xff,0xf3,0x00,
  0x00,0x03,0xff,0xff,0xc0,0x00,0x8f,0xff,0xf8,0x00,0x00,0x00,0x07,0xff,0xff,0x90,0x2b,0xbb,0xbb,0x10,0x00,0x00,0x00,0x0a,0xbb,0xbb,0x30,0x44,0x44,0x30,0x00,0x00,
  0x00,0x00,0x02,0x44,0x44,0x1c,0xff,0xff,0x30,0x00,0x00,0x00,0x00,0xcf,0xff,0xe1,0x4f,0xff,0xf9,0x00,0x00,0x00,0x00,0x4f,0xff,0xf7,0x00,0xcf,0xff,0xf2,0x00,0x00,
  0x00,0x0c,0xff,0xfe,0x10,0x04,0xff,0xff,0x80,0x00,0x00,0x04,0xff,0xff,0x70,0x00,0x0c,0xff,0xfe,0x10,0x00,0x00,0xbf,0xff,0xe1,0x00,0x00,0x4f,0xff,0xf7,0x00,0x00,
  0x3f,0xff,0xf7,0x00,0x00,0x00,0xcf,0xff,0xd0,0x00,0x0a,0xff,0xfd,0x00,0x00,0x00,0x04,0xff,0xff,0x50,0x02,0xff,0xff,0x60,0x00,0x00,0x00,0x0c,0xff,0xfc,0x00,0x9f,
  0xff,0xd0,0x00,0x00,0x00,0x00,0x4f,0xff,0xf2,0x1e,0xff,0xf6,0x00,0x00,0x00,0x00,0x00,0xcf,0xff,0x76,0xff,0xfd,0x00,0x00,0x00,0x00,0x00,0x04,0xff,0xfc,0xcf,0xff,
  0x60,0x00,0x00,0x00,0x00,0x00,0x0c,0xff,0xff,0xff,0xd0,0x00,0x00,0x00,0x00,0x00,0x00,0x4f,0xff,0xff,0xf5,0x00,0x00,0x00,0x00,0x00,0x00,0x00,0xcf,0xff,0xfd,0x00,
  0x00,0x00,0x00,0x00,0x00,0x00,0x05,0xff,0xff,0x50,0x00,0x00,0x00,0x00,0x00,0x00,0x00,0xaf,0xff,0xc0,0x00,0x00,0x00,0x00,0x00,0x00,0x00,0x5f,0xff,0xf5,0x00,0x00,
  0x00,0x00,0x00,0x00,0x00,0x6e,0xff,0xfc,0x00,0x00,0x00,0x00,0x00,0x0a,0xbb,0xef,0xff,0xff,0x30,0x00,0x00,0x00,0x00,0x00,0xaf,0xff,0xff,0xff,0x70,0x00,0x00,0x00,
  0x00,0x00,0x05,0xff,0xff,0xff,0x70,0x00,0x00,0x00,0x00,0x00,0x00,0x1f,0xff,0xd9,0x30,0x00,0x00,0x00,0x00,0x00,0x00,0x04,0x44,0x44,0x44,0x44,0x44,0x44,0x44,0x20,
  0x0f,0xff,0xff,0xff,0xff,0xff,0xff,0xff,0x70,0x0f,0xff,0xff,0xff,0xff,0xff,0xff,0xff,0x70,0x0f,0xff,0xff,0xff,0xff,0xff,0xff,0xff,0x50,0x04,0x44,0x44,0x44,0x44,
  0x6f,0xff,0xfa,0x00,0x00,0x00,0x00,0x00,0x01,0xdf,0xff,0xd1,0x00,0x00,0x00,0x00,0x00,0x0c,0xff,0xfe,0x20,0x00,0x00,0x00,0x00,0x00,0xaf,0xff,0xf5,0x00,0x00,0x00,
  0x00,0x00,0x06,0xff,0xff,0x90,0x00,0x00,0x00,0x00,0x00,0x3f,0xff,0xfc,0x00,0x00,0x00,0x00,0x00,0x01,0xdf,0xff,0xe2,0x00,0x00,0x00,0x00,0x00,0x0b,0xff,0xff,0x40,
  0x00,0x00,0x00,0x00,0x00,0x8f,0xff,0xf8,0x00,0x00,0x00,0x00,0x00,0x05,0xff,0xff,0xb0,0x00,0x00,0x00,0x00,0x00,0x2e,0xff,0xfd,0x10,0x00,0x00,0x00,0x00,0x01,0xdf,
  0xff,0xe2,0x00,0x00,0x00,0x00,0x00,0x0a,0xff,0xff,0x40,0x00,0x00,0x00,0x00,0x00,0x7f,0xff,0xfe,0xbb,0xbb,0xbb,0xbb,0xbb,0xb3,0xdf,0xff,0xff,0xff,0xff,0xff,0xff,
  0xff,0xf3,0xdf,0xff,0xff,0xff,0xff,0xff,0xff,0xff,0xf3,0xab,0xbb,0xbb,0xbb,0xbb,0xbb,0xbb,0xbb,0xb3,0x00,0x00,0x00,0x05,0x9c,0xff,0xf0,0x00,0x00,0x1b,0xff,0xff,
  0xff,0x00,0x00,0x08,0xff,0xff,0xff,0xf0,0x00,0x00,0xdf,0xff,0x73,0x00,0x00,0x00,0x1f,0xff,0x80,0x00,0x00,0x00,0x02,0xff,0xf4,0x00,0x00,0x00,0x00,0x2f,0xff,0x40,
  0x00,0x00,0x00,0x02,0xff,0xf4,0x00,0x00,0x00,0x00,0x2f,0xff,0x40,0x00,0x00,0x00,0x02,0xff,0xf4,0x00,0x00,0x00,0x00,0x2f,0xff,0x40,0x00,0x00,0x00,0x04,0xff,0xf3,
  0x00,0x00,0x00,0x00,0x8f,0xff,0x10,0x00,0x00,0x00,0x4f,0xff,0xb0,0x00,0x00,0x48,0xcf,0xff,0xf3,0x00,0x00,0x08,0xff,0xff,0xd3,0x00,0x00,0x00,0x8f,0xff,0xfb,0x20,
  0x00,0x00,0x04,0xbe,0xff,0xfe,0x20,0x00,0x00,0x00,0x07,0xff,0xfa,0x00,0x00,0x00,0x00,0x09,0xff,0xf1,0x00,0x00,0x00,0x00,0x4f,0xff,0x30,0x00,0x00,0x00,0x02,0xff,
  0xf4,0x00,0x00,0x00,0x00,0x2f,0xff,0x40,0x00,0x00,0x00,0x02,0xff,0xf4,0x00,0x00,0x00,0x00,0x2f,0xff,0x40,0x00,0x00,0x00,0x02,0xff,0xf4,0x00,0x00,0x00,0x00,0x2f,
  0xff,0x40,0x00,0x00,0x00,0x01,0xff,0xf7,0x00,0x00,0x00,0x00,0x0e,0xff,0xe5,0x00,0x00,0x00,0x00,0x8f,0xff,0xff,0xdb,0x00,0x00,0x01,0xcf,0xff,0xff,0xf0,0x00,0x00,
  0x01,0x6b,0xff,0xff,0x00,0x00,0x00,0x00,0x00,0x14,0x40,0x8f,0x88,0xf8,0x8f,0x88,0xf8,0x8f,0x88,0xf8,0x8f,0x88,0xf8,0x8f,0x88,0xf8,0x8f,0x88,0xf8,0x8f,0x88,0xf8,
  0x8f,0x88,0xf8,0x8f,0x88,0xf8,0x8f,0x88,0xf8,0x8f,0x88,0xf8,0x8f,0x88,0xf8,0x8f,0x88,0xf8,0x8f,0x88,0xf8,0x8f,0x88,0xf8,0x8f,0x88,0xf8,0x8f,0x88,0xf8,0x9f,0xfd,
  0xb6,0x10,0x00,0x00,0x09,0xff,0xff,0xfe,0x30,0x00,0x00,0x9f,0xff,0xff,0xfd,0x00,0x00,0x00,0x02,0x5d,0xff,0xf3,0x00,0x00,0x00,0x00,0x2f,0xff,0x60,0x00,0x00,0x00,
  0x00,0xef,0xf7,0x00,0x00,0x00,0x00,0x0d,0xff,0x80,0x00,0x00,0x00,0x00,0xdf,0xf8,0x00,0x00,0x00,0x00,0x0d,0xff,0x80,0x00,0x00,0x00,0x00,0xdf,0xf8,0x00,0x00,0x00,
  0x00,0x0d,0xff,0x80,0x00,0x00,0x00,0x00,0xdf,0xf9,0x00,0x00,0x00,0x00,0x0b,0xff,0xd0,0x00,0x00,0x00,0x00,0x6f,0xff,0x90,0x00,0x00,0x00,0x00,0xcf,0xff,0xd9,0x70,
  0x00,0x00,0x01,0xbf,0xff,0xfe,0x00,0x00,0x00,0x08,0xff,0xff,0xe0,0x00,0x00,0x0a,0xff,0xff,0xb8,0x00,0x00,0x05,0xff,0xfb,0x10,0x00,0x00,0x00,0xaf,0xfe,0x10,0x00,
  0x00,0x00,0x0d,0xff,0xa0,0x00,0x00,0x00,0x00,0xdf,0xf8,0x00,0x00,0x00,0x00,0x0d,0xff,0x80,0x00,0x00,0x00,0x00,0xdf,0xf8,0x00,0x00,0x00,0x00,0x0d,0xff,0x80,0x00,
  0x00,0x00,0x00,0xdf,0xf8,0x00,0x00,0x00,0x00,0x0e,0xff,0x80,0x00,0x00,0x00,0x02,0xff,0xf7,0x00,0x00,0x00,0x03,0xbf,0xff,0x40,0x00,0x07,0xcf,0xff,0xff,0xe0,0x00,
  0x00,0x9f,0xff,0xff,0xf5,0x00,0x00,0x09,0xff,0xfd,0x92,0x00,0x00,0x00,0x24,0x30,0x00,0x00,0x00,0x00,0x00,0x00,0x14,0x10,0x00,0x00,0x00,0x01,0xaf,0xff,0xc6,0x10,
  0x00,0x21,0x3f,0xff,0xff,0xfe,0xb8,0xbf,0x33,0xa3,0x02,0x6d,0xff,0xff,0xe2,0x00,0x00,0x00,0x03,0x8b,0x82,0x00,0x00,0x18,0xdf,0xfa,0x20,0x00,0x1c,0xff,0xff,0xfe,
  0x30,0x08,0xfe,0x61,0x4c,0xfd,0x00,0xef,0x50,0x00,0x1e,0xf4,0x2f,0xf0,0x00,0x00,0xbf,0x61,0xff,0x20,0x00,0x0c,0xf6,0x0c,0xfa,0x00,0x05,0xff,0x20,0x4f,0xfd,0x8b,
  0xff,0x80,0x00,0x5e,0xff,0xff,0x90,0x00,0x00,0x16,0x87,0x20,0x00,0x01,0x00,0x00,0x00,0x00,0x00,0x00,0x00,0x00,0x10,0x01,0xca,0x00,0x00,0x00,0x00,0x00,0x00,0x00,
  0x3e,0x70,0xcf,0xfa,0x00,0x00,0x00,0x00,0x00,0x00,0x3e,0xff,0x64,0xff,0xfa,0x00,0x00,0x00,0x00,0x00,0x3e,0xff,0xc1,0x04,0xff,0xfa,0x00,0x00,0x00,0x00,0x3e,0xff,
  0xc1,0x00,0x04,0xff,0xfa,0x00,0x00,0x00,0x3e,0xff,0xc1,0x00,0x00,0x04,0xff,0xfa,0x00,0x00,0x3e,0xff,0xc1,0x00,0x00,0x00,0x04,0xff,0xfa,0x00,0x3e,0xff,0xc1,0x00,
  0x00,0x00,0x00,0x04,0xff,0xfa,0x3e,0xff,0xc1,0x00,0x00,0x00,0x00,0x00,0x04,0xff,0xff,0xff,0xc1,0x00,0x00,0x00,0x00,0x00,0x00,0x04,0xff,0xff,0xc1,0x00,0x00,0x00,
  0x00,0x00,0x00,0x00,0x3e,0xff,0xfa,0x00,0x00,0x00,0x00,0x00,0x00,0x00,0x3e,0xff,0xff,0xfa,0x00,0x00,0x00,0x00,0x00,0x00,0x3e,0xff,0xc5,0xff,0xfa,0x00,0x00,0x00,
  0x00,0x00,0x3e,0xff,0xc1,0x04,0xff,0xfa,0x00,0x00,0x00,0x00,0x3e,0xff,0xc1,0x00,0x04,0xff,0xfa,0x00,0x00,0x00,0x3e,0xff,0xc1,0x00,0x00,0x04,0xff,0xfa,0x00,0x00,
  0x3e,0xff,0xc1,0x00,0x00,0x00,0x04,0xff,0xfa,0x00,0x3e,0xff,0xc1,0x00,0x00,0x00,0x00,0x04,0xff,0xfa,0x0c,0xff,0xc1,0x00,0x00,0x00,0x00,0x00,0x04,0xff,0xf6,0x2e,
  0xc1,0x00,0x00,0x00,0x00,0x00,0x00,0x04,0xf9,0x00,0x21,0x00,0x00,0x00,0x00,0x00,0x00,0x00,0x03,0x00,0x00,0x00,0x00,0x00,0x00,0x67,0x20,0x00,0x00,0x00,0x00,0x00,
  0x00,0x00,0x00,0x00,0xaf,0xff,0x30,0x00,0x00,0x00,0x00,0x00,0x00,0x00,0x00,0x1f,0xff,0xfa,0x00,0x00,0x00,0x00,0x00,0x00,0x00,0x00,0x01,0xff,0xff,0x90,0x00,0x00,
  0x00,0x00,0x00,0x00,0x00,0x00,0x08,0xff,0xe2,0x00,0x00,0x00,0x00,0x00,0x00,0x00,0x00,0x00,0x03,0x41,0x00,0x00,0x00,0x00,0x00,0x00,0x00,0x00,0x00,0x00,0x00,0x00,
  0x00,0x00,0x00,0x00,0x00,0x00,0x00,0x00,0x00,0x00,0x00,0x00,0x00,0x00,0x00,0x00,0x00,0x00,0x00,0x00,0x00,0x00,0x00,0x00,0x00,0x00,0x00,0x07,0x88,0x88,0x88,0x88,
  0x88,0x88,0x88,0x88,0x88,0x88,0x84,0xef,0xff,0xff,0xff,0xff,0xff,0xff,0xff,0xff,0xff,0xff,0x8e,0xff,0xff,0xff,0xff,0xff,0xff,0xff,0xff,0xff,0xff,0xf8,0x78,0x88,
  0x88,0x88,0x88,0x88,0x88,0x88,0x88,0x88,0x88,0x40,0x00,0x00,0x00,0x00,0x00,0x00,0x00,0x00,0x00,0x00,0x00,0x00,0x00,0x00,0x00,0x00,0x00,0x00,0x00,0x00,0x00,0x00,
  0x00,0x00,0x00,0x00,0x00,0x00,0x00,0x00,0x00,0x00,0x00,0x00,0x00,0x00,0x00,0x00,0x00,0x13,0x00,0x00,0x00,0x00,0x00,0x00,0x00,0x00,0x00,0x00,0x6f,0xfc,0x10,0x00,
  0x00,0x00,0x00,0x00,0x00,0x00,0x00,0x1f,0xff,0xf8,0x00,0x00,0x00,0x00,0x00,0x00,0x00,0x00,0x02,0xff,0xff,0xa0,0x00,0x00,0x00,0x00,0x00,0x00,0x00,0x00,0x0c,0xff,
  0xf5,0x00,0x00,0x00,0x00,0x00,0x00,0x00,0x00,0x00,0x18,0xa5,0x00,0x00,0x00,0x00,0x00,0x24,0x44,0x40,0x00,0x00,0x01,0x44,0x44,0x10,0x00,0x00,0x04,0x44,0x42,0x9f,
  0xff,0xe0,0x00,0x00,0x04,0xff,0xff,0x40,0x00,0x00,0x0e,0xff,0xf9,0x9f,0xff,0xe0,0x00,0x00,0x04,0xff,0xff,0x40,0x00,0x00,0x0e,0xff,0xf9,0x9f,0xff,0xe0,0x00,0x00,
  0x04,0xff,0xff,0x40,0x00,0x00,0x0e,0xff,0xf9,0x9f,0xff,0xe0,0x00,0x00,0x04,0xff,0xff,0x40,0x00,0x00,0x0e,0xff,0xf9,0x24,0x44,0x40,0x00,0x00,0x01,0x44,0x44,0x10,
  0x00,0x00,0x04,0x44,0x42,0x00,0x18,0xdf,0xfa,0x20,0x00,0x00,0x00,0x00,0x00,0x00,0x00,0x00,0x00,0x00,0x00,0x00,0x1c,0xff,0xff,0xfe,0x30,0x00,0x00,0x00,0x00,0x14,
  0x44,0x44,0x00,0x00,0x00,0x00,0x08,0xfe,0x61,0x4c,0xfd,0x00,0x00,0x00,0x17,0xcf,0xff,0xff,0xff,0xb6,0x10,0x00,0x00,0xef,0x50,0x00,0x1e,0xf4,0x00,0x00,0x6e,0xff,
  0xff,0xff,0xff,0xff,0xfe,0x50,0x00,0x2f,0xf0,0x00,0x00,0xbf,0x60,0x00,0xaf,0xff,0xff,0xff,0xff,0xff,0xff,0xff,0x90,0x01,0xff,0x20,0x00,0x0c,0xf6,0x00,0xbf,0xff,
  0xff,0xe9,0x88,0x89,0xdf,0xff,0xff,0x80,0x0c,0xfa,0x00,0x05,0xff,0x20,0x8f,0xff,0xff,0x70,0x00,0x00,0x00,0x5e,0xff,0xd1,0x00,0x4f,0xfd,0x8b,0xff,0x80,0x4f,0xff,
  0xfe,0x40,0x00,0x00,0x00,0x00,0x1c,0xe3,0x00,0x00,0x5e,0xff,0xff,0x90,0x0c,0xff,0xff,0x50,0x00,0x00,0x00,0x00,0x00,0x14,0x00,0x00,0x00,0x16,0x87,0x20,0x04,0xff,
  0xff,0xb0,0x00,0x00,0x00,0x00,0x00,0x00,0x00,0x00,0x00,0x00,0x00,0x00,0x00,0xaf,0xff,0xf3,0x00,0x00,0x00,0x00,0x00,0x00,0x00,0x00,0x00,0x00,0x00,0x00,0x00,0x0e,
  0xff,0xfd,0x00,0x00,0x00,0x00,0x00,0x00,0x00,0x00,0x00,0x00,0x00,0x00,0x00,0x03,0xff,0xff,0x90,0x00,0x00,0x00,0x00,0x00,0x00,0x00,0x00,0x00,0x00,0x00,0x00,0x00,
  0x6f,0xff,0xf6,0x00,0x00,0x00,0x00,0x00,0x00,0x00,0x00,0x00,0x00,0x00,0x00,0x00,0x07,0xff,0xff,0x40,0x00,0x00,0x00,0x00,0x00,0x00,0x00,0x00,0x00,0x00,0x00,0x00,
  0x00,0x8f,0xff,0xf3,0x00,0x00,0x00,0x00,0x00,0x00,0x00,0x00,0x00,0x00,0x00,0x00,0x00,0x08,0xff,0xff,0x30,0x00,0x00,0x00,0x00,0x00,0x00,0x00,0x00,0x00,0x00,0x00,
  0x00,0x00,0x8f,0xff,0xf3,0x00,0x00,0x00,0x00,0x00,0x00,0x00,0x00,0x00,0x00,0x00,0x00,0x00,0x06,0xff,0xff,0x50,0x00,0x00,0x00,0x00,0x00,0x00,0x00,0x00,0x00,0x00,
  0x00,0x00,0x00,0x4f,0xff,0xf8,0x00,0x00,0x00,0x00,0x00,0x00,0x00,0x00,0x00,0x00,0x00,0x00,0x00,0x01,0xff,0xff,0xc0,0x00,0x00,0x00,0x00,0x00,0x00,0x00,0x00,0x00,
  0x00,0x00,0x00,0x00,0x0c,0xff,0xff,0x30,0x00,0x00,0x00,0x00,0x00,0x00,0x00,0x00,0x00,0x00,0x00,0x00,0x00,0x7f,0xff,0xfa,0x00,0x00,0x00,0x00,0x00,0x00,0x00,0x00,
  0x00,0x00,0x00,0x00,0x00,0x01,0xef,0xff,0xf5,0x00,0x00,0x00,0x00,0x00,0x00,0x26,0x00,0x00,0x00,0x00,0x00,0x00,0x07,0xff,0xff,0xf4,0x00,0x00,0x00,0x00,0x00,0x3d,
  0xf3,0x00,0x00,0x00,0x00,0x00,0x00,0x0c,0xff,0xff,0xf7,0x10,0x00,0x00,0x01,0x8f,0xff,0xc0,0x00,0x00,0x00,0x00,0x00,0x00,0x1d,0xff,0xff,0xfe,0x97,0x46,0x8b,0xff,
  0xff,0xff,0x60,0x00,0x00,0x00,0x00,0x00,0x00,0x2c,0xff,0xff,0xff,0xff,0xff,0xff,0xff,0xff,0x90,0x00,0x00,0x00,0x00,0x00,0x00,0x00,0x18,0xff,0xff,0xff,0xff,0xff,
  0xff,0xfd,0x50,0x00,0x00,0x00,0x00,0x00,0x00,0x00,0x00,0x02,0x9e,0xff,0xff,0xff,0xff,0xb6,0x00,0x00,0x00,0x00,0x00,0x00,0x00,0x00,0x00,0x00,0x00,0x03,0x58,0x88,
  0x64,0x00,0x00,0x00,0x00,0x00,0x00,0x00,0x00,0x1a,0xbb,0x90,0x00,0x00,0x00,0x00,0x00,0x00,0x00,0x00,0x00,0x00,0x00,0x02,0xdf,0xfd,0x20,0x00,0x00,0x00,0x00,0x00,
  0x00,0x00,0x00,0x00,0x00,0x00,0x3e,0xff,0xc1,0x00,0x00,0x00,0x00,0x00,0x00,0x00,0x00,0x00,0x00,0x00,0x05,0xef,0xfc,0x10,0x00,0x00,0x00,0x00,0x00,0x00,0x00,0x00,
  0x00,0x00,0x00,0x6f,0xff,0xb1,0x00,0x00,0x00,0x00,0x00,0x00,0x00,0x00,0x00,0x00,0x00,0x07,0xff,0xfb,0x10,0x00,0x00,0x00,0x00,0x00,0x00,0x00,0x00,0x00,0x00,0x00,
  0x9f,0xff,0xd4,0x44,0x44,0x44,0x44,0x44,0x44,0x44,0x44,0x44,0x44,0x41,0x1a,0xff,0xff,0xff,0xff,0xff,0xff,0xff,0xff,0xff,0xff,0xff,0xff,0xff,0xf3,0x1c,0xff,0xff,
  0xff,0xff,0xff,0xff,0xff,0xff,0xff,0xff,0xff,0xff,0xff,0xf3,0x01,0xbf,0xff,0xe8,0x88,0x88,0x88,0x88,0x88,0x88,0x88,0x88,0x88,0x88,0x82,0x00,0x0a,0xff,0xf9,0x00,
  0x00,0x00,0x00,0x00,0x00,0x00,0x00,0x00,0x00,0x00,0x00,0x00,0x8f,0xff,0xa0,0x00,0x00,0x00,0x00,0x00,0x00,0x00,0x00,0x00,0x00,0x00,0x00,0x07,0xff,0xfa,0x00,0x00,
  0x00,0x00,0x00,0x00,0x00,0x00,0x00,0x00,0x00,0x00,0x00,0x5f,0xff,0xa0,0x00,0x00,0x00,0x00,0x00,0x00,0x00,0x00,0x00,0x00,0x00,0x00,0x04,0xef,0xfb,0x10,0x00,0x00,
  0x00,0x00,0x00,0x00,0x00,0x00,0x00,0x00,0x00,0x00,0x3e,0xff,0xb1,0x00,0x00,0x00,0x00,0x00,0x00,0x00,0x00,0x00,0x00,0x00,0x01,0x10,0x00,0x00,0x00,0x00,0x00,0x00,
  0x0b,0xb0,0x00,0x00,0x00,0x00,0x00,0x00,0x9f,0xf9,0x00,0x00,0x00,0x00,0x00,0x08,0xff,0xff,0x80,0x00,0x00,0x00,0x00,0x6f,0xff,0xff,0xf6,0x00,0x00,0x00,0x05,0xff,
  0xff,0xff,0xff,0x50,0x00,0x00,0x3e,0xff,0xef,0xfe,0xff,0xe3,0x00,0x02,0xef,0xfb,0x6f,0xf6,0xbf,0xfe,0x20,0x2d,0xff,0xb1,0x5f,0xf5,0x1b,0xff,0xd2,0xcf,0xfc,0x10,
  0x5f,0xf5,0x01,0xcf,0xfc,0xdf,0xc1,0x00,0x5f,0xf5,0x00,0x1c,0xfd,0xdd,0x10,0x00,0x5f,0xf5,0x00,0x01,0xdd,0xb1,0x00,0x00,0x5f,0xf5,0x00,0x00,0x1b,0x10,0x00,0x00,
  0x5f,0xf5,0x00,0x00,0x01,0x00,0x00,0x00,0x5f,0xf5,0x00,0x00,0x00,0x00,0x00,0x00,0x5f,0xf5,0x00,0x00,0x00,0x00,0x00,0x00,0x5f,0xf5,0x00,0x00,0x00,0x00,0x00,0x00,
  0x5f,0xf5,0x00,0x00,0x00,0x00,0x00,0x00,0x5f,0xf5,0x00,0x00,0x00,0x00,0x00,0x00,0x5f,0xf5,0x00,0x00,0x00,0x00,0x00,0x00,0x5f,0xf5,0x00,0x00,0x00,0x00,0x00,0x00,
  0x5f,0xf5,0x00,0x00,0x00,0x00,0x00,0x00,0x5f,0xf5,0x00,0x00,0x00,0x00,0x00,0x00,0x5f,0xf5,0x00,0x00,0x00,0x00,0x00,0x00,0x5f,0xf5,0x00,0x00,0x00,0x00,0x00,0x00,
  0x5f,0xf5,0x00,0x00,0x00,0x00,0x00,0x00,0x5f,0xf5,0x00,0x00,0x00,0x00,0x00,0x00,0x5f,0xf5,0x00,0x00,0x00,0x00,0x00,0x00,0x5f,0xf5,0x00,0x00,0x00,0x00,0x00,0x00,
  0x14,0x41,0x00,0x00,0x00,0x00,0x00,0x00,0x00,0x00,0x00,0x00,0x00,0x09,0xbb,0xa1,0x00,0x00,0x00,0x00,0x00,0x00,0x00,0x00,0x00,0x00,0x00,0x00,0x02,0xdf,0xfd,0x20,
  0x00,0x00,0x00,0x00,0x00,0x00,0x00,0x00,0x00,0x00,0x00,0x00,0x1c,0xff,0xe3,0x00,0x00,0x00,0x00,0x00,0x00,0x00,0x00,0x00,0x00,0x00,0x00,0x01,0xcf,0xfe,0x50,0x00,
  0x00,0x00,0x00,0x00,0x00,0x00,0x00,0x00,0x00,0x00,0x00,0x1b,0xff,0xf6,0x00,0x00,0x00,0x00,0x00,0x00,0x00,0x00,0x00,0x00,0x00,0x00,0x01,0xbf,0xff,0x70,0x00,0x14,
  0x44,0x44,0x44,0x44,0x44,0x44,0x44,0x44,0x44,0x44,0x4d,0xff,0xf9,0x00,0x3f,0xff,0xff,0xff,0xff,0xff,0xff,0xff,0xff,0xff,0xff,0xff,0xff,0xff,0xa1,0x3f,0xff,0xff,
  0xff,0xff,0xff,0xff,0xff,0xff,0xff,0xff,0xff,0xff,0xff,0xc1,0x28,0x88,0x88,0x88,0x88,0x88,0x88,0x88,0x88,0x88,0x88,0x8e,0xff,0xfb,0x10,0x00,0x00,0x00,0x00,0x00,
  0x00,0x00,0x00,0x00,0x00,0x00,0x9f,0xff,0xa0,0x00,0x00,0x00,0x00,0x00,0x00,0x00,0x00,0x00,0x00,0x00,0x0a,0xff,0xf8,0x00,0x00,0x00,0x00,0x00,0x00,0x00,0x00,0x00,
  0x00,0x00,0x00,0xaf,0xff,0x70,0x00,0x00,0x00,0x00,0x00,0x00,0x00,0x00,0x00,0x00,0x00,0x0a,0xff,0xf5,0x00,0x00,0x00,0x00,0x00,0x00,0x00,0x00,0x00,0x00,0x00,0x01,
  0xbf,0xfe,0x40,0x00,0x00,0x00,0x00,0x00,0x00,0x00,0x00,0x00,0x00,0x00,0x1b,0xff,0xe3,0x00,0x00,0x00,0x00,0x00,0x00,0x00,0x14,0x41,0x00,0x00,0x00,0x00,0x00,0x00,
  0x5f,0xf5,0x00,0x00,0x00,0x00,0x00,0x00,0x5f,0xf5,0x00,0x00,0x00,0x00,0x00,0x00,0x5f,0xf5,0x00,0x00,0x00,0x00,0x00,0x00,0x5f,0xf5,0x00,0x00,0x00,0x00,0x00,0x00,
  0x5f,0xf5,0x00,0x00,0x00,0x00,0x00,0x00,0x5f,0xf5,0x00,0x00,0x00,0x00,0x00,0x00,0x5f,0xf5,0x00,0x00,0x00,0x00,0x00,0x00,0x5f,0xf5,0x00,0x00,0x00,0x00,0x00,0x00,
  0x5f,0xf5,0x00,0x00,0x00,0x00,0x00,0x00,0x5f,0xf5,0x00,0x00,0x00,0x00,0x00,0x00,0x5f,0xf5,0x00,0x00,0x00,0x00,0x00,0x00,0x5f,0xf5,0x00,0x00,0x00,0x00,0x00,0x00,
  0x5f,0xf5,0x00,0x00,0x00,0x00,0x00,0x00,0x5f,0xf5,0x00,0x00,0x00,0x00,0x00,0x00,0x5f,0xf5,0x00,0x00,0x00,0x00,0x00,0x00,0x5f,0xf5,0x00,0x00,0x00,0xa1,0x00,0x00,
  0x5f,0xf5,0x00,0x00,0x1a,0xdb,0x00,0x00,0x5f,0xf5,0x00,0x00,0xbd,0xdf,0xb0,0x00,0x5f,0xf5,0x00,0x0b,0xfd,0xdf,0xfa,0x00,0x5f,0xf5,0x00,0xaf,0xfd,0x3e,0xff,0xa0,
  0x5f,0xf5,0x0a,0xff,0xe3,0x04,0xff,0xf9,0x5f,0xf5,0x9f,0xff,0x40,0x00,0x5f,0xff,0xdf,0xfd,0xff,0xf5,0x00,0x00,0x07,0xff,0xff,0xff,0xff,0x70,0x00,0x00,0x00,0x8f,
  0xff,0xff,0xf8,0x00,0x00,0x00,0x00,0x0a,0xff,0xff,0xa0,0x00,0x00,0x00,0x00,0x00,0xbf,0xfb,0x00,0x00,0x00,0x00,0x00,0x00,0x1c,0xc1,0x00,0x00,0x00,0x00,0x00,0x00,
  0x01,0x10,0x00,0x00,0x00,0x00,0x00,0x00,0x00,0x00,0x00,0x00,0x03,0x40,0x00,0x00,0x00,0x00,0x00,0x00,0x00,0x00,0x00,0x00,0x00,0x00,0x27,0xbf,0xff,0xff,0xfb,0x72,
  0x00,0x00,0x00,0x00,0x00,0x00,0x00,0x00,0x00,0x2a,0xff,0xff,0xff,0xff,0xff,0xff,0xa2,0x00,0x00,0x00,0x00,0x00,0x00,0x00,0x07,0xff,0xff,0xff,0xfb,0xbf,0xff,0xff,
  0xff,0x70,0x00,0x00,0x00,0x00,0x00,0x01,0xbf,0xff,0xfb,0x51,0x00,0x00,0x15,0xbf,0xff,0xfb,0x10,0x00,0x00,0x00,0x00,0x1c,0xff,0xfb,0x30,0x00,0x00,0x00,0x00,0x03,
  0xcf,0xff,0xc1,0x00,0x00,0x00,0x00,0xbf,0xff,0x70,0x00,0x00,0x00,0x00,0x00,0x00,0x08,0xff,0xfb,0x00,0x00,0x00,0x08,0xff,0xf5,0x00,0x00,0x00,0x00,0x00,0x00,0x00,
  0x00,0x6f,0xff,0x70,0x00,0x00,0x3f,0xff,0x70,0x00,0x00,0x00,0x00,0x00,0x00,0x00,0x00,0x07,0xff,0xf2,0x00,0x00,0xaf,0xfb,0x00,0x00,0x00,0x00,0x00,0x00,0x00,0x00,
  0x00,0x00,0xbf,0xfa,0x00,0x02,0xff,0xf2,0x00,0x00,0x00,0x00,0x00,0x00,0x00,0x00,0x00,0x00,0x3f,0xff,0x20,0x08,0xff,0xa0,0x00,0x00,0x00,0x00,0x00,0x00,0x00,0x00,
  0x00,0x00,0x0a,0xff,0x70,0x0c,0xff,0x40,0x00,0x00,0x00,0x00,0x00,0x00,0x00,0x00,0x00,0x00,0x05,0xff,0xc0,0x0f,0xff,0x10,0x00,0x00,0x00,0x00,0x00,0x00,0x00,0x00,
  0x00,0x00,0x01,0xff,0xf0,0x2f,0xfd,0x00,0x00,0x00,0x00,0x00,0x00,0x00,0x00,0x00,0x00,0x00,0x00,0xdf,0xf2,0x3f,0xfc,0x00,0x00,0x00,0x00,0x00,0x00,0x00,0x00,0x00,
  0x00,0x00,0x00,0xcf,0xf3,0x3f,0xfb,0x00,0x00,0x00,0x00,0x00,0x00,0x00,0x00,0x00,0x00,0x00,0x00,0xcf,0xf3,0x2f,0xfd,0x00,0x00,0x00,0x00,0x00,0x00,0x00,0x00,0x00,
  0x00,0x00,0x00,0xdf,0xf2,0x1f,0xff,0x00,0x00,0x00,0x00,0x00,0x00,0x00,0x00,0x00,0x00,0x00,0x00,0xff,0xf0,0x0d,0xff,0x40,0x00,0x00,0x00,0x00,0x00,0x00,0x00,0x00,
  0x00,0x00,0x04,0xff,0xc0,0x08,0xff,0x90,0x00,0x00,0x00,0x00,0x00,0x00,0x00,0x00,0x00,0x00,0x09,0xff,0x80,0x03,0xff,0xf2,0x00,0x00,0x00,0x00,0x00,0x00,0x00,0x00,
  0x00,0x00,0x2f,0xff,0x30,0x00,0xcf,0xfa,0x00,0x00,0x00,0x00,0x00,0x00,0x00,0x00,0x00,0x00,0xaf,0xfb,0x00,0x00,0x4f,0xff,0x50,0x00,0x00,0x00,0x00,0x00,0x00,0x00,
  0x00,0x05,0xff,0xf3,0x00,0x00,0x09,0xff,0xe4,0x00,0x00,0x00,0x00,0x00,0x00,0x00,0x00,0x4e,0xff,0x90,0x00,0x00,0x01,0xdf,0xfe,0x50,0x00,0x00,0x00,0x00,0x00,0x00,
  0x05,0xef,0xfc,0x10,0x00,0x00,0x00,0x2d,0xff,0xf9,0x10,0x00,0x00,0x00,0x00,0x01,0x9f,0xff,0xd2,0x00,0x00,0x00,0x00,0x02,0xdf,0xff,0xe9,0x30,0x00,0x00,0x03,0x9e,
  0xff,0xfc,0x20,0x00,0x00,0x00,0x00,0x00,0x1a,0xff,0xff,0xfe,0xbb,0xbb,0xef,0xff,0xff,0x91,0x00,0x00,0x00,0x00,0x00,0x00,0x00,0x4c,0xff,0xff,0xff,0xff,0xff,0xff,
  0xc4,0x00,0x00,0x00,0x00,0x00,0x00,0x00,0x00,0x00,0x49,0xdf,0xff,0xff,0xfd,0x94,0x00,0x00,0x00,0x00,0x00,0x00,0x00,0x00,0x00,0x00,0x00,0x01,0x44,0x44,0x10,0x00,
  0x00,0x00,0x00,0x00,0x00,0x00,0x00,0x00,0x00,0x00,0x00,0x00,0x03,0x40,0x00,0x00,0x00,0x00,0x00,0x00,0x00,0x00,0x00,0x00,0x00,0x00,0x27,0xbf,0xff,0xff,0xfb,0x72,
  0x00,0x00,0x00,0x00,0x00,0x00,0x00,0x00,0x00,0x2a,0xff,0xff,0xff,0xff,0xff,0xff,0xa2,0x00,0x00,0x00,0x00,0x00,0x00,0x00,0x07,0xff,0xff,0xff,0xff,0xff,0xff,0xff,
  0xff,0x70,0x00,0x00,0x00,0x00,0x00,0x01,0xbf,0xff,0xff,0xff,0xff,0xff,0xff,0xff,0xff,0xfb,0x10,0x00,0x00,0x00,0x00,0x1c,0xff,0xff,0xff,0xff,0xff,0xff,0xff,0xff,
  0xff,0xff,0xc1,0x00,0x00,0x00,0x00,0xbf,0xff,0xff,0xff,0xff,0xff,0xff,0xff,0xff,0xff,0xff,0xfb,0x00,0x00,0x00,0x08,0xff,0xff,0xff,0xff,0xff,0xff,0xff,0xff,0xff,
  0xff,0xff,0xff,0x70,0x00,0x00,0x3f,0xff,0xff,0xff,0xff,0xff,0xff,0xff,0xff,0xff,0xff,0xff,0xff,0xf2,0x00,0x00,0xaf,0xff,0xff,0xff,0xff,0xff,0xff,0xff,0xff,0xff,
  0xff,0xff,0xff,0xfa,0x00,0x02,0xff,0xff,0xff,0xff,0xff,0xff,0xff,0xff,0xff,0xff,0xff,0xff,0xff,0xff,0x20,0x08,0xff,0xff,0xff,0xff,0xff,0xff,0xff,0xff,0xff,0xff,
  0xff,0xff,0xff,0xff,0x70,0x0c,0xff,0xff,0xff,0xff,0xff,0xff,0xff,0xff,0xff,0xff,0xff,0xff,0xff,0xff,0xc0,0x0f,0xff,0xff,0xff,0xff,0xff,0xff,0xff,0xff,0xff,0xff,
  0xff,0xff,0xff,0xff,0xf0,0x2f,0xff,0xff,0xff,0xff,0xff,0xff,0xff,0xff,0xff,0xff,0xff,0xff,0xff,0xff,0xf2,0x3f,0xff,0xff,0xff,0xff,0xff,0xff,0xff,0xff,0xff,0xff,
  0xff,0xff,0xff,0xff,0xf3,0x3f,0xff,0xff,0xff,0xff,0xff,0xff,0xff,0xff,0xff,0xff,0xff,0xff,0xff,0xff,0xf3,0x2f,0xff,0xff,0xff,0xff,0xff,0xff,0xff,0xff,0xff,0xff,
  0xff,0xff,0xff,0xff,0xf2,0x1f,0xff,0xff,0xff,0xff,0xff,0xff,0xff,0xff,0xff,0xff,0xff,0xff,0xff,0xff,0xf0,0x0d,0xff,0xff,0xff,0xff,0xff,0xff,0xff,0xff,0xff,0xff,
  0xff,0xff,0xff,0xff,0xc0,0x08,0xff,0xff,0xff,0xff,0xff,0xff,0xff,0xff,0xff,0xff,0xff,0xff,0xff,0xff,0x80,0x03,0xff,0xff,0xff,0xff,0xff,0xff,0xff,0xff,0xff,0xff,
  0xff,0xff,0xff,0xff,0x30,0x00,0xcf,0xff,0xff,0xff,0xff,0xff,0xff,0xff,0xff,0xff,0xff,0xff,0xff,0xfb,0x00,0x00,0x4f,0xff,0xff,0xff,0xff,0xff,0xff,0xff,0xff,0xff,
  0xff,0xff,0xff,0xf3,0x00,0x00,0x09,0xff,0xff,0xff,0xff,0xff,0xff,0xff,0xff,0xff,0xff,0xff,0xff,0x90,0x00,0x00,0x01,0xdf,0xff,0xff,0xff,0xff,0xff,0xff,0xff,0xff,
  0xff,0xff,0xfc,0x10,0x00,0x00,0x00,0x2d,0xff,0xff,0xff,0xff,0xff,0xff,0xff,0xff,0xff,0xff,0xd2,0x00,0x00,0x00,0x00,0x02,0xdf,0xff,0xff,0xff,0xff,0xff,0xff,0xff,
  0xff,0xfc,0x20,0x00,0x00,0x00,0x00,0x00,0x1a,0xff,0xff,0xff,0xff,0xff,0xff,0xff,0xff,0x91,0x00,0x00,0x00,0x00,0x00,0x00,0x00,0x4c,0xff,0xff,0xff,0xff,0xff,0xff,
  0xc4,0x00,0x00,0x00,0x00,0x00,0x00,0x00,0x00,0x00,0x49,0xdf,0xff,0xff,0xfd,0x94,0x00,0x00,0x00,0x00,0x00,0x00,0x00,0x00,0x00,0x00,0x00,0x01,0x44,0x44,0x10,0x00,
  0x00,0x00,0x00,0x00,0x00,0x00,0x00,0x00,0x00,0x00,0x00,0x00,0x04,0x40,0x00,0x00,0x00,0x00,0x00,0x00,0x00,0x00,0x00,0x00,0x00,0x00,0x00,0x00,0x0a,0xa0,0x00,0x00,
  0x00,0x00,0x00,0x00,0x00,0x00,0x00,0x00,0x00,0x00,0x00,0x00,0x1e,0xe1,0x00,0x00,0x00,0x00,0x00,0x00,0x00,0x00,0x00,0x00,0x00,0x00,0x00,0x00,0x6f,0xf6,0x00,0x00,
  0x00,0x00,0x00,0x00,0x00,0x00,0x00,0x00,0x00,0x00,0x00,0x00,0xcf,0xfc,0x00,0x00,0x00,0x00,0x00,0x00,0x00,0x00,0x00,0x00,0x00,0x00,0x00,0x02,0xff,0xff,0x20,0x00,
  0x00,0x00,0x00,0x00,0x00,0x00,0x00,0x00,0x00,0x00,0x00,0x08,0xff,0xff,0x80,0x00,0x00,0x00,0x00,0x00,0x00,0x00,0x00,0x00,0x00,0x00,0x00,0x0d,0xff,0xff,0xd0,0x00,
  0x00,0x00,0x00,0x00,0x00,0x00,0x00,0x00,0x00,0x00,0x00,0x4f,0xff,0xff,0xf4,0x00,0x00,0x00,0x00,0x00,0x00,0x00,0x00,0x00,0x00,0x00,0x00,0x9f,0xff,0xff,0xf9,0x00,
  0x00,0x00,0x00,0x00,0x00,0x00,0x00,0x00,0x00,0x00,0x01,0xef,0xff,0xff,0xfe,0x10,0x00,0x00,0x00,0x00,0x00,0x8b,0xbb,0xbb,0xbb,0xbb,0xbc,0xff,0xff,0xff,0xff,0xcb,
  0xbb,0xbb,0xbb,0xbb,0xb8,0x19,0xff,0xff,0xff,0xff,0xff,0xff,0xff,0xff,0xff,0xff,0xff,0xff,0xff,0xff,0xa1,0x00,0x6f,0xff,0xff,0xff,0xff,0xff,0xff,0xff,0xff,0xff,
  0xff,0xff,0xff,0xf6,0x00,0x00,0x03,0xef,0xff,0xff,0xff,0xff,0xff,0xff,0xff,0xff,0xff,0xff,0xfe,0x30,0x00,0x00,0x00,0x1b,0xff,0xff,0xff,0xff,0xff,0xff,0xff,0xff,
  0xff,0xff,0xc1,0x00,0x00,0x00,0x00,0x00,0x8f,0xff,0xff,0xff,0xff,0xff,0xff,0xff,0xff,0xf9,0x00,0x00,0x00,0x00,0x00,0x00,0x05,0xef,0xff,0xff,0xff,0xff,0xff,0xff,
  0xfe,0x60,0x00,0x00,0x00,0x00,0x00,0x00,0x00,0x3e,0xff,0xff,0xff,0xff,0xff,0xff,0xe3,0x00,0x00,0x00,0x00,0x00,0x00,0x00,0x00,0x1f,0xff,0xff,0xff,0xff,0xff,0xff,
  0xf1,0x00,0x00,0x00,0x00,0x00,0x00,0x00,0x00,0x5f,0xff,0xff,0xff,0xff,0xff,0xff,0xf6,0x00,0x00,0x00,0x00,0x00,0x00,0x00,0x00,0xbf,0xff,0xff,0xff,0xff,0xff,0xff,
  0xfb,0x00,0x00,0x00,0x00,0x00,0x00,0x00,0x01,0xff,0xff,0xff,0xff,0xff,0xff,0xff,0xff,0x10,0x00,0x00,0x00,0x00,0x00,0x00,0x06,0xff,0xff,0xff,0xfd,0xdf,0xff,0xff,
  0xff,0x60,0x00,0x00,0x00,0x00,0x00,0x00,0x0b,0xff,0xff,0xff,0xa1,0x1a,0xff,0xff,0xff,0xb0,0x00,0x00,0x00,0x00,0x00,0x00,0x1f,0xff,0xff,0xe6,0x00,0x00,0x6e,0xff,
  0xff,0xf1,0x00,0x00,0x00,0x00,0x00,0x00,0x6f,0xff,0xfc,0x20,0x00,0x00,0x02,0xcf,0xff,0xf6,0x00,0x00,0x00,0x00,0x00,0x00,0xbf,0xff,0x80,0x00,0x00,0x00,0x00,0x08,
  0xff,0xfb,0x00,0x00,0x00,0x00,0x00,0x01,0xff,0xe4,0x00,0x00,0x00,0x00,0x00,0x00,0x4e,0xff,0x10,0x00,0x00,0x00,0x00,0x06,0xfb,0x10,0x00,0x00,0x00,0x00,0x00,0x00,
  0x01,0xbf,0x60,0x00,0x00,0x00,0x00,0x0b,0x70,0x00,0x00,0x00,0x00,0x00,0x00,0x00,0x00,0x07,0xb0,0x00,0x00,0x00,0x00,0x03,0x00,0x00,0x00,0x00,0x00,0x00,0x00,0x00,
  0x00,0x00,0x30,0x00,0x00,0x00,0x00,0x00,0x00,0x00,0x00,0x00,0x04,0x40,0x00,0x00,0x00,0x00,0x00,0x00,0x00,0x00,0x00,0x00,0x00,0x00,0x00,0x00,0x0a,0xa0,0x00,0x00,
  0x00,0x00,0x00,0x00,0x00,0x00,0x00,0x00,0x00,0x00,0x00,0x00,0x1e,0xe1,0x00,0x00,0x00,0x00,0x00,0x00,0x00,0x00,0x00,0x00,0x00,0x00,0x00,0x00,0x6f,0xf6,0x00,0x00,
  0x00,0x00,0x00,0x00,0x00,0x00,0x00,0x00,0x00,0x00,0x00,0x00,0xcf,0xfc,0x00,0x00,0x00,0x00,0x00,0x00,0x00,0x00,0x00,0x00,0x00,0x00,0x00,0x02,0xff,0xff,0x20,0x00,
  0x00,0x00,0x00,0x00,0x00,0x00,0x00,0x00,0x00,0x00,0x00,0x08,0xfe,0xef,0x80,0x00,0x00,0x00,0x00,0x00,0x00,0x00,0x00,0x00,0x00,0x00,0x00,0x0d,0xfa,0xaf,0xd0,0x00,
  0x00,0x00,0x00,0x00,0x00,0x00,0x00,0x00,0x00,0x00,0x00,0x4f,0xf4,0x4f,0xf4,0x00,0x00,0x00,0x00,0x00,0x00,0x00,0x00,0x00,0x00,0x00,0x00,0x9f,0xe0,0x0d,0xf9,0x00,
  0x00,0x00,0x00,0x00,0x00,0x00,0x00,0x00,0x00,0x00,0x01,0xef,0x80,0x08,0xfe,0x10,0x00,0x00,0x00,0x00,0x00,0x8b,0xbb,0xbb,0xbb,0xbb,0xbc,0xff,0x30,0x03,0xff,0xcb,
  0xbb,0xbb,0xbb,0xbb,0xb8,0x19,0xff,0xff,0xff,0xff,0xff,0xfc,0x00,0x00,0xcf,0xff,0xff,0xff,0xff,0xff,0xa1,0x00,0x6f,0xff,0xc8,0x88,0x88,0x84,0x00,0x00,0x48,0x88,
  0x88,0x8c,0xff,0xf6,0x00,0x00,0x03,0xdf,0xf8,0x00,0x00,0x00,0x00,0x00,0x00,0x00,0x00,0x8f,0xfe,0x30,0x00,0x00,0x00,0x1b,0xff,0xc2,0x00,0x00,0x00,0x00,0x00,0x00,
  0x2c,0xff,0xc1,0x00,0x00,0x00,0x00,0x00,0x8f,0xfe,0x40,0x00,0x00,0x00,0x00,0x04,0xef,0xf9,0x00,0x00,0x00,0x00,0x00,0x00,0x05,0xef,0xf8,0x00,0x00,0x00,0x00,0x8f,
  0xfe,0x50,0x00,0x00,0x00,0x00,0x00,0x00,0x00,0x2e,0xfc,0x00,0x00,0x00,0x00,0xcf,0xe3,0x00,0x00,0x00,0x00,0x00,0x00,0x00,0x00,0x1f,0xf7,0x00,0x00,0x00,0x00,0x6f,
  0xf1,0x00,0x00,0x00,0x00,0x00,0x00,0x00,0x00,0x6f,0xf2,0x00,0x01,0x10,0x00,0x1f,0xf6,0x00,0x00,0x00,0x00,0x00,0x00,0x00,0x00,0xbf,0xb0,0x00,0x3d,0xd3,0x00,0x0b,
  0xfb,0x00,0x00,0x00,0x00,0x00,0x00,0x00,0x01,0xff,0x60,0x07,0xff,0xff,0x70,0x05,0xff,0x10,0x00,0x00,0x00,0x00,0x00,0x00,0x06,0xff,0x11,0xaf,0xfd,0xdf,0xfa,0x11,
  0xef,0x60,0x00,0x00,0x00,0x00,0x00,0x00,0x0b,0xfa,0x3d,0xff,0xa1,0x1a,0xff,0xd3,0xaf,0xb0,0x00,0x00,0x00,0x00,0x00,0x00,0x1f,0xfb,0xff,0xe6,0x00,0x00,0x6e,0xff,
  0xbf,0xf1,0x00,0x00,0x00,0x00,0x00,0x00,0x6f,0xff,0xfc,0x20,0x00,0x00,0x02,0xcf,0xff,0xf6,0x00,0x00,0x00,0x00,0x00,0x00,0xbf,0xff,0x80,0x00,0x00,0x00,0x00,0x08,
  0xff,0xfb,0x00,0x00,0x00,0x00,0x00,0x01,0xff,0xe4,0x00,0x00,0x00,0x00,0x00,0x00,0x4e,0xff,0x10,0x00,0x00,0x00,0x00,0x06,0xfb,0x10,0x00,0x00,0x00,0x00,0x00,0x00,
  0x01,0xbf,0x60,0x00,0x00,0x00,0x00,0x0b,0x70,0x00,0x00,0x00,0x00,0x00,0x00,0x00,0x00,0x07,0xb0,0x00,0x00,0x00,0x00,0x03,0x00,0x00,0x00,0x00,0x00,0x00,0x00,0x00,
  0x00,0x00,0x30,0x00,0x00,0x00,0x00,0x27,0xab,0xba,0x61,0x00,0x00,0x00,0x00,0x00,0x00,0x00,0x00,0x00,0x2a,0xff,0xff,0xff,0xff,0x92,0x00,0x00,0x00,0x00,0x00,0x00,
  0x20,0x07,0xff,0xff,0xff,0xff,0xff,0xff,0x81,0x00,0x00,0x00,0x00,0x04,0xe1,0x1f,0xff,0xfc,0x84,0x59,0xef,0xff,0xfd,0x50,0x00,0x00,0x01,0x8f,0xf1,0x1f,0xfb,0x30,
  0x00,0x00,0x17,0xef,0xff,0xfd,0x74,0x45,0x9e,0xff,0xf1,0x1f,0x60,0x00,0x00,0x00,0x00,0x1a,0xff,0xff,0xff,0xff,0xff,0xff,0x90,0x14,0x00,0x00,0x00,0x00,0x00,0x00,
  0x4b,0xff,0xff,0xff,0xff,0xd4,0x00,0x00,0x00,0x00,0x00,0x00,0x00,0x00,0x00,0x28,0xcf,0xfc,0x94,0x00,0x00,0x00,0x28,0xb8,0x20,0x00,0x4e,0xff,0xfe,0x40,0x0d,0xff,
  0xff,0xfd,0x03,0xff,0xff,0xff,0xf3,0x3f,0xff,0xff,0xff,0x30,0xef,0xff,0xff,0xe0,0x05,0xff,0xff,0xf5,0x00,0x03,0xab,0xa4,0x00,0x14,0x44,0x44,0x44,0x44,0x44,0x44,
  0x44,0x44,0x44,0x44,0x44,0x44,0x44,0x43,0x5f,0xff,0xff,0xff,0xff,0xff,0xff,0xff,0xff,0xff,0xff,0xff,0xff,0xff,0xfe,0x5f,0xff,0xff,0xff,0xff,0xff,0xff,0xff,0xff,
  0xff,0xff,0xff,0xff,0xff,0xfe,0x5f,0xff,0xff,0xff,0xff,0xff,0xff,0xff,0xff,0xff,0xff,0xff,0xff,0xff,0xfe,0x14,0x44,0x44,0x44,0x44,0x44,0x44,0x44,0x44,0x44,0x44,
  0x44,0x44,0x44,0x43,0x00,0x00,0x27,0xab,0xba,0x61,0x00,0x00,0x00,0x00,0x00,0x00,0x00,0x00,0x00,0x2a,0xff,0xff,0xff,0xff,0x92,0x00,0x00,0x00,0x00,0x00,0x00,0x20,
  0x07,0xff,0xff,0xff,0xff,0xff,0xff,0x81,0x00,0x00,0x00,0x00,0x04,0xe1,0x1f,0xff,0xfc,0x84,0x59,0xef,0xff,0xfd,0x50,0x00,0x00,0x01,0x8f,0xf1,0x1f,0xfb,0x30,0x00,
  0x00,0x17,0xef,0xff,0xfd,0x74,0x45,0x9e,0xff,0xf1,0x1f,0x60,0x00,0x00,0x00,0x00,0x1a,0xff,0xff,0xff,0xff,0xff,0xff,0x90,0x14,0x00,0x00,0x00,0x00,0x00,0x00,0x4b,
  0xff,0xff,0xff,0xff,0xd4,0x00,0x00,0x00,0x00,0x00,0x00,0x00,0x00,0x00,0x28,0xcf,0xfc,0x94,0x00,0x00,
};
static const ut_face_t UT_MB = {UT_MB_GLYPHS, 112, UT_MB_PX, 34, 30, 4};

